-- Script de Inserção de Dados Gerado Automaticamente

-- Dados para Departamentos
INSERT INTO Departamentos (ID_depart, Nome, ID_gerente) VALUES
(1, 'Recursos Humanos', NULL),
(2, 'Tecnologia da Informação', NULL),
(3, 'Financeiro', NULL),
(4, 'Marketing', NULL),
(5, 'Vendas', NULL),
(6, 'Qualidade', NULL),
(7, 'Atendimento ao Cliente', NULL),
(8, 'Jurídico', NULL);

-- Dados para Funcionarios
INSERT INTO Funcionarios (ID_fun, NIF, Primeiro_nome, Ultimo_nome, Nome_rua, Nome_localidade, Codigo_postal, Num_telemovel, Email, Data_nascimento, Cargo, ID_depart) VALUES
(1, '283684275', 'Raquel', 'Mendes', 'Alameda João Glama', 'Caniço', '5983-395', '(351) 920 663 136', 'evagomes@example.net', '2000-12-22', 'Executivo de Contas', 4),
(2, '283684276', 'Micael', 'Gomes', 'Avenida Reis', 'Penafiel', '5966-936', '(351) 920 522 032', 'epinho@example.com', '1979-07-22', 'Representante de Vendas Interno', 7),
(3, '283684277', 'César', 'Cunha', 'Av de Batista', 'Rebordosa', '2135-320', '+351271824088', 'clara52@example.net', '1991-12-06', 'Analista de Qualidade', 7),
(4, '283684278', 'Carlota', 'Domingues', 'Alameda Paris (Nascente)', 'Santo Tirso', '7091-830', '(351) 928601229', 'florpires@example.org', '1977-05-09', 'Analista Financeiro', 5),
(5, '283684279', 'Valentim', 'Torres', 'Avenida de Borges', 'Peniche', '1788-977', '+351236833846', 'icosta@example.org', '1995-08-02', 'Desenvolvedor de Software Júnior', 5),
(6, '283684280', 'Carolina', 'Pacheco', 'Largo de Vaz', 'Costa da Caparica', '2907-109', '(351) 961 648 036', 'melomateus@example.org', '1975-07-15', 'Técnico de Suporte de TI', 5),
(7, '283684281', 'Ângelo', 'Maia', 'R. das Bolas', 'Vila Nova de Foz Côa', '9724-342', '284178796', 'torresclara@example.net', '1995-06-01', 'Inspetor de Qualidade', 8),
(8, '283684282', 'Melissa', 'Moura', 'Av de Baptista', 'Santo Tirso', '5613-549', '965971442', 'cardososalome@example.com', '1969-04-26', 'Gerente de Vendas', 1),
(9, '283684283', 'Emma', 'Pires', 'Praça de Mendes', 'Aveiro', '2953-294', '922 835 179', 'gomesfabio@example.com', '1970-12-23', 'Inspetor de Qualidade', 2),
(10, '283684284', 'Margarida', 'Nascimento', 'Avenida Vicente', 'Almada', '7426-449', '298053902', 'ivancoelho@example.net', '1961-11-12', 'Executivo de Contas', 5),
(11, '283684285', 'Ângelo', 'Gomes', 'Praça Araújo', 'Gondomar', '5833-537', '(351) 933 719 112', 'netodaniel@example.net', '1985-11-13', 'Analista de Dados', 7),
(12, '283684286', 'Manuel', 'Barbosa', 'Avenida de Martins', 'Maia', '3873-592', '(351) 257536022', 'amorimjoana@example.com', '1977-05-01', 'Assistente Administrativo', 2),
(13, '283684287', 'Marta', 'Antunes', 'R. de Vandoma', 'Barcelos', '4251-783', '(351) 919 437 823', 'aliciapaiva@example.org', '1974-01-11', 'Analista Financeiro', 6),
(14, '283684288', 'Anita', 'Moura', 'Travessa Andrade', 'Espinho', '1211-148', '(351) 917 276 283', 'ggarcia@example.com', '1968-05-08', 'Gerente de Marketing', 8),
(15, '283684289', 'Ismael', 'Pires', 'Avenida da Senhora da Lapa', 'Sacavém', '2751-949', '+351923842180', 'renato17@example.net', '1999-09-18', 'Engenheiro de DevOps', 5),
(16, '283684290', 'Matilde', 'Fernandes', 'Rua Fábio Amaral', 'Vila do Conde', '3066-016', '(351) 927855037', 'henrique30@example.com', '1965-08-11', 'Analista de Mídia Social', 7),
(17, '283684291', 'Ivo', 'Pires', 'Avenida Fonseca', 'Vila Franca de Xira', '6462-496', '910897869', 'wcoelho@example.org', '1977-08-22', 'Gerente Financeiro', 4),
(18, '283684292', 'Mara', 'Rocha', 'Avenida Íris Carneiro', 'Gafanha da Nazaré', '8836-372', '+351922936443', 'carvalhoafonso@example.org', '1971-09-05', 'Assistente Jurídico', 6),
(19, '283684293', 'Paulo', 'Morais', 'Praça das Japoneiras', 'Sacavém', '7620-781', '969051527', 'rcorreia@example.net', '1994-02-05', 'Especialista em Recrutamento', 2),
(20, '283684294', 'Filipa', 'Carvalho', 'Av Mara Soares', 'Gondomar', '4831-677', '963 656 544', 'nleite@example.com', '1991-04-16', 'Supervisor de Atendimento ao Cliente', 1),
(21, '283684295', 'Juliana', 'Ramos', 'R. Nogueira', 'Covilhã', '6900-895', '913561721', 'marcio13@example.com', '1988-05-15', 'Analista de Mídia Social', 2),
(22, '283684296', 'Alexandre', 'Nogueira', 'Travessa de Carneiro', 'Amarante', '9327-822', '+351938757956', 'hmota@example.net', '1962-07-12', 'Engenheiro de DevOps', 4),
(23, '283684297', 'Tiago', 'Branco', 'R. Laura Gonçalves', 'Caniço', '4906-943', '+351250913922', 'brunoandrade@example.net', '1991-02-16', 'Técnico de Suporte de TI', 4),
(24, '283684298', 'Paulo', 'Pinto', 'R. Irmã Lúcia', 'Esposende', '7388-926', '212724145', 'laura70@example.org', '1983-06-18', 'Advogado Corporativo', 5),
(25, '283684299', 'Henrique', 'Henriques', 'Av Sofia Rodrigues', 'Vendas Novas', '6807-433', '(351) 938 185 559', 'angelo17@example.net', '1992-03-02', 'Executivo de Contas', 8),
(26, '283684300', 'Miriam', 'Matias', 'Rua de Marques', 'Cantanhede', '8826-853', '(351) 913216746', 'kellymaia@example.org', '1989-12-30', 'Assistente Jurídico', 6),
(27, '283684301', 'Jéssica', 'Leite', 'Largo de Teixeira', 'Vale de Cambra', '4258-269', '(351) 968562761', 'machadotomas@example.org', '1999-12-12', 'Designer UI/UX', 8),
(28, '283684302', 'Noah', 'Cunha', 'Alameda Diana Silva', 'Santa Comba Dão', '7302-782', '931 665 228', 'cruzmarta@example.org', '1985-10-05', 'Recepcionista', 7),
(29, '283684303', 'Beatriz', 'Neto', 'Largo Ema Anjos', 'Faro', '3905-209', '(351) 287000371', 'marco39@example.com', '1996-01-22', 'Gerente de Projetos', 1),
(30, '283684304', 'Nair', 'Morais', 'Av Castro', 'Rebordosa', '1274-187', '(351) 934 448 535', 'estevesdinis@example.net', '1975-08-15', 'Assistente Jurídico', 2),
(31, '283684305', 'Erika', 'Domingues', 'Avenida Alexandre Brito', 'Praia da Vitória', '7931-495', '(351) 964 336 304', 'luana94@example.net', '1976-09-27', 'Especialista em Sucesso do Cliente', 8),
(32, '283684306', 'Alexandra', 'Maia', 'Avenida das Sereias', 'Alcácer do Sal', '8805-360', '(351) 961 911 433', 'enzopaiva@example.org', '1972-05-16', 'Recepcionista', 4),
(33, '283684307', 'Renata', 'Mendes', 'Praça Fábio Lourenço', 'São Mamede de Infesta', '9562-000', '924 946 923', 'marquesbianca@example.net', '2007-05-16', 'Designer UI/UX', 3),
(34, '283684308', 'Helena', 'Magalhães', 'Alameda Neves', 'Valpaços', '7064-126', '(351) 910451676', 'petracarneiro@example.net', '1966-07-27', 'Desenvolvedor de Software Júnior', 5),
(35, '283684309', 'Francisca', 'Tavares', 'Praça de Garcia', 'Sabugal', '0832-683', '(351) 911626840', 'pilar66@example.org', '1962-07-06', 'Inspetor de Qualidade', 8),
(36, '283684310', 'Kevin', 'Lopes', 'R. da Senhora da Lapa', 'Paredes', '1331-073', '938170018', 'emilia74@example.net', '1984-02-13', 'Desenvolvedor de Software Júnior', 3),
(37, '283684311', 'Madalena', 'Soares', 'Av de Fernandes', 'Pinhel', '1297-165', '964 798 841', 'filipa76@example.com', '1970-12-01', 'Analista de Dados', 1),
(38, '283684312', 'Inês', 'Baptista', 'Alameda de Pinto', 'Guarda', '3585-650', '915 561 727', 'loureirosebastiao@example.org', '1991-11-14', 'Analista Financeiro', 5),
(39, '283684313', 'Emília', 'Leite', 'Largo Professor José Conde', 'Estremoz', '8741-254', '935 907 171', 'ugaspar@example.com', '1967-12-14', 'Analista de Qualidade', 6),
(40, '283684314', 'Bruna', 'Macedo', 'Largo de Soares', 'Espinho', '4391-482', '(351) 914 775 105', 'andreiamota@example.com', '1998-12-19', 'Analista de Mídia Social', 8),
(41, '283684315', 'David', 'Pinheiro', 'Avenida Costa', 'Paços de Ferreira', '3223-479', '+351968444875', 'santosruben@example.com', '1995-12-20', 'Gerente de Vendas', 5),
(42, '283684316', 'Yasmin', 'Garcia', 'Av Pacheco', 'Caldas da Rainha', '6124-881', '(351) 286938607', 'camposlara@example.org', '2001-07-16', 'Inspetor de Qualidade', 6),
(43, '283684317', 'Benedita', 'Vaz', 'Travessa de Estêvão Vasconcelos', 'Peso da Régua', '3203-881', '+351965739171', 'knunes@example.com', '1988-04-24', 'Assistente Jurídico', 1),
(44, '283684318', 'Carlota', 'Pinho', 'Alameda Freitas', 'Praia da Vitória', '2059-078', '(351) 919 281 561', 'ema64@example.org', '1974-02-28', 'Advogado Corporativo', 2),
(45, '283684319', 'Paulo', 'Carneiro', 'Av de Pinto', 'Sintra', '2713-841', '910663934', 'ribeiroluisa@example.net', '1976-04-23', 'Engenheiro de DevOps', 3),
(46, '283684320', 'Mia', 'Ferreira', 'Avenida de Correia', 'Portalegre', '6324-778', '(351) 939 342 127', 'ivanantunes@example.com', '1970-12-21', 'Agente de Atendimento ao Cliente', 4),
(47, '283684321', 'Amélia', 'Amaral', 'R. de Freitas', 'Felgueiras', '1720-153', '+351966893970', 'tomasmota@example.org', '1975-08-07', 'Diretor de Operações (COO)', 4),
(48, '283684322', 'Gabriel', 'Torres', 'Largo Vaz', 'Valongo', '9735-356', '227424685', 'kcunha@example.com', '1960-01-17', 'Especialista em Sucesso do Cliente', 2),
(49, '283684323', 'Micael', 'Leite', 'R. Mauro Rocha', 'Lourosa', '3224-457', '938354463', 'marco17@example.net', '2003-09-03', 'Redator (Copywriter)', 6),
(50, '283684324', 'Luís', 'Cardoso', 'Av do Rego Lameiro', 'Tavira', '8115-078', '(351) 912330618', 'mvalente@example.net', '1976-07-03', 'Inspetor de Qualidade', 3),
(51, '283684325', 'Emília', 'Macedo', 'Rua do Trancão', 'Estremoz', '1718-606', '(351) 968323734', 'macedoteresa@example.org', '1972-11-19', 'Analista de Sistemas', 5),
(52, '283684326', 'Naiara', 'Costa', 'Praça Anjos', 'Torres Novas', '4910-936', '(351) 911 811 830', 'cunhabianca@example.net', '2000-09-25', 'Assistente Jurídico', 1),
(53, '283684327', 'Caetana', 'Cardoso', 'Alameda Melo', 'Angra do Heroísmo', '3498-977', '(351) 225 569 887', 'beatriz58@example.com', '1960-11-14', 'Desenvolvedor de Software Sénior', 6),
(54, '283684328', 'Laura', 'Jesus', 'Largo Neto', 'Vila Nova de Foz Côa', '8085-747', '(351) 962 121 496', 'lamorim@example.org', '1960-03-19', 'Contador', 6),
(55, '283684329', 'Rodrigo', 'Monteiro', 'Rua de Mota', 'Felgueiras', '9236-415', '(351) 962183347', 'matilde35@example.org', '1995-12-15', 'Diretor de Operações (COO)', 2),
(56, '283684330', 'Melissa', 'Pires', 'Largo de Santos', 'Lagos', '5692-263', '214373060', 'acarneiro@example.org', '1964-06-18', 'Especialista em Recrutamento', 5),
(57, '283684331', 'Bruna', 'Amorim', 'Avenida Jesus', 'Oliveira do Hospital', '7798-010', '(351) 930 638 985', 'simoescamila@example.com', '1995-08-19', 'Desenvolvedor de Software Sénior', 1),
(58, '283684332', 'Leonor', 'Cunha', 'Avenida de Pinheiro', 'Faro', '8883-047', '(351) 960 836 377', 'rvalente@example.org', '1961-08-20', 'Assistente Administrativo', 1),
(59, '283684333', 'Yasmin', 'Castro', 'Alameda Pacheco', 'Sines', '3725-451', '(351) 912763549', 'jessicarocha@example.net', '1981-10-02', 'Especialista em Marketing Digital', 8),
(60, '283684334', 'Marco', 'Baptista', 'Rua Nogueira', 'São Mamede de Infesta', '5483-361', '(351) 937590757', 'habreu@example.org', '1994-12-21', 'Executivo de Contas', 3),
(61, '283684335', 'Larissa', 'Cardoso', 'Avenida Kyara Pacheco', 'Oliveira do Hospital', '4397-314', '(351) 211187224', 'madalena18@example.com', '2002-12-15', 'Analista de Mídia Social', 5),
(62, '283684336', 'Eva', 'Araújo', 'Av de Oliveira', 'Caniço', '1307-491', '(351) 919 897 112', 'carolina28@example.org', '2002-08-29', 'Recepcionista', 1),
(63, '283684337', 'Margarida', 'Anjos', 'Travessa de Sobre-o-Douro', 'Sacavém', '1192-853', '(351) 296441095', 'vasco11@example.com', '1985-03-29', 'Analista Financeiro', 8),
(64, '283684338', 'Luísa', 'Andrade', 'Rua Guilherme Machado', 'Marinha Grande', '9049-096', '(351) 229 164 501', 'brian12@example.net', '1964-12-31', 'Analista Financeiro', 4),
(65, '283684339', 'Sara', 'Reis', 'Avenida Emília Neto', 'Vila Nova de Famalicão', '6979-743', '(351) 249 223 828', 'nicolesilva@example.com', '1989-09-28', 'Inspetor de Qualidade', 4),
(66, '283684340', 'Mateus', 'Amorim', 'Av de D. Pedro Pitões', 'Ovar', '0283-916', '264 025 426', 'bryan69@example.net', '2003-03-08', 'Analista de Dados', 3),
(67, '283684341', 'Mafalda', 'Vicente', 'Travessa Mauro Teixeira', 'Cantanhede', '8938-932', '(351) 967701031', 'tiagogarcia@example.net', '1977-03-07', 'Representante de Vendas Interno', 5),
(68, '283684342', 'Caetana', 'Neto', 'R. Manuel Gonçalves Moreira', 'Sacavém', '3235-590', '(351) 274327315', 'lourenco77@example.net', '1982-03-16', 'Designer UI/UX', 7),
(69, '283684343', 'Ana', 'Neves', 'R. de Leite', 'Santa Maria da Feira', '5394-238', '(351) 912 778 565', 'limasalvador@example.org', '1982-09-16', 'Advogado Corporativo', 5),
(70, '283684344', 'Edgar', 'Ribeiro', 'Rua de Sá', 'Castelo Branco', '4554-888', '(351) 934 650 095', 'mendesmara@example.net', '2007-03-25', 'Técnico de Suporte de TI', 5),
(71, '283684345', 'Catarina', 'Gonçalves', 'Rua Vicente', 'Castelo Branco', '9705-261', '+351226840197', 'garciamiriam@example.org', '1980-12-14', 'Agente de Atendimento ao Cliente', 8),
(72, '283684346', 'Rodrigo', 'Fonseca', 'Avenida de Martins', 'Santa Cruz', '0342-950', '+351216134981', 'hugoandrade@example.net', '1996-09-24', 'Analista de Sistemas', 4),
(73, '283684347', 'Gaspar', 'Batista', 'Av do Carregal', 'Espinho', '1479-763', '919 340 471', 'nair60@example.com', '2006-09-24', 'Assistente Administrativo', 4),
(74, '283684348', 'Álvaro', 'Pereira', 'Travessa de Santo António dos Capuchos', 'Oliveira do Bairro', '6033-193', '(351) 922995126', 'nogueiraartur@example.com', '2002-12-31', 'Assistente Jurídico', 5),
(75, '283684349', 'Isabela', 'Assunção', 'Rua Mendes', 'Tomar', '6389-874', '965928056', 'madalenanunes@example.com', '1987-10-20', 'Advogado Corporativo', 8),
(76, '283684350', 'Petra', 'Guerreiro', 'R. da Ilha dos Amores', 'Marinha Grande', '1478-014', '+351913168905', 'lourencobruno@example.org', '1986-08-20', 'Analista de Dados', 5),
(77, '283684351', 'Rui', 'Figueiredo', 'Largo Barros', 'Porto Santo', '6211-546', '(351) 218 325 342', 'xavierleal@example.net', '1973-05-16', 'Contador', 5),
(78, '283684352', 'Enzo', 'Loureiro', 'Alameda das Japoneiras', 'Horta', '9550-151', '(351) 920074126', 'lopesigor@example.net', '1999-02-25', 'Desenvolvedor de Software Sénior', 2),
(79, '283684353', 'Mauro', 'Paiva', 'Alameda António Melo', 'Penafiel', '3345-693', '(351) 915299315', 'tbaptista@example.net', '1997-08-05', 'Especialista em Recrutamento', 3),
(80, '283684354', 'Irina', 'Freitas', 'Avenida de Reis', 'Amarante', '0830-935', '967 369 993', 'marqueskelly@example.com', '1963-02-27', 'Engenheiro de DevOps', 4),
(81, '283684355', 'Vera', 'Vicente', 'R. Cristiano Carneiro', 'Almada', '3598-249', '(351) 917556798', 'azevedoamelia@example.com', '1965-06-11', 'Designer UI/UX', 4),
(82, '283684356', 'Luís', 'Matos', 'Largo de Figueiredo', 'Silves', '9355-207', '(351) 966142920', 'wcampos@example.com', '1978-02-12', 'Advogado Corporativo', 6),
(83, '283684357', 'João', 'Vaz', 'Rua dos Pinheiros ao Parque das Nações', 'Costa da Caparica', '4920-709', '(351) 960914263', 'melanie97@example.org', '2003-06-03', 'Analista Financeiro', 8),
(84, '283684358', 'Lia', 'Gonçalves', 'Largo Isabela Batista', 'Caniço', '2282-551', '928 218 261', 'melomaria@example.net', '1965-09-25', 'Gerente de Vendas', 3),
(85, '283684359', 'Beatriz', 'Machado', 'Av das Olaias', 'Portalegre', '2505-984', '+351231534099', 'zvieira@example.net', '1991-01-15', 'Analista de Dados', 8),
(86, '283684360', 'Micael', 'Neves', 'Praça Emanuel Vieira', 'Caldas da Rainha', '9001-745', '(351) 965861612', 'benedita81@example.org', '1993-01-30', 'Analista de Recursos Humanos', 2),
(87, '283684361', 'Núria', 'Fonseca', 'Alameda Nicole Leite', 'Santiago do Cacém', '7014-694', '(351) 938 848 706', 'lealluna@example.org', '1996-02-06', 'Gerente de Vendas', 6),
(88, '283684362', 'Matias', 'Cardoso', 'Largo Luísa Torres', 'Beja', '2090-585', '+351925819353', 'qlima@example.net', '1986-01-31', 'Especialista em Marketing Digital', 1),
(89, '283684363', 'João', 'Soares', 'Av Maia', 'Lagoa', '8544-806', '(351) 936 598 308', 'danielasantos@example.org', '1977-05-17', 'Analista de Dados', 8),
(90, '283684364', 'César', 'Antunes', 'Travessa Paris (Nascente)', 'Ovar', '0909-582', '(351) 912 977 382', 'lmorais@example.net', '1967-04-26', 'Supervisor de Atendimento ao Cliente', 1),
(91, '283684365', 'Simão', 'Santos', 'Travessa Rita Oliveira', 'Horta', '3306-106', '(351) 926102131', 'liacunha@example.com', '1961-10-30', 'Agente de Atendimento ao Cliente', 7),
(92, '283684366', 'Frederico', 'Lopes', 'Avenida Vasco Abreu', 'Bragança', '4334-431', '(351) 963367926', 'pinheiromargarida@example.net', '1991-05-06', 'Especialista em Sucesso do Cliente', 4),
(93, '283684367', 'Gaspar', 'Azevedo', 'R. Íris Marques', 'Loures', '4125-493', '+351243053660', 'ecampos@example.com', '1961-03-25', 'Diretor de Operações (COO)', 1),
(94, '283684368', 'Diego', 'Araújo', 'Av Fernandes', 'Seixal', '0714-322', '922754192', 'cmatos@example.com', '1964-09-10', 'Gerente Financeiro', 7),
(95, '283684369', 'Lisandro', 'Baptista', 'Largo de Coelho', 'Almeirim', '6983-805', '(351) 917494746', 'isaacloureiro@example.com', '2001-04-29', 'Inspetor de Qualidade', 1),
(96, '283684370', 'Jorge', 'Paiva', 'Praça Correia', 'Olhão', '7393-035', '939618137', 'soareslourenco@example.org', '1982-04-01', 'Analista de Dados', 2),
(97, '283684371', 'Artur', 'Valente', 'Largo Wilson Paiva', 'Rio Maior', '6701-347', '922648158', 'zsantos@example.com', '1967-11-14', 'Desenvolvedor de Software Sénior', 2),
(98, '283684372', 'Kévim', 'Campos', 'Alameda dos Navegadores', 'Câmara de Lobos', '1901-816', '(351) 247082297', 'marcosfernandes@example.com', '1960-02-15', 'Especialista em Sucesso do Cliente', 1),
(99, '283684373', 'Tomé', 'Batista', 'Travessa de Paiva Couceiro', 'Gandra', '7227-779', '(351) 919 357 554', 'eramos@example.com', '1978-07-15', 'Assistente Administrativo', 6),
(100, '283684374', 'Erika', 'Barbosa', 'R. Eduardo Nogueira', 'Portalegre', '7953-057', '(351) 934 131 083', 'moreirawilliam@example.org', '1973-07-17', 'Especialista em Sucesso do Cliente', 3);

-- 3. Atualização dos Gerentes nos Departamentos
UPDATE Departamentos SET ID_gerente = 1 WHERE ID_depart = 1;
UPDATE Departamentos SET ID_gerente = 14 WHERE ID_depart = 2;
UPDATE Departamentos SET ID_gerente = 78 WHERE ID_depart = 3;
UPDATE Departamentos SET ID_gerente = 25 WHERE ID_depart = 4;
UPDATE Departamentos SET ID_gerente = 27 WHERE ID_depart = 5;
UPDATE Departamentos SET ID_gerente = 68 WHERE ID_depart = 6;
UPDATE Departamentos SET ID_gerente = 92 WHERE ID_depart = 7;
UPDATE Departamentos SET ID_gerente = 80 WHERE ID_depart = 8;

-- 4. Inserção das restantes tabelas

-- Dados para Remuneracoes
INSERT INTO Remuneracoes (ID_fun, Data_inicio, Data_fim) VALUES
(1, '2021-09-02', '2022-09-12'),
(1, '2022-09-13', '2024-08-10'),
(2, '2023-03-27', '2024-04-24'),
(2, '2024-04-25', '2025-05-26'),
(2, '2025-05-27', '2025-12-31'),
(3, '2024-01-13', '2025-01-23'),
(3, '2025-01-24', '2025-12-31'),
(4, '2022-07-01', '2023-07-05'),
(4, '2023-07-06', '2024-07-19'),
(4, '2024-07-20', '2025-08-18'),
(4, '2025-08-19', '2025-12-31'),
(5, '2021-08-16', '2022-09-09'),
(5, '2022-09-10', '2023-09-23'),
(5, '2023-09-24', NULL),
(6, '2022-12-25', '2024-01-21'),
(6, '2024-01-22', '2025-01-26'),
(6, '2025-01-27', '2025-12-31'),
(7, '2021-10-26', '2022-06-14'),
(8, '2023-06-23', '2024-12-03'),
(9, '2021-03-11', '2022-02-23'),
(9, '2022-02-24', '2023-03-22'),
(9, '2023-03-23', '2024-04-07'),
(9, '2024-04-08', NULL),
(10, '2024-08-06', '2025-08-29'),
(10, '2025-08-30', '2025-12-31'),
(11, '2024-04-17', '2025-05-17'),
(11, '2025-05-18', '2025-12-31'),
(12, '2021-05-14', NULL),
(13, '2021-03-09', '2022-02-27'),
(13, '2022-02-28', '2023-02-27'),
(13, '2023-02-28', '2024-02-15'),
(13, '2024-02-16', '2025-12-31'),
(14, '2024-10-11', NULL),
(15, '2022-03-13', '2023-03-25'),
(15, '2023-03-26', '2024-10-14'),
(16, '2022-09-27', '2023-10-02'),
(16, '2023-10-03', '2024-10-09'),
(16, '2024-10-10', '2025-11-04'),
(16, '2025-11-05', NULL),
(17, '2021-10-13', '2022-11-04'),
(17, '2022-11-05', '2023-10-25'),
(17, '2023-10-26', '2024-11-02'),
(17, '2024-11-03', NULL),
(18, '2022-02-07', '2023-01-23'),
(18, '2023-01-24', '2024-01-21'),
(18, '2024-01-22', '2025-02-08'),
(18, '2025-02-09', '2025-12-31'),
(19, '2022-01-02', '2023-02-05'),
(19, '2023-02-06', '2024-02-07'),
(19, '2024-02-08', '2025-03-11'),
(19, '2025-03-12', NULL),
(20, '2024-03-17', '2025-03-27'),
(20, '2025-03-28', '2025-12-31'),
(21, '2021-01-16', '2022-10-13'),
(22, '2022-05-07', '2023-05-05'),
(22, '2023-05-06', '2024-04-29'),
(22, '2024-04-30', '2024-12-14'),
(23, '2023-11-01', '2024-11-18'),
(23, '2024-11-19', '2025-12-18'),
(23, '2025-12-19', '2025-12-31'),
(24, '2022-10-10', NULL),
(25, '2021-02-01', '2022-02-12'),
(25, '2022-02-13', NULL),
(26, '2023-01-01', '2023-12-21'),
(26, '2023-12-22', '2025-01-23'),
(26, '2025-01-24', '2025-12-31'),
(27, '2023-02-03', '2024-02-28'),
(27, '2024-02-29', '2024-07-17'),
(28, '2022-10-01', '2023-10-23'),
(28, '2023-10-24', '2024-10-14'),
(28, '2024-10-15', '2025-11-11'),
(28, '2025-11-12', '2025-12-31'),
(29, '2021-08-22', '2022-08-21'),
(29, '2022-08-22', '2023-12-11'),
(30, '2022-08-13', '2023-08-30'),
(30, '2023-08-31', '2024-09-11'),
(30, '2024-09-12', '2025-09-13'),
(30, '2025-09-14', NULL),
(31, '2023-02-10', NULL),
(32, '2024-04-07', '2025-03-27'),
(32, '2025-03-28', '2025-12-31'),
(33, '2024-04-27', '2025-03-14'),
(34, '2024-03-19', NULL),
(35, '2023-12-10', '2024-12-01'),
(35, '2024-12-02', '2025-10-03'),
(36, '2023-05-24', '2023-09-10'),
(37, '2023-05-27', '2024-05-10'),
(37, '2024-05-11', '2025-05-09'),
(37, '2025-05-10', '2025-12-31'),
(38, '2022-05-07', '2023-06-06'),
(38, '2023-06-07', NULL),
(39, '2021-02-02', '2022-01-21'),
(39, '2022-01-22', '2023-10-25'),
(40, '2021-07-28', '2022-08-20'),
(40, '2022-08-21', '2023-08-15'),
(40, '2023-08-16', '2024-09-12'),
(40, '2024-09-13', NULL),
(41, '2022-09-03', '2023-09-18'),
(41, '2023-09-19', '2024-09-27'),
(41, '2024-09-28', NULL),
(42, '2022-10-03', '2023-10-23'),
(42, '2023-10-24', '2024-11-26'),
(42, '2024-11-27', NULL),
(43, '2024-12-24', '2025-12-18'),
(43, '2025-12-19', '2025-12-31'),
(44, '2023-03-19', '2024-10-13'),
(45, '2020-12-14', '2021-11-29'),
(45, '2021-11-30', '2022-12-01'),
(45, '2022-12-02', '2023-12-01'),
(45, '2023-12-02', NULL),
(46, '2021-07-07', '2022-07-25'),
(46, '2022-07-26', '2023-08-19'),
(46, '2023-08-20', '2025-03-02'),
(47, '2022-11-09', '2023-10-24'),
(47, '2023-10-25', '2024-10-19'),
(47, '2024-10-20', '2025-10-26'),
(47, '2025-10-27', '2025-12-31'),
(48, '2024-03-15', '2025-04-04'),
(48, '2025-04-05', '2025-12-31'),
(49, '2024-02-24', NULL),
(50, '2023-04-22', '2024-09-11'),
(51, '2022-07-12', '2023-12-09'),
(52, '2023-04-19', '2024-05-17'),
(52, '2024-05-18', '2025-06-04'),
(52, '2025-06-05', '2025-12-31'),
(53, '2021-09-17', '2022-10-21'),
(53, '2022-10-22', '2023-10-24'),
(53, '2023-10-25', '2025-05-02'),
(54, '2023-09-29', NULL),
(55, '2023-12-30', '2025-01-04'),
(55, '2025-01-05', '2025-12-31'),
(56, '2022-09-01', '2024-01-17'),
(57, '2022-02-22', '2023-03-01'),
(57, '2023-03-02', '2024-02-18'),
(57, '2024-02-19', '2025-12-31'),
(58, '2023-05-22', '2023-12-20'),
(59, '2024-03-06', NULL),
(60, '2023-06-10', '2024-07-29'),
(61, '2022-02-23', '2023-03-29'),
(61, '2023-03-30', '2024-04-13'),
(61, '2024-04-14', '2025-04-06'),
(61, '2025-04-07', '2025-07-07'),
(62, '2024-02-15', '2025-02-11'),
(62, '2025-02-12', '2025-12-31'),
(63, '2021-02-05', '2022-03-02'),
(63, '2022-03-03', '2023-03-11'),
(63, '2023-03-12', '2024-03-02'),
(63, '2024-03-03', '2024-08-14'),
(64, '2024-04-27', '2025-04-27'),
(64, '2025-04-28', '2025-12-31'),
(65, '2022-03-31', '2023-04-14'),
(65, '2023-04-15', '2024-05-14'),
(65, '2024-05-15', NULL),
(66, '2023-07-22', '2024-07-28'),
(66, '2024-07-29', '2025-08-19'),
(66, '2025-08-20', '2025-12-31'),
(67, '2024-11-20', '2025-12-01'),
(67, '2025-12-02', '2025-12-31'),
(68, '2021-08-10', '2022-07-27'),
(68, '2022-07-28', '2023-07-16'),
(68, '2023-07-17', '2024-11-18'),
(69, '2022-02-28', '2023-03-27'),
(69, '2023-03-28', '2024-04-01'),
(69, '2024-04-02', NULL),
(70, '2020-12-23', '2022-01-15'),
(70, '2022-01-16', '2023-01-06'),
(70, '2023-01-07', NULL),
(71, '2021-02-07', '2022-03-09'),
(71, '2022-03-10', '2023-03-15'),
(71, '2023-03-16', '2024-02-28'),
(71, '2024-02-29', NULL),
(72, '2021-08-25', '2022-08-26'),
(72, '2022-08-27', '2023-09-23'),
(72, '2023-09-24', '2024-09-21'),
(72, '2024-09-22', '2025-12-31'),
(73, '2023-08-23', '2024-03-31'),
(74, '2024-03-30', '2025-03-20'),
(74, '2025-03-21', '2025-09-06'),
(75, '2022-02-22', '2023-02-26'),
(75, '2023-02-27', '2024-03-22'),
(75, '2024-03-23', '2025-03-13'),
(75, '2025-03-14', NULL),
(76, '2021-04-27', '2022-05-17'),
(76, '2022-05-18', '2023-05-12'),
(76, '2023-05-13', '2023-09-13'),
(77, '2023-05-19', NULL),
(78, '2023-10-04', '2024-10-28'),
(78, '2024-10-29', '2025-11-14'),
(78, '2025-11-15', '2025-12-31'),
(79, '2023-07-29', '2024-07-23'),
(79, '2024-07-24', '2025-07-15'),
(79, '2025-07-16', NULL),
(80, '2023-04-26', '2024-05-13'),
(80, '2024-05-14', '2025-05-02'),
(80, '2025-05-03', '2025-11-24'),
(81, '2023-01-18', '2024-02-02'),
(81, '2024-02-03', '2025-01-20'),
(81, '2025-01-21', '2025-12-31'),
(82, '2024-01-28', '2025-02-26'),
(82, '2025-02-27', '2025-12-31'),
(83, '2022-09-26', '2023-09-15'),
(83, '2023-09-16', '2024-09-12'),
(83, '2024-09-13', '2025-09-20'),
(83, '2025-09-21', '2025-12-31'),
(84, '2023-06-29', NULL),
(85, '2024-03-21', '2024-07-14'),
(86, '2022-08-26', '2023-09-01'),
(86, '2023-09-02', '2024-09-11'),
(86, '2024-09-12', NULL),
(87, '2024-08-06', '2025-08-03'),
(87, '2025-08-04', NULL),
(88, '2024-06-02', '2025-06-15'),
(88, '2025-06-16', '2025-12-31'),
(89, '2023-09-08', '2024-09-29'),
(89, '2024-09-30', '2025-10-18'),
(89, '2025-10-19', NULL),
(90, '2022-05-19', '2023-06-07'),
(90, '2023-06-08', '2024-06-27'),
(90, '2024-06-28', '2025-12-31'),
(91, '2021-04-19', '2022-04-22'),
(91, '2022-04-23', '2023-05-12'),
(91, '2023-05-13', '2024-05-08'),
(91, '2024-05-09', '2025-11-11'),
(92, '2024-12-29', '2025-12-31'),
(93, '2023-09-06', '2024-09-11'),
(93, '2024-09-12', '2025-09-27'),
(93, '2025-09-28', '2025-12-31'),
(94, '2024-10-09', '2025-10-05'),
(94, '2025-10-06', '2025-12-31'),
(95, '2021-09-10', '2022-10-07'),
(95, '2022-10-08', '2023-09-30'),
(95, '2023-10-01', '2024-09-17'),
(95, '2024-09-18', NULL),
(96, '2024-03-14', NULL),
(97, '2020-12-31', '2022-02-01'),
(97, '2022-02-02', NULL),
(98, '2022-08-05', NULL),
(99, '2022-09-13', '2023-08-28'),
(99, '2023-08-29', '2025-06-07'),
(100, '2024-05-16', '2025-06-14'),
(100, '2025-06-15', '2025-12-31');

-- Dados para Salario
INSERT INTO Salario (ID_fun, Data_inicio, salario_bruto) VALUES
(1, '2021-09-02', 1474.38),
(1, '2022-09-13', 1544.13),
(2, '2023-03-27', 1453.93),
(2, '2024-04-25', 1596.32),
(2, '2025-05-27', 1732.5),
(3, '2024-01-13', 1489.11),
(3, '2025-01-24', 1626.81),
(4, '2022-07-01', 1259.07),
(4, '2023-07-06', 1338.89),
(4, '2024-07-20', 1386.18),
(4, '2025-08-19', 1488.09),
(5, '2021-08-16', 1526.1),
(5, '2022-09-10', 1622.72),
(5, '2023-09-24', 1760.46),
(6, '2022-12-25', 989.53),
(6, '2024-01-22', 1046.9),
(6, '2025-01-27', 1093.6),
(7, '2021-10-26', 1429.22),
(8, '2023-06-23', 1481.09),
(9, '2021-03-11', 1138.45),
(9, '2022-02-24', 1201.16),
(9, '2023-03-23', 1318.76),
(9, '2024-04-08', 1439.52),
(10, '2024-08-06', 1674.73),
(10, '2025-08-30', 1721.45),
(11, '2024-04-17', 1685.51),
(11, '2025-05-18', 1769.74),
(12, '2021-05-14', 950.0),
(13, '2021-03-09', 1891.44),
(13, '2022-02-28', 1950.12),
(13, '2023-02-28', 1992.98),
(13, '2024-02-16', 2043.62),
(14, '2024-10-11', 1738.3),
(15, '2022-03-13', 1928.89),
(15, '2023-03-26', 2068.92),
(16, '2022-09-27', 1153.99),
(16, '2023-10-03', 1251.87),
(16, '2024-10-10', 1375.86),
(16, '2025-11-05', 1408.53),
(17, '2021-10-13', 1121.65),
(17, '2022-11-05', 1230.74),
(17, '2023-10-26', 1266.75),
(17, '2024-11-03', 1390.6),
(18, '2022-02-07', 950.0),
(18, '2023-01-24', 1016.51),
(18, '2024-01-22', 1071.47),
(18, '2025-02-09', 1150.07),
(19, '2022-01-02', 2237.45),
(19, '2023-02-06', 2328.95),
(19, '2024-02-08', 2454.48),
(19, '2025-03-12', 2649.25),
(20, '2024-03-17', 1428.51),
(20, '2025-03-28', 1487.42),
(21, '2021-01-16', 1621.37),
(22, '2022-05-07', 952.82),
(22, '2023-05-06', 1042.12),
(22, '2024-04-30', 1070.47),
(23, '2023-11-01', 1437.58),
(23, '2024-11-19', 1501.23),
(23, '2025-12-19', 1628.18),
(24, '2022-10-10', 1425.36),
(25, '2021-02-01', 1578.82),
(25, '2022-02-13', 1717.7),
(26, '2023-01-01', 1023.65),
(26, '2023-12-22', 1072.43),
(26, '2025-01-24', 1143.44),
(27, '2023-02-03', 1039.22),
(27, '2024-02-29', 1061.14),
(28, '2022-10-01', 1925.53),
(28, '2023-10-24', 2025.74),
(28, '2024-10-15', 2156.4),
(28, '2025-11-12', 2265.19),
(29, '2021-08-22', 1389.69),
(29, '2022-08-22', 1477.44),
(30, '2022-08-13', 950.0),
(30, '2023-08-31', 1040.16),
(30, '2024-09-12', 1141.32),
(30, '2025-09-14', 1236.15),
(31, '2023-02-10', 950.0),
(32, '2024-04-07', 1219.67),
(32, '2025-03-28', 1249.19),
(33, '2024-04-27', 1121.38),
(34, '2024-03-19', 950.0),
(35, '2023-12-10', 950.0),
(35, '2024-12-02', 978.41),
(36, '2023-05-24', 950.0),
(37, '2023-05-27', 950.0),
(37, '2024-05-11', 984.28),
(37, '2025-05-10', 1018.74),
(38, '2022-05-07', 1197.07),
(38, '2023-06-07', 1300.95),
(39, '2021-02-02', 950.0),
(39, '2022-01-22', 1010.87),
(40, '2021-07-28', 1122.67),
(40, '2022-08-21', 1203.35),
(40, '2023-08-16', 1291.82),
(40, '2024-09-13', 1385.71),
(41, '2022-09-03', 1584.46),
(41, '2023-09-19', 1681.32),
(41, '2024-09-28', 1793.81),
(42, '2022-10-03', 1178.21),
(42, '2023-10-24', 1227.38),
(42, '2024-11-27', 1329.1),
(43, '2024-12-24', 1120.46),
(43, '2025-12-19', 1178.69),
(44, '2023-03-19', 1217.18),
(45, '2020-12-14', 998.18),
(45, '2021-11-30', 1071.92),
(45, '2022-12-02', 1105.14),
(45, '2023-12-02', 1193.18),
(46, '2021-07-07', 950.0),
(46, '2022-07-26', 984.95),
(46, '2023-08-20', 1062.77),
(47, '2022-11-09', 1731.48),
(47, '2023-10-25', 1775.91),
(47, '2024-10-20', 1852.07),
(47, '2025-10-27', 1991.81),
(48, '2024-03-15', 950.0),
(48, '2025-04-05', 976.22),
(49, '2024-02-24', 1161.12),
(50, '2023-04-22', 1306.33),
(51, '2022-07-12', 955.31),
(52, '2023-04-19', 950.0),
(52, '2024-05-18', 1002.37),
(52, '2025-06-05', 1070.68),
(53, '2021-09-17', 1111.11),
(53, '2022-10-22', 1187.04),
(53, '2023-10-25', 1212.11),
(54, '2023-09-29', 1534.57),
(55, '2023-12-30', 1144.5),
(55, '2025-01-05', 1236.99),
(56, '2022-09-01', 950.0),
(57, '2022-02-22', 950.0),
(57, '2023-03-02', 1031.81),
(57, '2024-02-19', 1066.59),
(58, '2023-05-22', 1437.35),
(59, '2024-03-06', 1302.82),
(60, '2023-06-10', 1692.93),
(61, '2022-02-23', 1210.92),
(61, '2023-03-30', 1310.93),
(61, '2024-04-14', 1434.77),
(61, '2025-04-07', 1533.43),
(62, '2024-02-15', 950.0),
(62, '2025-02-12', 991.46),
(63, '2021-02-05', 983.21),
(63, '2022-03-03', 1025.93),
(63, '2023-03-12', 1050.34),
(63, '2024-03-03', 1086.63),
(64, '2024-04-27', 1712.25),
(64, '2025-04-28', 1805.1),
(65, '2022-03-31', 950.0),
(65, '2023-04-15', 999.58),
(65, '2024-05-15', 1076.74),
(66, '2023-07-22', 1055.48),
(66, '2024-07-29', 1139.32),
(66, '2025-08-20', 1193.25),
(67, '2024-11-20', 1174.27),
(67, '2025-12-02', 1219.69),
(68, '2021-08-10', 1155.23),
(68, '2022-07-28', 1209.87),
(68, '2023-07-17', 1253.07),
(69, '2022-02-28', 1316.59),
(69, '2023-03-28', 1447.26),
(69, '2024-04-02', 1588.44),
(70, '2020-12-23', 1923.01),
(70, '2022-01-16', 2058.03),
(70, '2023-01-07', 2164.89),
(71, '2021-02-07', 1080.51),
(71, '2022-03-10', 1176.2),
(71, '2023-03-16', 1291.26),
(71, '2024-02-29', 1351.28),
(72, '2021-08-25', 1680.0),
(72, '2022-08-27', 1833.33),
(72, '2023-09-24', 1916.28),
(72, '2024-09-22', 2102.99),
(73, '2023-08-23', 1593.92),
(74, '2024-03-30', 950.0),
(74, '2025-03-21', 1044.41),
(75, '2022-02-22', 1458.26),
(75, '2023-02-27', 1519.74),
(75, '2024-03-23', 1632.49),
(75, '2025-03-14', 1697.93),
(76, '2021-04-27', 1300.83),
(76, '2022-05-18', 1364.2),
(76, '2023-05-13', 1475.09),
(77, '2023-05-19', 1734.11),
(78, '2023-10-04', 1060.62),
(78, '2024-10-29', 1084.7),
(78, '2025-11-15', 1132.37),
(79, '2023-07-29', 1090.35),
(79, '2024-07-24', 1124.49),
(79, '2025-07-16', 1206.0),
(80, '2023-04-26', 950.0),
(80, '2024-05-14', 1008.17),
(80, '2025-05-03', 1084.5),
(81, '2023-01-18', 1018.89),
(81, '2024-02-03', 1092.8),
(81, '2025-01-21', 1129.72),
(82, '2024-01-28', 950.0),
(82, '2025-02-27', 1018.29),
(83, '2022-09-26', 1384.58),
(83, '2023-09-16', 1500.25),
(83, '2024-09-13', 1589.26),
(83, '2025-09-21', 1627.38),
(84, '2023-06-29', 1363.87),
(85, '2024-03-21', 2242.17),
(86, '2022-08-26', 2087.06),
(86, '2023-09-02', 2233.79),
(86, '2024-09-12', 2392.87),
(87, '2024-08-06', 1721.06),
(87, '2025-08-04', 1826.36),
(88, '2024-06-02', 1127.34),
(88, '2025-06-16', 1170.43),
(89, '2023-09-08', 1709.03),
(89, '2024-09-30', 1797.94),
(89, '2025-10-19', 1914.95),
(90, '2022-05-19', 1079.45),
(90, '2023-06-08', 1105.57),
(90, '2024-06-28', 1183.22),
(91, '2021-04-19', 1543.32),
(91, '2022-04-23', 1644.52),
(91, '2023-05-13', 1771.45),
(91, '2024-05-09', 1862.89),
(92, '2024-12-29', 1870.65),
(93, '2023-09-06', 1545.63),
(93, '2024-09-12', 1602.39),
(93, '2025-09-28', 1741.01),
(94, '2024-10-09', 950.0),
(94, '2025-10-06', 1012.39),
(95, '2021-09-10', 950.0),
(95, '2022-10-08', 1003.76),
(95, '2023-10-01', 1032.5),
(95, '2024-09-18', 1118.97),
(96, '2024-03-14', 950.0),
(97, '2020-12-31', 1572.8),
(97, '2022-02-02', 1675.09),
(98, '2022-08-05', 1492.75),
(99, '2022-09-13', 2346.42),
(99, '2023-08-29', 2426.28),
(100, '2024-05-16', 1207.09),
(100, '2025-06-15', 1314.21);

-- Dados para Beneficios
INSERT INTO Beneficios (ID_fun, Data_inicio, tipo, valor) VALUES
(1, '2022-09-13', 'Telemóvel Empresa', 376.16),
(1, '2022-09-13', 'Seguro Saúde', 271.96),
(2, '2023-03-27', 'Subsídio Transporte', 76.42),
(2, '2023-03-27', 'Subsídio Alimentação', 443.36),
(2, '2024-04-25', 'Carro Empresa', 230.05),
(2, '2024-04-25', 'Subsídio Transporte', 309.02),
(2, '2024-04-25', 'Seguro Saúde', 440.48),
(2, '2025-05-27', 'Subsídio Alimentação', 283.42),
(3, '2024-01-13', 'Subsídio Alimentação', 61.94),
(3, '2024-01-13', 'Subsídio Transporte', 121.72),
(3, '2025-01-24', 'Carro Empresa', 255.53),
(3, '2025-01-24', 'Subsídio Alimentação', 205.57),
(3, '2025-01-24', 'Seguro Saúde', 307.34),
(4, '2022-07-01', 'Subsídio Transporte', 88.33),
(4, '2024-07-20', 'Telemóvel Empresa', 163.93),
(4, '2024-07-20', 'Subsídio Transporte', 59.0),
(4, '2024-07-20', 'Seguro Saúde', 161.62),
(5, '2021-08-16', 'Carro Empresa', 132.12),
(5, '2023-09-24', 'Carro Empresa', 420.38),
(5, '2023-09-24', 'Subsídio Transporte', 140.04),
(6, '2022-12-25', 'Subsídio Transporte', 313.63),
(6, '2022-12-25', 'Subsídio Alimentação', 138.12),
(6, '2022-12-25', 'Telemóvel Empresa', 81.32),
(6, '2024-01-22', 'Carro Empresa', 440.71),
(6, '2025-01-27', 'Subsídio Transporte', 189.42),
(6, '2025-01-27', 'Subsídio Alimentação', 110.23),
(6, '2025-01-27', 'Seguro Saúde', 54.89),
(7, '2021-10-26', 'Carro Empresa', 384.82),
(7, '2021-10-26', 'Telemóvel Empresa', 53.59),
(9, '2021-03-11', 'Subsídio Transporte', 140.33),
(9, '2022-02-24', 'Seguro Saúde', 346.57),
(9, '2022-02-24', 'Subsídio Alimentação', 442.45),
(9, '2023-03-23', 'Subsídio Alimentação', 213.69),
(9, '2024-04-08', 'Carro Empresa', 250.17),
(9, '2024-04-08', 'Seguro Saúde', 54.54),
(9, '2024-04-08', 'Telemóvel Empresa', 283.74),
(10, '2025-08-30', 'Subsídio Transporte', 85.17),
(10, '2025-08-30', 'Subsídio Alimentação', 447.49),
(11, '2024-04-17', 'Seguro Saúde', 274.96),
(12, '2021-05-14', 'Subsídio Transporte', 153.84),
(12, '2021-05-14', 'Telemóvel Empresa', 86.31),
(13, '2021-03-09', 'Carro Empresa', 281.49),
(13, '2021-03-09', 'Seguro Saúde', 280.94),
(13, '2021-03-09', 'Subsídio Alimentação', 228.13),
(13, '2022-02-28', 'Subsídio Transporte', 94.47),
(13, '2023-02-28', 'Telemóvel Empresa', 71.35),
(13, '2024-02-16', 'Telemóvel Empresa', 446.8),
(15, '2022-03-13', 'Seguro Saúde', 325.77),
(15, '2023-03-26', 'Seguro Saúde', 234.17),
(15, '2023-03-26', 'Telemóvel Empresa', 443.79),
(15, '2023-03-26', 'Subsídio Transporte', 315.88),
(16, '2022-09-27', 'Subsídio Transporte', 137.22),
(16, '2022-09-27', 'Telemóvel Empresa', 165.21),
(16, '2023-10-03', 'Subsídio Transporte', 34.72),
(16, '2023-10-03', 'Carro Empresa', 94.67),
(16, '2024-10-10', 'Seguro Saúde', 60.66),
(16, '2024-10-10', 'Carro Empresa', 124.92),
(16, '2024-10-10', 'Telemóvel Empresa', 380.38),
(16, '2025-11-05', 'Telemóvel Empresa', 404.59),
(16, '2025-11-05', 'Carro Empresa', 189.97),
(17, '2021-10-13', 'Telemóvel Empresa', 247.4),
(17, '2021-10-13', 'Subsídio Transporte', 177.82),
(17, '2022-11-05', 'Telemóvel Empresa', 142.83),
(17, '2024-11-03', 'Subsídio Transporte', 119.52),
(17, '2024-11-03', 'Carro Empresa', 221.35),
(17, '2024-11-03', 'Telemóvel Empresa', 185.57),
(18, '2022-02-07', 'Seguro Saúde', 327.56),
(18, '2022-02-07', 'Subsídio Alimentação', 51.34),
(18, '2023-01-24', 'Subsídio Alimentação', 265.48),
(18, '2023-01-24', 'Subsídio Transporte', 261.99),
(18, '2024-01-22', 'Subsídio Transporte', 316.22),
(18, '2024-01-22', 'Carro Empresa', 276.62),
(18, '2025-02-09', 'Carro Empresa', 370.01),
(19, '2022-01-02', 'Carro Empresa', 61.26),
(19, '2022-01-02', 'Seguro Saúde', 356.56),
(19, '2025-03-12', 'Subsídio Transporte', 87.8),
(19, '2025-03-12', 'Carro Empresa', 319.58),
(19, '2025-03-12', 'Subsídio Alimentação', 327.16),
(21, '2021-01-16', 'Seguro Saúde', 398.28),
(21, '2021-01-16', 'Subsídio Transporte', 136.07),
(21, '2021-01-16', 'Carro Empresa', 340.63),
(22, '2024-04-30', 'Subsídio Transporte', 233.42),
(22, '2024-04-30', 'Seguro Saúde', 299.24),
(23, '2023-11-01', 'Seguro Saúde', 31.71),
(23, '2023-11-01', 'Carro Empresa', 387.5),
(23, '2023-11-01', 'Telemóvel Empresa', 303.99),
(23, '2024-11-19', 'Seguro Saúde', 327.11),
(23, '2024-11-19', 'Subsídio Alimentação', 330.61),
(24, '2022-10-10', 'Subsídio Alimentação', 356.31),
(25, '2021-02-01', 'Carro Empresa', 256.69),
(25, '2021-02-01', 'Subsídio Transporte', 389.06),
(25, '2021-02-01', 'Subsídio Alimentação', 226.15),
(25, '2022-02-13', 'Carro Empresa', 99.39),
(26, '2023-01-01', 'Carro Empresa', 33.17),
(26, '2025-01-24', 'Seguro Saúde', 430.74),
(26, '2025-01-24', 'Telemóvel Empresa', 69.18),
(27, '2023-02-03', 'Seguro Saúde', 91.69),
(27, '2023-02-03', 'Carro Empresa', 116.38),
(27, '2023-02-03', 'Subsídio Transporte', 86.69),
(27, '2024-02-29', 'Subsídio Transporte', 63.12),
(28, '2023-10-24', 'Subsídio Alimentação', 41.77),
(28, '2023-10-24', 'Telemóvel Empresa', 319.54),
(28, '2024-10-15', 'Subsídio Transporte', 243.46),
(28, '2024-10-15', 'Carro Empresa', 189.59),
(28, '2024-10-15', 'Subsídio Alimentação', 242.27),
(28, '2025-11-12', 'Subsídio Alimentação', 79.02),
(28, '2025-11-12', 'Telemóvel Empresa', 214.06),
(28, '2025-11-12', 'Subsídio Transporte', 347.81),
(29, '2021-08-22', 'Carro Empresa', 235.15),
(29, '2021-08-22', 'Telemóvel Empresa', 343.29),
(30, '2022-08-13', 'Carro Empresa', 144.25),
(30, '2022-08-13', 'Subsídio Transporte', 111.32),
(30, '2023-08-31', 'Seguro Saúde', 138.36),
(30, '2024-09-12', 'Subsídio Transporte', 167.19),
(30, '2025-09-14', 'Seguro Saúde', 382.19),
(30, '2025-09-14', 'Telemóvel Empresa', 322.83),
(31, '2023-02-10', 'Seguro Saúde', 209.64),
(32, '2024-04-07', 'Carro Empresa', 415.2),
(32, '2024-04-07', 'Telemóvel Empresa', 228.2),
(32, '2024-04-07', 'Seguro Saúde', 139.95),
(33, '2024-04-27', 'Telemóvel Empresa', 181.82),
(33, '2024-04-27', 'Seguro Saúde', 418.12),
(34, '2024-03-19', 'Subsídio Alimentação', 346.79),
(35, '2023-12-10', 'Subsídio Transporte', 105.55),
(35, '2023-12-10', 'Subsídio Alimentação', 410.85),
(35, '2024-12-02', 'Carro Empresa', 392.74),
(37, '2023-05-27', 'Carro Empresa', 440.51),
(37, '2023-05-27', 'Telemóvel Empresa', 384.28),
(37, '2024-05-11', 'Telemóvel Empresa', 340.56),
(37, '2024-05-11', 'Subsídio Transporte', 213.12),
(37, '2025-05-10', 'Subsídio Alimentação', 224.75),
(37, '2025-05-10', 'Carro Empresa', 67.62),
(38, '2022-05-07', 'Subsídio Alimentação', 97.08),
(38, '2022-05-07', 'Telemóvel Empresa', 144.29),
(38, '2023-06-07', 'Seguro Saúde', 397.86),
(40, '2021-07-28', 'Subsídio Transporte', 129.7),
(40, '2021-07-28', 'Telemóvel Empresa', 303.7),
(40, '2023-08-16', 'Subsídio Alimentação', 353.28),
(40, '2024-09-13', 'Telemóvel Empresa', 357.49),
(40, '2024-09-13', 'Seguro Saúde', 445.12),
(40, '2024-09-13', 'Carro Empresa', 150.01),
(41, '2022-09-03', 'Carro Empresa', 300.13),
(41, '2022-09-03', 'Seguro Saúde', 412.57),
(41, '2023-09-19', 'Subsídio Transporte', 232.33),
(41, '2024-09-28', 'Subsídio Alimentação', 333.18),
(42, '2022-10-03', 'Seguro Saúde', 202.9),
(42, '2024-11-27', 'Seguro Saúde', 180.41),
(43, '2024-12-24', 'Carro Empresa', 412.01),
(43, '2024-12-24', 'Seguro Saúde', 138.01),
(43, '2025-12-19', 'Seguro Saúde', 435.95),
(43, '2025-12-19', 'Telemóvel Empresa', 346.75),
(43, '2025-12-19', 'Subsídio Transporte', 35.17),
(44, '2023-03-19', 'Subsídio Transporte', 80.31),
(44, '2023-03-19', 'Carro Empresa', 60.37),
(44, '2023-03-19', 'Telemóvel Empresa', 300.38),
(45, '2020-12-14', 'Seguro Saúde', 122.47),
(45, '2020-12-14', 'Telemóvel Empresa', 134.24),
(45, '2020-12-14', 'Subsídio Alimentação', 284.14),
(45, '2021-11-30', 'Seguro Saúde', 84.16),
(45, '2021-11-30', 'Subsídio Transporte', 318.15),
(45, '2022-12-02', 'Carro Empresa', 213.31),
(45, '2023-12-02', 'Seguro Saúde', 358.43),
(46, '2022-07-26', 'Subsídio Alimentação', 426.37),
(46, '2022-07-26', 'Seguro Saúde', 405.5),
(46, '2023-08-20', 'Carro Empresa', 331.35),
(46, '2023-08-20', 'Telemóvel Empresa', 284.5),
(46, '2023-08-20', 'Seguro Saúde', 249.15),
(47, '2023-10-25', 'Subsídio Transporte', 161.6),
(47, '2023-10-25', 'Carro Empresa', 444.38),
(47, '2023-10-25', 'Seguro Saúde', 73.26),
(47, '2024-10-20', 'Subsídio Alimentação', 118.58),
(47, '2024-10-20', 'Seguro Saúde', 232.33),
(47, '2024-10-20', 'Telemóvel Empresa', 422.72),
(47, '2025-10-27', 'Subsídio Alimentação', 60.23),
(48, '2024-03-15', 'Seguro Saúde', 110.24),
(48, '2024-03-15', 'Carro Empresa', 332.57),
(50, '2023-04-22', 'Telemóvel Empresa', 271.2),
(50, '2023-04-22', 'Subsídio Transporte', 123.9),
(52, '2023-04-19', 'Seguro Saúde', 113.62),
(52, '2023-04-19', 'Subsídio Transporte', 57.62),
(52, '2023-04-19', 'Subsídio Alimentação', 94.01),
(52, '2024-05-18', 'Seguro Saúde', 324.75),
(52, '2024-05-18', 'Subsídio Alimentação', 173.98),
(52, '2025-06-05', 'Telemóvel Empresa', 365.76),
(52, '2025-06-05', 'Carro Empresa', 142.51),
(53, '2021-09-17', 'Subsídio Alimentação', 45.23),
(53, '2022-10-22', 'Subsídio Transporte', 330.2),
(54, '2023-09-29', 'Subsídio Transporte', 159.51),
(55, '2023-12-30', 'Telemóvel Empresa', 393.57),
(55, '2023-12-30', 'Subsídio Alimentação', 413.43),
(55, '2023-12-30', 'Subsídio Transporte', 120.74),
(55, '2025-01-05', 'Telemóvel Empresa', 78.35),
(55, '2025-01-05', 'Subsídio Alimentação', 144.92),
(55, '2025-01-05', 'Carro Empresa', 304.06),
(56, '2022-09-01', 'Telemóvel Empresa', 376.65),
(56, '2022-09-01', 'Subsídio Alimentação', 46.05),
(56, '2022-09-01', 'Carro Empresa', 43.48),
(57, '2022-02-22', 'Carro Empresa', 255.32),
(57, '2022-02-22', 'Subsídio Alimentação', 278.5),
(61, '2022-02-23', 'Subsídio Transporte', 379.17),
(61, '2022-02-23', 'Carro Empresa', 281.21),
(61, '2023-03-30', 'Subsídio Transporte', 106.56),
(61, '2023-03-30', 'Telemóvel Empresa', 250.51),
(61, '2023-03-30', 'Carro Empresa', 202.46),
(61, '2024-04-14', 'Seguro Saúde', 60.26),
(61, '2024-04-14', 'Carro Empresa', 143.88),
(61, '2025-04-07', 'Carro Empresa', 216.62),
(62, '2024-02-15', 'Subsídio Alimentação', 224.34),
(62, '2025-02-12', 'Carro Empresa', 300.11),
(62, '2025-02-12', 'Subsídio Alimentação', 266.38),
(63, '2021-02-05', 'Subsídio Alimentação', 211.19),
(64, '2025-04-28', 'Telemóvel Empresa', 322.23),
(64, '2025-04-28', 'Subsídio Transporte', 158.91),
(65, '2022-03-31', 'Telemóvel Empresa', 32.73),
(65, '2023-04-15', 'Subsídio Alimentação', 266.28),
(65, '2023-04-15', 'Carro Empresa', 87.53),
(65, '2024-05-15', 'Subsídio Alimentação', 447.13),
(66, '2023-07-22', 'Telemóvel Empresa', 445.24),
(66, '2025-08-20', 'Carro Empresa', 297.71),
(66, '2025-08-20', 'Telemóvel Empresa', 313.95),
(67, '2024-11-20', 'Subsídio Transporte', 382.46),
(67, '2024-11-20', 'Carro Empresa', 358.52),
(67, '2025-12-02', 'Carro Empresa', 180.42),
(67, '2025-12-02', 'Subsídio Alimentação', 267.64),
(68, '2021-08-10', 'Telemóvel Empresa', 442.37),
(68, '2021-08-10', 'Subsídio Transporte', 63.13),
(68, '2021-08-10', 'Carro Empresa', 302.04),
(68, '2022-07-28', 'Seguro Saúde', 446.31),
(68, '2022-07-28', 'Telemóvel Empresa', 359.95),
(68, '2022-07-28', 'Subsídio Transporte', 79.93),
(68, '2023-07-17', 'Telemóvel Empresa', 33.27),
(68, '2023-07-17', 'Seguro Saúde', 418.16),
(69, '2022-02-28', 'Subsídio Transporte', 318.74),
(69, '2022-02-28', 'Telemóvel Empresa', 156.94),
(69, '2022-02-28', 'Carro Empresa', 101.88),
(69, '2023-03-28', 'Telemóvel Empresa', 388.15),
(69, '2023-03-28', 'Subsídio Alimentação', 170.67),
(69, '2023-03-28', 'Carro Empresa', 174.36),
(69, '2024-04-02', 'Subsídio Alimentação', 141.68),
(70, '2020-12-23', 'Subsídio Alimentação', 169.09),
(70, '2022-01-16', 'Carro Empresa', 260.72),
(70, '2022-01-16', 'Seguro Saúde', 229.44),
(70, '2022-01-16', 'Subsídio Alimentação', 257.62),
(70, '2023-01-07', 'Telemóvel Empresa', 289.67),
(70, '2023-01-07', 'Subsídio Transporte', 206.54),
(70, '2023-01-07', 'Subsídio Alimentação', 99.34),
(71, '2021-02-07', 'Carro Empresa', 348.14),
(71, '2022-03-10', 'Telemóvel Empresa', 348.51),
(71, '2022-03-10', 'Carro Empresa', 169.14),
(71, '2023-03-16', 'Telemóvel Empresa', 179.94),
(71, '2024-02-29', 'Telemóvel Empresa', 434.37),
(72, '2021-08-25', 'Subsídio Alimentação', 415.54),
(72, '2021-08-25', 'Telemóvel Empresa', 260.11),
(72, '2024-09-22', 'Seguro Saúde', 384.76),
(72, '2024-09-22', 'Subsídio Transporte', 182.5),
(72, '2024-09-22', 'Subsídio Alimentação', 252.28),
(73, '2023-08-23', 'Telemóvel Empresa', 167.91),
(74, '2024-03-30', 'Subsídio Alimentação', 115.87),
(74, '2024-03-30', 'Carro Empresa', 259.6),
(74, '2025-03-21', 'Subsídio Alimentação', 179.08),
(74, '2025-03-21', 'Carro Empresa', 104.31),
(74, '2025-03-21', 'Telemóvel Empresa', 105.57),
(75, '2022-02-22', 'Subsídio Transporte', 166.08),
(75, '2022-02-22', 'Subsídio Alimentação', 138.33),
(75, '2023-02-27', 'Telemóvel Empresa', 155.07),
(75, '2024-03-23', 'Telemóvel Empresa', 280.05),
(75, '2024-03-23', 'Subsídio Alimentação', 431.78),
(75, '2025-03-14', 'Subsídio Transporte', 259.42),
(75, '2025-03-14', 'Subsídio Alimentação', 84.63),
(76, '2021-04-27', 'Subsídio Alimentação', 46.1),
(76, '2023-05-13', 'Seguro Saúde', 291.92),
(76, '2023-05-13', 'Telemóvel Empresa', 173.08),
(78, '2023-10-04', 'Telemóvel Empresa', 75.66),
(78, '2023-10-04', 'Subsídio Transporte', 343.15),
(78, '2024-10-29', 'Seguro Saúde', 441.03),
(78, '2025-11-15', 'Carro Empresa', 391.79),
(78, '2025-11-15', 'Subsídio Transporte', 40.06),
(78, '2025-11-15', 'Subsídio Alimentação', 230.04),
(79, '2024-07-24', 'Seguro Saúde', 279.46),
(79, '2024-07-24', 'Telemóvel Empresa', 422.68),
(79, '2024-07-24', 'Carro Empresa', 356.44),
(79, '2025-07-16', 'Carro Empresa', 285.26),
(79, '2025-07-16', 'Subsídio Transporte', 448.22),
(79, '2025-07-16', 'Seguro Saúde', 367.0),
(80, '2023-04-26', 'Carro Empresa', 341.28),
(80, '2024-05-14', 'Subsídio Transporte', 172.4),
(80, '2025-05-03', 'Subsídio Alimentação', 327.12),
(81, '2023-01-18', 'Telemóvel Empresa', 236.85),
(81, '2024-02-03', 'Telemóvel Empresa', 31.62),
(81, '2024-02-03', 'Subsídio Transporte', 366.49),
(81, '2024-02-03', 'Carro Empresa', 339.29),
(81, '2025-01-21', 'Telemóvel Empresa', 48.89),
(81, '2025-01-21', 'Seguro Saúde', 301.39),
(81, '2025-01-21', 'Subsídio Alimentação', 211.25),
(82, '2024-01-28', 'Seguro Saúde', 83.34),
(82, '2025-02-27', 'Carro Empresa', 395.07),
(83, '2024-09-13', 'Subsídio Transporte', 360.54),
(83, '2025-09-21', 'Subsídio Transporte', 344.98),
(83, '2025-09-21', 'Seguro Saúde', 236.45),
(83, '2025-09-21', 'Subsídio Alimentação', 34.06),
(86, '2023-09-02', 'Carro Empresa', 299.18),
(86, '2023-09-02', 'Subsídio Alimentação', 59.21),
(86, '2023-09-02', 'Telemóvel Empresa', 321.8),
(86, '2024-09-12', 'Subsídio Transporte', 35.5),
(86, '2024-09-12', 'Seguro Saúde', 186.18),
(87, '2024-08-06', 'Subsídio Transporte', 171.6),
(87, '2024-08-06', 'Seguro Saúde', 161.1),
(87, '2024-08-06', 'Subsídio Alimentação', 392.5),
(87, '2025-08-04', 'Seguro Saúde', 445.5),
(87, '2025-08-04', 'Carro Empresa', 382.42),
(88, '2024-06-02', 'Subsídio Alimentação', 437.19),
(88, '2025-06-16', 'Telemóvel Empresa', 82.77),
(88, '2025-06-16', 'Seguro Saúde', 340.8),
(88, '2025-06-16', 'Carro Empresa', 315.83),
(89, '2023-09-08', 'Telemóvel Empresa', 173.58),
(89, '2025-10-19', 'Subsídio Transporte', 431.09),
(90, '2022-05-19', 'Subsídio Transporte', 139.25),
(90, '2022-05-19', 'Subsídio Alimentação', 213.95),
(90, '2022-05-19', 'Telemóvel Empresa', 204.71),
(90, '2023-06-08', 'Subsídio Transporte', 52.7),
(90, '2024-06-28', 'Subsídio Transporte', 245.26),
(91, '2021-04-19', 'Carro Empresa', 270.49),
(91, '2021-04-19', 'Telemóvel Empresa', 189.8),
(91, '2022-04-23', 'Subsídio Transporte', 163.9),
(91, '2022-04-23', 'Telemóvel Empresa', 261.42),
(91, '2023-05-13', 'Seguro Saúde', 175.71),
(91, '2023-05-13', 'Telemóvel Empresa', 40.41),
(91, '2023-05-13', 'Carro Empresa', 177.17),
(91, '2024-05-09', 'Telemóvel Empresa', 261.05),
(91, '2024-05-09', 'Carro Empresa', 91.51),
(91, '2024-05-09', 'Subsídio Transporte', 89.95),
(92, '2024-12-29', 'Subsídio Alimentação', 411.62),
(92, '2024-12-29', 'Subsídio Transporte', 354.68),
(93, '2025-09-28', 'Telemóvel Empresa', 406.76),
(93, '2025-09-28', 'Subsídio Alimentação', 152.03),
(94, '2024-10-09', 'Carro Empresa', 203.55),
(94, '2024-10-09', 'Subsídio Transporte', 312.5),
(94, '2024-10-09', 'Telemóvel Empresa', 401.92),
(94, '2025-10-06', 'Seguro Saúde', 435.18),
(95, '2021-09-10', 'Subsídio Alimentação', 346.31),
(95, '2021-09-10', 'Carro Empresa', 219.77),
(95, '2021-09-10', 'Subsídio Transporte', 256.22),
(95, '2022-10-08', 'Subsídio Alimentação', 214.51),
(95, '2022-10-08', 'Seguro Saúde', 186.95),
(95, '2022-10-08', 'Subsídio Transporte', 350.15),
(95, '2023-10-01', 'Telemóvel Empresa', 425.57),
(95, '2023-10-01', 'Seguro Saúde', 146.12),
(95, '2023-10-01', 'Subsídio Transporte', 176.5),
(95, '2024-09-18', 'Subsídio Alimentação', 120.01),
(95, '2024-09-18', 'Telemóvel Empresa', 235.92),
(95, '2024-09-18', 'Seguro Saúde', 264.82),
(96, '2024-03-14', 'Carro Empresa', 137.25),
(96, '2024-03-14', 'Subsídio Transporte', 37.27),
(96, '2024-03-14', 'Seguro Saúde', 226.31),
(97, '2020-12-31', 'Carro Empresa', 404.91),
(97, '2022-02-02', 'Telemóvel Empresa', 377.75),
(97, '2022-02-02', 'Seguro Saúde', 44.28),
(97, '2022-02-02', 'Carro Empresa', 55.83),
(98, '2022-08-05', 'Subsídio Transporte', 193.24),
(99, '2022-09-13', 'Subsídio Transporte', 441.09),
(99, '2022-09-13', 'Seguro Saúde', 37.46),
(99, '2023-08-29', 'Subsídio Transporte', 51.2),
(100, '2024-05-16', 'Carro Empresa', 46.82),
(100, '2025-06-15', 'Subsídio Alimentação', 269.16),
(100, '2025-06-15', 'Subsídio Transporte', 432.21),
(100, '2025-06-15', 'Carro Empresa', 211.13);

-- Dados para Ferias
INSERT INTO Ferias (ID_fun, data_inicio, data_fim, num_dias, estado_aprov) VALUES
(1, '2024-02-28', '2024-03-06', 7, 'Aprovado'),
(1, '2023-04-27', '2023-05-10', 13, 'Rejeitado'),
(1, '2023-07-24', '2023-08-08', 15, 'Aprovado'),
(2, '2025-03-31', '2025-04-15', 15, 'Aprovado'),
(4, '2023-04-27', '2023-05-02', 5, 'Por aprovar'),
(5, '2024-01-16', '2024-01-28', 12, 'Rejeitado'),
(5, '2022-12-26', '2023-01-07', 12, 'Aprovado'),
(5, '2023-11-24', '2023-11-29', 5, 'Aprovado'),
(8, '2023-12-31', '2024-01-13', 13, 'Aprovado'),
(8, '2023-08-01', '2023-08-06', 5, 'Por aprovar'),
(8, '2025-01-26', '2025-01-29', 3, 'Por aprovar'),
(9, '2024-10-08', '2024-10-19', 11, 'Aprovado'),
(11, '2022-12-10', '2022-12-18', 8, 'Aprovado'),
(11, '2024-10-23', '2024-11-07', 15, 'Rejeitado'),
(11, '2025-04-21', '2025-04-25', 4, 'Aprovado'),
(11, '2023-06-11', '2023-06-20', 9, 'Aprovado'),
(12, '2024-03-07', '2024-03-16', 9, 'Por aprovar'),
(14, '2025-01-09', '2025-01-23', 14, 'Por aprovar'),
(14, '2025-04-15', '2025-04-28', 13, 'Aprovado'),
(14, '2025-11-03', '2025-11-18', 15, 'Aprovado'),
(14, '2025-08-10', '2025-08-23', 13, 'Aprovado'),
(16, '2023-07-03', '2023-07-16', 13, 'Aprovado'),
(16, '2023-07-27', '2023-08-11', 15, 'Aprovado'),
(16, '2025-02-12', '2025-02-23', 11, 'Por aprovar'),
(16, '2023-03-07', '2023-03-21', 14, 'Aprovado'),
(17, '2023-12-24', '2023-12-29', 5, 'Aprovado'),
(17, '2024-10-08', '2024-10-17', 9, 'Aprovado'),
(18, '2024-03-14', '2024-03-28', 14, 'Rejeitado'),
(18, '2023-03-14', '2023-03-27', 13, 'Rejeitado'),
(18, '2025-09-12', '2025-09-25', 13, 'Aprovado'),
(18, '2025-03-17', '2025-03-19', 2, 'Rejeitado'),
(19, '2024-04-09', '2024-04-12', 3, 'Aprovado'),
(19, '2023-03-21', '2023-04-02', 12, 'Rejeitado'),
(20, '2024-06-17', '2024-07-02', 15, 'Aprovado'),
(21, '2023-12-21', '2024-01-05', 15, 'Aprovado'),
(22, '2023-08-09', '2023-08-12', 3, 'Por aprovar'),
(22, '2024-06-16', '2024-06-29', 13, 'Aprovado'),
(23, '2024-11-14', '2024-11-27', 13, 'Aprovado'),
(23, '2025-02-19', '2025-02-23', 4, 'Aprovado'),
(24, '2024-10-06', '2024-10-20', 14, 'Aprovado'),
(24, '2025-01-01', '2025-01-03', 2, 'Rejeitado'),
(25, '2023-09-16', '2023-09-20', 4, 'Por aprovar'),
(25, '2023-12-29', '2024-01-12', 14, 'Aprovado'),
(26, '2025-06-08', '2025-06-16', 8, 'Aprovado'),
(26, '2024-03-18', '2024-03-25', 7, 'Aprovado'),
(27, '2023-08-05', '2023-08-17', 12, 'Aprovado'),
(27, '2025-01-25', '2025-02-09', 15, 'Por aprovar'),
(27, '2025-02-12', '2025-02-27', 15, 'Por aprovar'),
(29, '2024-11-15', '2024-11-30', 15, 'Aprovado'),
(29, '2024-01-12', '2024-01-24', 12, 'Aprovado'),
(29, '2024-09-24', '2024-09-30', 6, 'Aprovado'),
(30, '2024-12-06', '2024-12-10', 4, 'Aprovado'),
(30, '2024-02-06', '2024-02-08', 2, 'Aprovado'),
(31, '2025-02-01', '2025-02-07', 6, 'Aprovado'),
(31, '2024-09-21', '2024-10-01', 10, 'Aprovado'),
(31, '2025-05-23', '2025-06-07', 15, 'Aprovado'),
(31, '2023-11-11', '2023-11-16', 5, 'Aprovado'),
(32, '2023-08-18', '2023-09-01', 14, 'Rejeitado'),
(32, '2022-12-28', '2023-01-07', 10, 'Aprovado'),
(33, '2024-06-10', '2024-06-22', 12, 'Por aprovar'),
(33, '2025-09-06', '2025-09-12', 6, 'Aprovado'),
(33, '2025-06-23', '2025-07-05', 12, 'Aprovado'),
(33, '2025-03-12', '2025-03-16', 4, 'Aprovado'),
(34, '2023-11-08', '2023-11-16', 8, 'Aprovado'),
(34, '2025-03-13', '2025-03-25', 12, 'Aprovado'),
(34, '2025-02-06', '2025-02-12', 6, 'Por aprovar'),
(35, '2023-01-24', '2023-02-05', 12, 'Aprovado'),
(35, '2023-11-12', '2023-11-17', 5, 'Aprovado'),
(35, '2025-06-02', '2025-06-14', 12, 'Aprovado'),
(38, '2025-04-08', '2025-04-11', 3, 'Rejeitado'),
(38, '2023-08-04', '2023-08-17', 13, 'Aprovado'),
(38, '2022-12-23', '2023-01-07', 15, 'Aprovado'),
(39, '2024-07-03', '2024-07-09', 6, 'Aprovado'),
(39, '2024-06-26', '2024-07-02', 6, 'Por aprovar'),
(39, '2023-01-23', '2023-02-01', 9, 'Aprovado'),
(39, '2024-02-04', '2024-02-06', 2, 'Aprovado'),
(40, '2024-06-11', '2024-06-13', 2, 'Rejeitado'),
(40, '2023-11-18', '2023-11-26', 8, 'Aprovado'),
(40, '2024-11-07', '2024-11-19', 12, 'Aprovado'),
(40, '2025-03-12', '2025-03-22', 10, 'Aprovado'),
(41, '2023-07-24', '2023-08-08', 15, 'Aprovado'),
(41, '2024-04-29', '2024-05-10', 11, 'Rejeitado'),
(42, '2025-07-04', '2025-07-09', 5, 'Aprovado'),
(42, '2024-08-17', '2024-08-26', 9, 'Aprovado'),
(42, '2023-04-16', '2023-04-21', 5, 'Aprovado'),
(43, '2022-12-28', '2023-01-10', 13, 'Rejeitado'),
(43, '2023-05-07', '2023-05-19', 12, 'Aprovado'),
(44, '2025-05-04', '2025-05-07', 3, 'Aprovado'),
(44, '2024-04-16', '2024-04-30', 14, 'Por aprovar'),
(44, '2025-09-17', '2025-09-19', 2, 'Por aprovar'),
(44, '2025-02-22', '2025-03-09', 15, 'Por aprovar'),
(45, '2025-06-09', '2025-06-17', 8, 'Aprovado'),
(45, '2025-10-27', '2025-10-31', 4, 'Aprovado'),
(45, '2023-01-31', '2023-02-11', 11, 'Aprovado'),
(45, '2023-11-08', '2023-11-17', 9, 'Rejeitado'),
(47, '2023-02-02', '2023-02-10', 8, 'Aprovado'),
(47, '2024-08-30', '2024-09-04', 5, 'Por aprovar'),
(48, '2024-03-23', '2024-04-03', 11, 'Rejeitado'),
(48, '2023-06-07', '2023-06-12', 5, 'Aprovado'),
(49, '2023-07-18', '2023-07-25', 7, 'Aprovado'),
(50, '2023-10-30', '2023-11-12', 13, 'Aprovado'),
(51, '2024-12-28', '2025-01-01', 4, 'Aprovado'),
(51, '2025-06-17', '2025-07-02', 15, 'Por aprovar'),
(51, '2025-01-24', '2025-02-03', 10, 'Por aprovar'),
(51, '2024-04-06', '2024-04-12', 6, 'Aprovado'),
(52, '2023-02-09', '2023-02-19', 10, 'Rejeitado'),
(52, '2024-01-19', '2024-01-21', 2, 'Aprovado'),
(52, '2025-03-17', '2025-03-21', 4, 'Aprovado'),
(52, '2025-03-01', '2025-03-15', 14, 'Aprovado'),
(53, '2024-02-11', '2024-02-13', 2, 'Aprovado'),
(54, '2025-10-10', '2025-10-20', 10, 'Aprovado'),
(55, '2024-06-30', '2024-07-02', 2, 'Aprovado'),
(55, '2023-09-05', '2023-09-17', 12, 'Aprovado'),
(56, '2024-05-09', '2024-05-21', 12, 'Aprovado'),
(56, '2025-10-20', '2025-10-22', 2, 'Aprovado'),
(56, '2024-09-08', '2024-09-15', 7, 'Aprovado'),
(56, '2024-12-05', '2024-12-11', 6, 'Por aprovar'),
(57, '2023-03-10', '2023-03-12', 2, 'Aprovado'),
(59, '2023-02-12', '2023-02-17', 5, 'Aprovado'),
(61, '2024-10-01', '2024-10-09', 8, 'Por aprovar'),
(61, '2022-12-05', '2022-12-14', 9, 'Aprovado'),
(62, '2025-03-29', '2025-04-02', 4, 'Por aprovar'),
(62, '2023-07-20', '2023-07-24', 4, 'Aprovado'),
(62, '2024-08-27', '2024-09-10', 14, 'Aprovado'),
(63, '2024-09-23', '2024-10-04', 11, 'Aprovado'),
(63, '2024-05-13', '2024-05-28', 15, 'Aprovado'),
(63, '2023-02-07', '2023-02-22', 15, 'Aprovado'),
(64, '2023-06-21', '2023-06-27', 6, 'Aprovado'),
(64, '2022-12-10', '2022-12-20', 10, 'Aprovado'),
(64, '2024-07-02', '2024-07-15', 13, 'Aprovado'),
(64, '2022-11-24', '2022-11-27', 3, 'Aprovado'),
(65, '2023-07-11', '2023-07-26', 15, 'Aprovado'),
(66, '2025-01-19', '2025-01-27', 8, 'Aprovado'),
(66, '2023-05-31', '2023-06-12', 12, 'Aprovado'),
(66, '2024-03-31', '2024-04-09', 9, 'Aprovado'),
(66, '2024-10-30', '2024-11-08', 9, 'Aprovado'),
(68, '2025-04-02', '2025-04-15', 13, 'Aprovado'),
(68, '2023-12-23', '2024-01-05', 13, 'Rejeitado'),
(68, '2023-01-16', '2023-01-20', 4, 'Aprovado'),
(69, '2025-07-21', '2025-07-25', 4, 'Aprovado'),
(69, '2023-02-07', '2023-02-16', 9, 'Aprovado'),
(70, '2025-06-04', '2025-06-12', 8, 'Rejeitado'),
(71, '2024-06-05', '2024-06-12', 7, 'Aprovado'),
(71, '2022-12-26', '2022-12-30', 4, 'Aprovado'),
(71, '2025-07-08', '2025-07-11', 3, 'Por aprovar'),
(72, '2025-05-31', '2025-06-04', 4, 'Por aprovar'),
(73, '2023-02-21', '2023-02-25', 4, 'Aprovado'),
(73, '2024-02-26', '2024-03-05', 8, 'Rejeitado'),
(74, '2022-11-16', '2022-11-24', 8, 'Aprovado'),
(74, '2023-11-11', '2023-11-16', 5, 'Aprovado'),
(74, '2024-07-20', '2024-07-22', 2, 'Por aprovar'),
(74, '2024-03-03', '2024-03-13', 10, 'Aprovado'),
(75, '2025-01-02', '2025-01-11', 9, 'Aprovado'),
(75, '2023-01-26', '2023-01-29', 3, 'Por aprovar'),
(75, '2023-08-28', '2023-08-31', 3, 'Aprovado'),
(75, '2024-04-24', '2024-05-07', 13, 'Aprovado'),
(77, '2024-07-14', '2024-07-20', 6, 'Aprovado'),
(78, '2023-06-18', '2023-06-24', 6, 'Aprovado'),
(78, '2025-04-08', '2025-04-21', 13, 'Rejeitado'),
(78, '2024-09-06', '2024-09-16', 10, 'Aprovado'),
(79, '2024-03-29', '2024-04-11', 13, 'Aprovado'),
(79, '2025-10-01', '2025-10-03', 2, 'Aprovado'),
(79, '2024-06-26', '2024-07-09', 13, 'Aprovado'),
(79, '2025-04-12', '2025-04-24', 12, 'Rejeitado'),
(81, '2025-09-26', '2025-10-06', 10, 'Aprovado'),
(81, '2024-08-25', '2024-09-06', 12, 'Rejeitado'),
(81, '2024-05-20', '2024-06-04', 15, 'Aprovado'),
(81, '2023-06-13', '2023-06-23', 10, 'Aprovado'),
(82, '2024-01-31', '2024-02-08', 8, 'Aprovado'),
(82, '2024-01-13', '2024-01-15', 2, 'Rejeitado'),
(82, '2024-05-08', '2024-05-10', 2, 'Aprovado'),
(82, '2023-08-29', '2023-09-04', 6, 'Rejeitado'),
(83, '2025-07-20', '2025-07-23', 3, 'Aprovado'),
(83, '2023-09-21', '2023-09-29', 8, 'Rejeitado'),
(83, '2025-02-05', '2025-02-12', 7, 'Aprovado'),
(83, '2024-09-19', '2024-10-01', 12, 'Rejeitado'),
(84, '2023-11-27', '2023-12-08', 11, 'Aprovado'),
(84, '2025-05-26', '2025-06-06', 11, 'Aprovado'),
(84, '2025-02-18', '2025-03-03', 13, 'Aprovado'),
(84, '2024-03-17', '2024-03-26', 9, 'Aprovado'),
(85, '2022-12-24', '2023-01-02', 9, 'Aprovado'),
(85, '2022-11-13', '2022-11-28', 15, 'Aprovado'),
(88, '2024-02-10', '2024-02-17', 7, 'Aprovado'),
(88, '2025-02-25', '2025-03-11', 14, 'Rejeitado'),
(89, '2024-07-10', '2024-07-17', 7, 'Aprovado'),
(89, '2025-09-29', '2025-10-14', 15, 'Rejeitado'),
(89, '2023-09-03', '2023-09-15', 12, 'Aprovado'),
(90, '2023-09-27', '2023-10-11', 14, 'Rejeitado'),
(90, '2023-09-27', '2023-10-02', 5, 'Aprovado'),
(90, '2025-04-23', '2025-04-25', 2, 'Por aprovar'),
(90, '2024-05-15', '2024-05-18', 3, 'Rejeitado'),
(91, '2024-02-06', '2024-02-08', 2, 'Aprovado'),
(91, '2024-11-30', '2024-12-04', 4, 'Aprovado'),
(91, '2025-03-05', '2025-03-15', 10, 'Aprovado'),
(92, '2025-01-21', '2025-02-03', 13, 'Aprovado'),
(92, '2023-09-17', '2023-09-21', 4, 'Aprovado'),
(94, '2025-08-31', '2025-09-12', 12, 'Por aprovar'),
(94, '2023-04-22', '2023-04-24', 2, 'Por aprovar'),
(94, '2023-08-23', '2023-08-30', 7, 'Por aprovar'),
(94, '2025-07-31', '2025-08-03', 3, 'Aprovado'),
(95, '2024-05-16', '2024-05-23', 7, 'Aprovado'),
(95, '2024-11-01', '2024-11-12', 11, 'Aprovado'),
(96, '2024-03-16', '2024-03-29', 13, 'Por aprovar'),
(96, '2025-01-25', '2025-01-30', 5, 'Aprovado'),
(96, '2023-07-01', '2023-07-09', 8, 'Rejeitado'),
(97, '2023-05-20', '2023-06-03', 14, 'Aprovado'),
(97, '2023-05-08', '2023-05-15', 7, 'Rejeitado'),
(97, '2025-07-06', '2025-07-13', 7, 'Aprovado'),
(98, '2023-07-27', '2023-08-02', 6, 'Aprovado');

-- Dados para Dependentes
INSERT INTO Dependentes (ID_Fun, nome, sexo, data_nascimento, parentesco) VALUES
(6, 'Alexandre Paiva-Macedo', 'Outro', '1941-07-31', 'Pai/Mãe'),
(7, 'Sandro Mota-Campos', 'Feminino', '1949-06-11', 'Pai/Mãe'),
(11, 'Martim Gaspar', 'Feminino', '1957-10-17', 'Pai/Mãe'),
(12, 'Ivo Henriques', 'Outro', '1941-10-31', 'Pai/Mãe'),
(15, 'Rui Machado', 'Masculino', '1955-04-02', 'Pai/Mãe'),
(16, 'Salomé Mendes', 'Feminino', '1926-08-22', 'Pai/Mãe'),
(22, 'Nicole Amaral', 'Masculino', '1930-08-07', 'Pai/Mãe'),
(27, 'Bryan Borges-Moreira', 'Masculino', '1969-07-06', 'Pai/Mãe'),
(28, 'Vera Lima-Leal', 'Outro', '1950-05-15', 'Pai/Mãe'),
(32, 'Filipe Matos', 'Outro', '1936-08-15', 'Pai/Mãe'),
(33, 'Mateus Melo', 'Feminino', '1971-01-12', 'Pai/Mãe'),
(35, 'Rodrigo Pinto-Nogueira', 'Outro', '1934-10-31', 'Pai/Mãe'),
(36, 'Maria Branco', 'Feminino', '1946-02-25', 'Pai/Mãe'),
(37, 'Alexandra Barros', 'Outro', '1927-06-23', 'Pai/Mãe'),
(40, 'Soraia Martins', 'Masculino', '1973-01-03', 'Pai/Mãe'),
(42, 'Ivan de Loureiro', 'Masculino', '1966-03-18', 'Pai/Mãe'),
(43, 'Cláudio Assunção', 'Outro', '1952-03-25', 'Pai/Mãe'),
(48, 'Tomé Nunes', 'Outro', '1935-01-04', 'Pai/Mãe'),
(49, 'Martim do Henriques', 'Masculino', '1985-03-15', 'Pai/Mãe'),
(50, 'Artur Neto', 'Feminino', '1926-08-03', 'Pai/Mãe'),
(51, 'Márcio Antunes-Alves', 'Outro', '1951-10-29', 'Pai/Mãe'),
(55, 'Kyara Pinto', 'Masculino', '1963-04-09', 'Pai/Mãe'),
(58, 'Ângelo Valente', 'Masculino', '1935-10-31', 'Pai/Mãe'),
(59, 'Nádia-Daniela Brito', 'Outro', '1957-01-25', 'Pai/Mãe'),
(68, 'Eduardo da Monteiro', 'Masculino', '1963-04-18', 'Pai/Mãe'),
(71, 'Eva Gonçalves', 'Feminino', '1937-01-20', 'Pai/Mãe'),
(76, 'Luna Pinho', 'Feminino', '1950-08-06', 'Pai/Mãe'),
(80, 'Leandro Macedo', 'Feminino', '1944-03-15', 'Pai/Mãe'),
(84, 'Mauro Batista-Valente', 'Feminino', '1944-02-21', 'Pai/Mãe'),
(85, 'Nádia Campos', 'Masculino', '1941-03-06', 'Pai/Mãe'),
(87, 'Ricardo Valente', 'Outro', '1962-04-26', 'Pai/Mãe'),
(88, 'Martim de Ribeiro', 'Feminino', '1965-08-21', 'Pai/Mãe'),
(89, 'Frederico Antunes', 'Outro', '1950-12-15', 'Pai/Mãe'),
(93, 'Bruno Castro', 'Masculino', '1926-10-12', 'Pai/Mãe'),
(96, 'José do Batista', 'Outro', '1938-07-02', 'Pai/Mãe'),
(99, 'Nuno Pires', 'Outro', '1938-05-16', 'Pai/Mãe'),
(100, 'Igor Pinto-Assunção', 'Masculino', '1953-04-08', 'Pai/Mãe'),
(3, 'Noa Ramos', 'Masculino', '2009-06-04', 'Filho(a)'),
(3, 'Renata Rocha', 'Feminino', '2011-02-03', 'Filho(a)'),
(3, 'Laura Barros', 'Outro', '2006-03-06', 'Cônjuge'),
(3, 'Ariana Nogueira', 'Outro', '1997-12-27', 'Filho(a)'),
(4, 'Ema Vieira', 'Masculino', '2014-06-15', 'Filho(a)'),
(4, 'Caetana Torres', 'Feminino', '2009-08-17', 'Filho(a)'),
(5, 'Iara Maia', 'Feminino', '1992-11-06', 'Enteado(a)'),
(6, 'Erica Monteiro', 'Outro', '2018-05-14', 'Filho(a)'),
(6, 'Miriam Rodrigues-Mota', 'Outro', '1982-01-30', 'Cônjuge'),
(7, 'Matias Baptista', 'Masculino', '1996-09-08', 'Filho(a)'),
(7, 'Madalena Vicente', 'Outro', '2006-12-29', 'Filho(a)'),
(10, 'Bianca Cruz', 'Feminino', '1965-06-28', 'Cônjuge'),
(10, 'Pedro Nunes', 'Outro', '2005-07-11', 'Filho(a)'),
(10, 'Yasmin Moura', 'Outro', '2004-12-11', 'Cônjuge'),
(11, 'Mauro do Borges', 'Feminino', '1998-02-01', 'Filho(a)'),
(11, 'Leonor Neto', 'Feminino', '1995-08-25', 'Cônjuge'),
(11, 'Hugo Ribeiro', 'Masculino', '2024-04-11', 'Enteado(a)'),
(12, 'Nair da Leal', 'Outro', '1970-02-09', 'Enteado(a)'),
(12, 'Alexandra Rodrigues', 'Outro', '1980-04-19', 'Filho(a)'),
(13, 'Letícia Carneiro-Pinheiro', 'Outro', '1980-10-22', 'Filho(a)'),
(13, 'Vera-Alice Vicente', 'Feminino', '1988-01-06', 'Filho(a)'),
(13, 'Joel Moreira', 'Masculino', '1976-08-30', 'Filho(a)'),
(16, 'Alice Leal', 'Feminino', '1960-07-16', 'Enteado(a)'),
(18, 'Joaquim do Morais', 'Outro', '1978-03-09', 'Cônjuge'),
(18, 'Júlia Machado-Matos', 'Masculino', '1972-06-13', 'Cônjuge'),
(18, 'Tatiana Nogueira-Sá', 'Masculino', '1980-02-11', 'Cônjuge'),
(18, 'Joel Rocha', 'Masculino', '2018-03-20', 'Filho(a)'),
(19, 'Erika Abreu', 'Feminino', '2004-10-20', 'Filho(a)'),
(21, 'Simão Mendes', 'Feminino', '2025-05-14', 'Filho(a)'),
(22, 'Mafalda Matos', 'Masculino', '1983-02-07', 'Filho(a)'),
(22, 'Miriam Esteves', 'Masculino', '2000-02-28', 'Filho(a)'),
(23, 'Ivo Pinho', 'Feminino', '2015-07-01', 'Filho(a)'),
(23, 'Wilson Paiva-Figueiredo', 'Masculino', '2000-07-27', 'Filho(a)'),
(24, 'Isabela Simões', 'Feminino', '2018-05-27', 'Filho(a)'),
(24, 'Yara Macedo', 'Feminino', '1988-09-11', 'Enteado(a)'),
(25, 'Noa Jesus', 'Outro', '2000-07-28', 'Enteado(a)'),
(25, 'Rafaela Lopes', 'Masculino', '2013-12-20', 'Cônjuge'),
(26, 'Lisandro Cardoso', 'Feminino', '1991-01-18', 'Filho(a)'),
(26, 'Melissa Cunha', 'Masculino', '2022-08-30', 'Filho(a)'),
(26, 'Adriana Domingues', 'Feminino', '2005-08-11', 'Filho(a)'),
(26, 'Marta Garcia', 'Feminino', '1972-11-19', 'Cônjuge'),
(28, 'Filipe Rodrigues', 'Feminino', '1994-10-04', 'Filho(a)'),
(28, 'Rui de Costa', 'Masculino', '2023-09-08', 'Filho(a)'),
(29, 'Íris Vieira-Borges', 'Masculino', '1950-11-07', 'Cônjuge'),
(29, 'Isabel Oliveira', 'Masculino', '2024-09-26', 'Enteado(a)'),
(29, 'Núria Barbosa', 'Feminino', '1973-06-07', 'Cônjuge'),
(30, 'Joaquim Coelho', 'Outro', '2024-03-08', 'Filho(a)'),
(32, 'Kyara da Marques', 'Outro', '1973-05-31', 'Filho(a)'),
(32, 'Andreia Vieira', 'Masculino', '1999-12-24', 'Filho(a)'),
(32, 'Beatriz Miranda', 'Outro', '2007-09-06', 'Enteado(a)'),
(34, 'Catarina Macedo', 'Masculino', '1964-01-29', 'Cônjuge'),
(34, 'Kyara Barros', 'Outro', '1991-09-09', 'Filho(a)'),
(34, 'Francisco Batista', 'Feminino', '1976-11-18', 'Enteado(a)'),
(35, 'Bryan Andrade', 'Feminino', '1983-11-06', 'Filho(a)'),
(37, 'Marco Melo', 'Outro', '1946-01-16', 'Enteado(a)'),
(37, 'Jéssica Morais', 'Feminino', '2020-11-10', 'Cônjuge'),
(38, 'Inês Anjos', 'Feminino', '1997-10-28', 'Filho(a)'),
(38, 'Ângela Esteves', 'Outro', '2000-12-01', 'Filho(a)'),
(38, 'Sérgio Brito', 'Outro', '2004-07-03', 'Filho(a)'),
(38, 'Enzo Costa', 'Masculino', '2018-03-06', 'Filho(a)'),
(40, 'Núria Anjos', 'Feminino', '2006-06-20', 'Filho(a)'),
(43, 'Ana Pinheiro', 'Feminino', '1984-04-01', 'Enteado(a)'),
(43, 'Ismael Sá', 'Outro', '2004-04-18', 'Filho(a)'),
(43, 'Tatiana Melo', 'Outro', '2010-10-03', 'Filho(a)'),
(44, 'Erica Barbosa', 'Masculino', '1957-06-19', 'Cônjuge'),
(46, 'Rúben Moreira', 'Masculino', '1974-09-04', 'Enteado(a)'),
(46, 'Soraia Antunes', 'Masculino', '1993-02-26', 'Filho(a)'),
(48, 'Madalena Cardoso', 'Outro', '1952-03-24', 'Enteado(a)'),
(49, 'Beatriz Tavares', 'Masculino', '2021-03-20', 'Filho(a)'),
(49, 'Carminho Magalhães-Magalhães', 'Feminino', '2020-07-22', 'Enteado(a)'),
(49, 'Benjamim Batista', 'Outro', '2023-09-26', 'Filho(a)'),
(52, 'Artur Cunha', 'Masculino', '2005-09-15', 'Filho(a)'),
(54, 'Eduarda Esteves', 'Feminino', '1993-03-26', 'Enteado(a)'),
(54, 'Íris Nogueira', 'Outro', '1976-04-29', 'Enteado(a)'),
(54, 'Luciana Melo', 'Feminino', '1973-08-29', 'Filho(a)'),
(54, 'António Ribeiro', 'Outro', '1991-10-08', 'Cônjuge'),
(55, 'José Batista', 'Masculino', '2014-11-26', 'Filho(a)'),
(55, 'Érica-Rita Rocha', 'Outro', '1994-10-19', 'Enteado(a)'),
(55, 'Salvador Silva-Cunha', 'Outro', '2004-06-16', 'Filho(a)'),
(57, 'Inês Campos', 'Outro', '2014-12-08', 'Filho(a)'),
(57, 'Martim Teixeira', 'Outro', '2023-02-26', 'Cônjuge'),
(57, 'Lourenço Macedo', 'Feminino', '2017-01-23', 'Filho(a)'),
(58, 'Miguel Mendes', 'Masculino', '2020-03-06', 'Filho(a)'),
(61, 'Adriana Neto', 'Feminino', '2019-04-01', 'Filho(a)'),
(61, 'Andreia Freitas', 'Masculino', '1964-04-09', 'Cônjuge'),
(62, 'Camila Maia', 'Feminino', '2022-07-21', 'Cônjuge'),
(64, 'Francisca-Eva Ferreira', 'Masculino', '2021-01-26', 'Filho(a)'),
(64, 'Paulo Pires', 'Outro', '1981-11-09', 'Cônjuge'),
(65, 'Kyara Nogueira', 'Masculino', '1971-09-09', 'Cônjuge'),
(66, 'Luciana Esteves', 'Feminino', '1961-08-23', 'Cônjuge'),
(66, 'Carlota Barros', 'Feminino', '2019-08-10', 'Filho(a)'),
(66, 'Jéssica Campos', 'Feminino', '2011-02-18', 'Filho(a)'),
(67, 'Nádia Figueiredo-Pinto', 'Outro', '2021-06-02', 'Filho(a)'),
(68, 'Jorge Morais', 'Feminino', '2015-04-25', 'Filho(a)'),
(68, 'Vicente Monteiro-Miranda', 'Outro', '2006-11-20', 'Filho(a)'),
(71, 'Sara Magalhães-Pereira', 'Outro', '1969-08-04', 'Cônjuge'),
(75, 'Teresa-Teresa Nogueira', 'Outro', '1965-05-25', 'Cônjuge'),
(75, 'Igor Lima', 'Outro', '1965-01-14', 'Enteado(a)'),
(75, 'Bryan Fernandes', 'Masculino', '2020-07-16', 'Cônjuge'),
(75, 'Gabriela Matos', 'Masculino', '2022-07-14', 'Filho(a)'),
(76, 'Emília-Ana Matos', 'Outro', '1990-09-03', 'Enteado(a)'),
(78, 'Bianca Almeida', 'Masculino', '2000-11-18', 'Filho(a)'),
(78, 'Manuel Valente', 'Feminino', '2014-05-03', 'Filho(a)'),
(78, 'Violeta Baptista', 'Masculino', '2002-03-27', 'Filho(a)'),
(78, 'Samuel Moreira-Fernandes', 'Feminino', '2010-10-08', 'Filho(a)'),
(79, 'Francisca Abreu', 'Outro', '1994-09-27', 'Cônjuge'),
(80, 'Núria Borges', 'Masculino', '1980-12-11', 'Filho(a)'),
(80, 'Matilde Lourenço', 'Outro', '1967-08-28', 'Filho(a)'),
(80, 'Mauro Cruz', 'Masculino', '2000-12-05', 'Filho(a)'),
(81, 'Jéssica Soares', 'Masculino', '2021-04-11', 'Enteado(a)'),
(81, 'Yara Marques', 'Feminino', '1970-10-08', 'Filho(a)'),
(81, 'Fabiana-Joana Sá', 'Feminino', '2022-12-20', 'Filho(a)'),
(82, 'Renata Pinheiro', 'Outro', '1994-07-27', 'Filho(a)'),
(82, 'Bernardo Fonseca', 'Outro', '1973-05-15', 'Cônjuge'),
(84, 'Vicente Oliveira-Carneiro', 'Masculino', '1993-03-06', 'Filho(a)'),
(85, 'Kelly da Sá', 'Outro', '1972-07-26', 'Enteado(a)'),
(85, 'Mia Alves', 'Feminino', '1964-02-20', 'Cônjuge'),
(85, 'Enzo Moura', 'Masculino', '2024-03-03', 'Filho(a)'),
(86, 'Kévim Batista', 'Outro', '1945-11-03', 'Enteado(a)'),
(88, 'Leandro Marques-Sousa', 'Feminino', '2013-05-20', 'Filho(a)'),
(88, 'Anita do Vicente', 'Feminino', '1992-03-22', 'Filho(a)'),
(88, 'Salvador Domingues-Mota', 'Feminino', '1994-12-23', 'Filho(a)'),
(89, 'Larissa Moura-Branco', 'Feminino', '2000-06-21', 'Filho(a)'),
(89, 'Mélanie-Bianca Silva', 'Outro', '1961-01-29', 'Cônjuge'),
(90, 'Lucas Mota-Matias', 'Outro', '2003-07-08', 'Enteado(a)'),
(90, 'Nuno Valente', 'Feminino', '1983-07-24', 'Filho(a)'),
(92, 'Emanuel Teixeira', 'Outro', '1996-12-02', 'Filho(a)'),
(92, 'Emília Matias-Araújo', 'Masculino', '2019-09-18', 'Filho(a)'),
(92, 'Isaac Machado-Cruz', 'Feminino', '2011-11-06', 'Filho(a)'),
(94, 'Sandro Nunes', 'Masculino', '2020-08-21', 'Enteado(a)'),
(94, 'Benedita Figueiredo', 'Outro', '2009-02-08', 'Cônjuge'),
(96, 'Leandro Branco', 'Feminino', '2015-12-23', 'Filho(a)'),
(96, 'Mateus Leal', 'Masculino', '2019-01-01', 'Filho(a)'),
(97, 'Camila de Vaz', 'Outro', '1987-05-20', 'Filho(a)'),
(97, 'Camila Sá', 'Masculino', '2017-08-03', 'Filho(a)'),
(97, 'Francisco Moreira', 'Outro', '1983-06-03', 'Cônjuge'),
(99, 'Carlota Barbosa', 'Outro', '2013-08-08', 'Filho(a)'),
(100, 'Maria Antunes', 'Feminino', '1963-06-14', 'Cônjuge'),
(100, 'Eva Rodrigues', 'Outro', '2025-09-12', 'Cônjuge'),
(100, 'Bárbara Sousa', 'Masculino', '2006-08-28', 'Filho(a)');

-- Dados para Faltas
INSERT INTO Faltas (ID_Fun, Data, Justificacao) VALUES
(2, '2023-06-12', 'Assuntos pessoais urgentes'),
(2, '2022-11-27', NULL),
(2, '2023-11-27', 'Procedimentos legais/burocráticos'),
(5, '2024-03-05', 'Procedimentos legais/burocráticos'),
(6, '2025-10-04', 'Apoio à família'),
(6, '2023-05-07', 'Procedimentos legais/burocráticos'),
(6, '2022-12-03', NULL),
(6, '2024-02-08', 'Assuntos pessoais urgentes'),
(7, '2023-01-10', 'Avaria de transporte'),
(8, '2024-03-09', NULL),
(8, '2024-05-09', 'Procedimentos legais/burocráticos'),
(8, '2024-04-29', NULL),
(8, '2024-07-04', NULL),
(8, '2025-08-05', 'Doença súbita'),
(9, '2024-07-22', 'Apoio à família'),
(10, '2022-12-16', 'Consulta médica'),
(10, '2025-08-23', 'Doença súbita'),
(10, '2023-08-20', NULL),
(10, '2023-12-14', NULL),
(11, '2024-10-02', 'Procedimentos legais/burocráticos'),
(11, '2023-08-10', 'Consulta médica'),
(12, '2023-03-26', 'Procedimentos legais/burocráticos'),
(12, '2024-12-06', NULL),
(12, '2024-05-09', 'Apoio à família'),
(12, '2024-09-08', 'Apoio à família'),
(12, '2023-11-29', 'Doença súbita'),
(12, '2024-06-27', 'Doença súbita'),
(13, '2023-08-04', 'Apoio à família'),
(13, '2023-04-19', 'Doença súbita'),
(13, '2025-04-03', 'Apoio à família'),
(13, '2024-08-26', NULL),
(14, '2024-10-08', NULL),
(14, '2024-04-21', 'Assuntos pessoais urgentes'),
(14, '2024-06-05', 'Doença súbita'),
(14, '2025-09-04', 'Consulta médica'),
(14, '2025-02-09', 'Apoio à família'),
(14, '2024-02-20', 'Consulta médica'),
(14, '2022-12-10', NULL),
(14, '2025-06-11', 'Assuntos pessoais urgentes'),
(14, '2024-07-09', NULL),
(15, '2024-12-03', 'Doença súbita'),
(16, '2023-02-10', 'Apoio à família'),
(16, '2023-02-02', NULL),
(16, '2023-02-04', 'Procedimentos legais/burocráticos'),
(17, '2024-04-27', 'Consulta médica'),
(17, '2024-08-05', NULL),
(18, '2023-01-10', NULL),
(18, '2025-01-07', NULL),
(18, '2023-02-21', NULL),
(19, '2025-03-04', NULL),
(19, '2023-07-15', 'Apoio à família'),
(19, '2025-03-02', 'Doença súbita'),
(19, '2025-09-03', 'Assuntos pessoais urgentes'),
(20, '2023-08-11', 'Consulta médica'),
(22, '2024-01-07', 'Avaria de transporte'),
(22, '2025-01-15', 'Assuntos pessoais urgentes'),
(22, '2025-05-19', 'Doença súbita'),
(22, '2024-05-26', 'Consulta médica'),
(22, '2024-10-13', 'Assuntos pessoais urgentes'),
(23, '2024-05-16', 'Apoio à família'),
(23, '2024-04-17', 'Doença súbita'),
(23, '2023-05-11', 'Procedimentos legais/burocráticos'),
(23, '2025-05-29', 'Procedimentos legais/burocráticos'),
(23, '2023-03-11', 'Assuntos pessoais urgentes'),
(24, '2022-11-25', 'Avaria de transporte'),
(24, '2023-07-06', 'Consulta médica'),
(24, '2025-02-21', 'Avaria de transporte'),
(24, '2023-03-10', NULL),
(24, '2025-09-16', 'Doença súbita'),
(25, '2024-10-09', 'Apoio à família'),
(26, '2023-06-23', NULL),
(26, '2025-07-22', 'Apoio à família'),
(26, '2024-02-20', 'Doença súbita'),
(28, '2023-05-02', 'Doença súbita'),
(28, '2023-04-18', 'Avaria de transporte'),
(28, '2025-05-21', 'Consulta médica'),
(28, '2025-01-13', 'Assuntos pessoais urgentes'),
(29, '2025-05-18', 'Avaria de transporte'),
(30, '2024-04-19', 'Doença súbita'),
(30, '2025-07-30', 'Apoio à família'),
(32, '2023-11-25', NULL),
(32, '2024-11-27', 'Procedimentos legais/burocráticos'),
(32, '2024-03-27', 'Apoio à família'),
(32, '2023-05-06', 'Doença súbita'),
(33, '2023-10-19', 'Procedimentos legais/burocráticos'),
(33, '2024-10-11', 'Doença súbita'),
(34, '2023-05-28', 'Assuntos pessoais urgentes'),
(34, '2025-06-20', 'Assuntos pessoais urgentes'),
(34, '2023-01-20', 'Avaria de transporte'),
(34, '2024-02-22', 'Consulta médica'),
(35, '2023-04-12', NULL),
(36, '2023-07-06', 'Avaria de transporte'),
(36, '2024-06-24', 'Assuntos pessoais urgentes'),
(36, '2024-08-10', 'Consulta médica'),
(37, '2023-09-09', 'Avaria de transporte'),
(37, '2025-02-09', 'Avaria de transporte'),
(37, '2023-06-24', 'Apoio à família'),
(37, '2025-08-25', 'Procedimentos legais/burocráticos'),
(37, '2022-11-22', 'Apoio à família'),
(37, '2023-05-27', 'Doença súbita'),
(37, '2024-09-04', 'Consulta médica'),
(38, '2023-07-10', 'Procedimentos legais/burocráticos'),
(40, '2024-06-10', 'Procedimentos legais/burocráticos'),
(41, '2025-07-05', 'Procedimentos legais/burocráticos'),
(42, '2024-01-14', 'Apoio à família'),
(43, '2025-09-14', 'Consulta médica'),
(46, '2025-02-09', 'Procedimentos legais/burocráticos'),
(46, '2024-12-01', 'Avaria de transporte'),
(47, '2024-04-11', 'Avaria de transporte'),
(47, '2024-07-09', 'Consulta médica'),
(47, '2024-04-20', 'Procedimentos legais/burocráticos'),
(47, '2025-06-25', 'Assuntos pessoais urgentes'),
(48, '2023-09-30', 'Avaria de transporte'),
(48, '2023-11-07', NULL),
(48, '2023-03-16', 'Procedimentos legais/burocráticos'),
(48, '2024-09-12', 'Avaria de transporte'),
(49, '2024-01-02', 'Assuntos pessoais urgentes'),
(49, '2023-08-08', 'Doença súbita'),
(49, '2024-02-15', 'Procedimentos legais/burocráticos'),
(50, '2025-05-16', 'Avaria de transporte'),
(51, '2023-04-11', NULL),
(51, '2024-12-08', NULL),
(51, '2024-12-27', NULL),
(51, '2024-02-23', 'Procedimentos legais/burocráticos'),
(52, '2022-12-22', 'Doença súbita'),
(53, '2023-08-30', 'Consulta médica'),
(54, '2023-06-24', 'Consulta médica'),
(54, '2024-04-22', 'Doença súbita'),
(55, '2025-10-29', 'Consulta médica'),
(55, '2023-11-30', 'Avaria de transporte'),
(56, '2022-11-14', 'Assuntos pessoais urgentes'),
(56, '2025-04-12', 'Apoio à família'),
(56, '2022-11-11', 'Apoio à família'),
(56, '2025-04-06', 'Avaria de transporte'),
(57, '2025-05-18', 'Consulta médica'),
(57, '2024-11-15', NULL),
(57, '2023-02-17', 'Consulta médica'),
(58, '2024-07-09', 'Consulta médica'),
(58, '2023-11-08', 'Doença súbita'),
(59, '2025-06-12', NULL),
(59, '2023-12-11', NULL),
(59, '2023-12-07', 'Consulta médica'),
(59, '2023-05-14', 'Apoio à família'),
(60, '2025-04-22', NULL),
(60, '2025-02-24', 'Apoio à família'),
(62, '2023-09-26', 'Avaria de transporte'),
(62, '2025-10-25', NULL),
(62, '2024-12-01', 'Assuntos pessoais urgentes'),
(62, '2024-04-30', 'Assuntos pessoais urgentes'),
(63, '2024-06-27', 'Consulta médica'),
(64, '2025-06-22', 'Apoio à família'),
(64, '2025-07-05', 'Apoio à família'),
(64, '2024-05-18', 'Doença súbita'),
(65, '2024-08-07', NULL),
(65, '2024-10-13', NULL),
(65, '2024-08-30', 'Procedimentos legais/burocráticos'),
(65, '2022-12-06', 'Assuntos pessoais urgentes'),
(66, '2024-08-18', 'Apoio à família'),
(66, '2025-07-17', 'Avaria de transporte'),
(66, '2025-09-15', 'Apoio à família'),
(66, '2023-04-14', 'Assuntos pessoais urgentes'),
(66, '2025-05-17', NULL),
(67, '2024-09-03', 'Apoio à família'),
(67, '2024-03-13', 'Procedimentos legais/burocráticos'),
(67, '2024-11-25', 'Assuntos pessoais urgentes'),
(67, '2023-05-28', 'Procedimentos legais/burocráticos'),
(67, '2024-12-29', NULL),
(68, '2025-05-19', NULL),
(69, '2025-09-18', 'Assuntos pessoais urgentes'),
(69, '2024-06-28', 'Assuntos pessoais urgentes'),
(70, '2025-07-08', 'Procedimentos legais/burocráticos'),
(70, '2025-01-01', NULL),
(70, '2023-06-22', 'Procedimentos legais/burocráticos'),
(71, '2023-06-03', 'Assuntos pessoais urgentes'),
(71, '2023-01-20', NULL),
(72, '2024-07-22', 'Avaria de transporte'),
(73, '2025-03-13', 'Assuntos pessoais urgentes'),
(73, '2024-11-09', 'Assuntos pessoais urgentes'),
(73, '2023-04-28', NULL),
(73, '2024-04-23', NULL),
(73, '2025-11-07', 'Assuntos pessoais urgentes'),
(73, '2022-11-18', 'Procedimentos legais/burocráticos'),
(74, '2023-12-30', 'Assuntos pessoais urgentes'),
(74, '2022-12-08', 'Consulta médica'),
(74, '2023-12-24', NULL),
(74, '2023-11-02', 'Assuntos pessoais urgentes'),
(74, '2024-03-21', 'Consulta médica'),
(74, '2025-10-10', 'Assuntos pessoais urgentes'),
(76, '2024-04-06', 'Consulta médica'),
(76, '2022-11-21', NULL),
(76, '2025-01-05', 'Assuntos pessoais urgentes'),
(77, '2023-10-17', 'Consulta médica'),
(77, '2023-02-27', 'Consulta médica'),
(77, '2023-01-05', 'Procedimentos legais/burocráticos'),
(78, '2023-02-03', NULL),
(78, '2023-09-11', 'Avaria de transporte'),
(78, '2025-06-26', 'Doença súbita'),
(78, '2025-05-05', 'Assuntos pessoais urgentes'),
(79, '2023-10-14', NULL),
(79, '2023-06-15', 'Doença súbita'),
(79, '2025-06-06', 'Procedimentos legais/burocráticos'),
(80, '2024-10-17', 'Assuntos pessoais urgentes'),
(80, '2024-02-10', 'Procedimentos legais/burocráticos'),
(80, '2023-05-16', 'Apoio à família'),
(80, '2025-01-22', NULL),
(80, '2023-01-12', 'Assuntos pessoais urgentes'),
(81, '2024-01-23', 'Avaria de transporte'),
(81, '2024-10-22', 'Procedimentos legais/burocráticos'),
(81, '2023-04-06', 'Consulta médica'),
(81, '2023-12-04', 'Procedimentos legais/burocráticos'),
(81, '2024-04-06', NULL),
(81, '2025-04-10', NULL),
(81, '2023-09-21', 'Avaria de transporte'),
(82, '2023-11-11', NULL),
(82, '2023-11-18', 'Assuntos pessoais urgentes'),
(82, '2024-12-19', 'Procedimentos legais/burocráticos'),
(83, '2023-07-21', 'Doença súbita'),
(83, '2025-11-07', 'Assuntos pessoais urgentes'),
(83, '2024-03-28', NULL),
(83, '2024-05-06', 'Assuntos pessoais urgentes'),
(84, '2025-08-31', 'Consulta médica'),
(84, '2024-01-10', 'Doença súbita'),
(85, '2024-02-19', 'Procedimentos legais/burocráticos'),
(85, '2025-08-03', NULL),
(86, '2025-03-10', NULL),
(88, '2025-01-11', 'Doença súbita'),
(88, '2025-07-16', 'Doença súbita'),
(89, '2023-07-13', 'Apoio à família'),
(90, '2024-02-28', 'Assuntos pessoais urgentes'),
(90, '2023-07-12', 'Avaria de transporte'),
(92, '2025-05-08', NULL),
(92, '2025-10-22', 'Consulta médica'),
(92, '2022-12-29', 'Consulta médica'),
(92, '2024-10-20', 'Avaria de transporte'),
(93, '2023-09-01', 'Assuntos pessoais urgentes'),
(93, '2023-01-23', NULL),
(93, '2023-01-07', 'Assuntos pessoais urgentes'),
(93, '2023-07-13', 'Apoio à família'),
(93, '2024-12-29', 'Consulta médica'),
(93, '2025-07-19', 'Apoio à família'),
(94, '2025-07-19', 'Assuntos pessoais urgentes'),
(94, '2023-12-13', 'Procedimentos legais/burocráticos'),
(94, '2024-03-31', 'Consulta médica'),
(94, '2023-01-22', 'Consulta médica'),
(95, '2023-06-03', 'Procedimentos legais/burocráticos'),
(96, '2025-06-12', 'Procedimentos legais/burocráticos'),
(97, '2025-07-22', 'Doença súbita'),
(97, '2023-03-03', 'Doença súbita'),
(97, '2025-10-12', 'Procedimentos legais/burocráticos'),
(97, '2025-06-06', 'Consulta médica'),
(98, '2025-03-30', 'Procedimentos legais/burocráticos'),
(99, '2024-08-02', 'Avaria de transporte'),
(100, '2023-11-04', NULL),
(100, '2024-02-08', NULL),
(100, '2025-10-13', 'Consulta médica'),
(100, '2024-03-18', 'Consulta médica'),
(100, '2025-10-15', 'Procedimentos legais/burocráticos'),
(100, '2023-12-09', 'Consulta médica');

-- Dados para Historico_empresas
INSERT INTO Historico_empresas (ID_Fun, Nome_empresa, Cargo, Data_inicio, Data_fim) VALUES
(1, 'bd054', 'Executivo de Contas', '2021-11-21', NULL),
(1, 'Nunes Cardoso Lda.', 'Empregado das agências de viagem', '2019-12-04', '2021-01-07'),
(1, 'Assunção Assunção Lda.', 'Secretário da área jurídica', '2014-07-07', '2019-04-26'),
(2, 'bd054', 'Representante de Vendas Interno', '2024-10-27', NULL),
(3, 'bd054', 'Analista de Qualidade', '2025-08-02', NULL),
(4, 'bd054', 'Analista Financeiro', '2021-10-13', NULL),
(4, 'Macedo e Filhos', 'Pintor à pistola de superfícies', '2019-02-24', '2021-02-11'),
(4, 'Batista', 'Corretor comercial', '2015-01-07', '2018-11-15'),
(4, 'Brito Maia Lda.', 'Armador de ferro', '2013-02-08', '2014-04-21'),
(5, 'bd054', 'Desenvolvedor de Software Júnior', '2022-08-19', NULL),
(6, 'bd054', 'Técnico de Suporte de TI', '2022-05-01', NULL),
(6, 'Sá', 'Corretor de bolsa, cambista', '2019-08-26', '2022-02-20'),
(6, 'Silva', 'Desenhadores e técnicos afins', '2015-05-25', '2019-03-13'),
(7, 'bd054', 'Inspetor de Qualidade', '2024-06-23', NULL),
(7, 'Ribeiro', 'Regulador e operador de máquinas ferramentas convencionais para trabalhar metais', '2018-12-18', '2023-10-29'),
(7, 'Leite Lda.', 'Técnico de inspeção de veículos', '2016-06-25', '2018-02-23'),
(8, 'bd054', 'Gerente de Vendas', '2024-05-06', NULL),
(9, 'bd054', 'Inspetor de Qualidade', '2020-12-09', NULL),
(9, 'Antunes Neves S.A.', 'Distribuidor de mercadorias', '2015-04-24', '2020-01-22'),
(10, 'bd054', 'Executivo de Contas', '2022-01-23', NULL),
(10, 'Morais Castro e Filhos', 'Operador de dados de processamento de pagamentos', '2018-12-22', '2021-08-11'),
(10, 'Cunha Barbosa S.A.', 'Diretores de armazenagem, distribuição e relacionados', '2016-05-24', '2018-04-19'),
(10, 'Azevedo', 'Astrónomo', '2010-11-09', '2015-07-24'),
(11, 'bd054', 'Analista de Dados', '2022-05-27', NULL),
(12, 'bd054', 'Assistente Administrativo', '2023-04-18', NULL),
(12, 'Borges Jesus S/A', 'Operador de máquinas de costura', '2018-05-20', '2022-04-19'),
(12, 'Ferreira e Filhos', 'Lavadeiro e engomador de roupa', '2012-08-15', '2017-05-20'),
(12, 'Castro', 'Lavador de janelas', '2007-09-14', '2012-03-02'),
(13, 'bd054', 'Analista Financeiro', '2021-01-18', NULL),
(13, 'Carneiro', 'Terapeuta e assistente dentário', '2017-02-03', '2020-09-16'),
(13, 'Pacheco Lda.', 'Trabalhador não qualificado da floresta', '2012-05-04', '2016-03-03'),
(14, 'bd054', 'Gerente de Marketing', '2024-05-12', NULL),
(14, 'Leal Paiva e Filhos', 'Diretor de produção na aquicultura', '2021-06-17', '2024-02-27'),
(14, 'Marques', 'Estucador', '2016-10-03', '2020-08-02'),
(15, 'bd054', 'Engenheiro de DevOps', '2024-05-03', NULL),
(15, 'Silva Lda.', 'Mecânico e reparador de veículos automóveis', '2021-02-04', '2023-11-03'),
(15, 'Almeida S/A', 'Polidor e acabador de artigos de vidro', '2016-06-15', '2020-05-06'),
(16, 'bd054', 'Analista de Mídia Social', '2021-02-09', NULL),
(16, 'Gonçalves', 'Audiologista', '2018-04-04', '2020-06-01'),
(16, 'Reis Pires S.A.', 'Oceanógrafo', '2016-06-17', '2018-02-09'),
(17, 'bd054', 'Gerente Financeiro', '2024-08-31', NULL),
(18, 'bd054', 'Assistente Jurídico', '2024-01-05', NULL),
(18, 'Moreira', 'Filólogo', '2018-09-20', '2023-04-27'),
(18, 'Cunha Machado S.A.', 'Motosserrista', '2013-05-17', '2017-11-27'),
(19, 'bd054', 'Especialista em Recrutamento', '2025-02-27', NULL),
(19, 'Lourenço Valente S/A', 'Rececionista, exceto de hotel', '2021-10-07', '2024-08-13'),
(20, 'bd054', 'Supervisor de Atendimento ao Cliente', '2022-06-21', NULL),
(20, 'Costa Lda.', 'Regulador e operador de máquinas ferramentas de comando numérico computorizado', '2020-05-01', '2021-11-02'),
(21, 'bd054', 'Analista de Mídia Social', '2023-01-31', NULL),
(21, 'Reis Batista e Filhos', 'Operador de máquinas para o fabrico do tabaco', '2021-09-11', '2022-10-31'),
(21, 'Carneiro S.A.', 'Operador de máquinas agrícolas e florestais, móveis', '2019-08-07', '2021-07-22'),
(22, 'bd054', 'Engenheiro de DevOps', '2021-05-17', NULL),
(22, 'Leite', 'Tradutor', '2016-07-11', '2020-12-20'),
(22, 'Almeida S/A', 'Segurança (vigilante privado), outros porteiros', '2012-07-15', '2016-01-05'),
(23, 'bd054', 'Técnico de Suporte de TI', '2024-12-20', NULL),
(23, 'Teixeira', 'Operador de instalações de tratamento térmico de metais', '2021-09-26', '2024-06-28'),
(24, 'bd054', 'Advogado Corporativo', '2025-09-27', NULL),
(24, 'Rodrigues Domingues S.A.', 'Representante comercial', '2023-03-14', '2024-10-20'),
(24, 'Assunção S.A.', 'Oceanógrafo', '2017-09-19', '2022-07-01'),
(25, 'bd054', 'Executivo de Contas', '2023-02-24', NULL),
(25, 'Vaz', 'Trabalhador de limpeza em escritórios, hotéis', '2018-04-08', '2022-02-24'),
(25, 'Lima S.A.', 'Técnico de nível intermédio de apoio social', '2013-10-27', '2017-12-05'),
(26, 'bd054', 'Assistente Jurídico', '2022-12-10', NULL),
(26, 'Cunha', 'Encarregado de limpeza e de trabalhos domésticos em escritórios, hotéis e outros', '2017-12-04', '2022-01-06'),
(26, 'Santos Melo e Filhos', 'Secretário da área da medicina', '2013-01-16', '2016-12-07'),
(26, 'Antunes Miranda S.A.', 'Diretor dos serviços de apoio social', '2008-12-24', '2012-10-23'),
(27, 'bd054', 'Designer UI/UX', '2021-04-10', NULL),
(27, 'Garcia Lopes S.A.', 'Operador de máquinas para preparação de chá, café e cacau', '2017-03-18', '2020-05-24'),
(27, 'Santos', 'Controlador de tráfego aéreo', '2015-03-05', '2016-05-09'),
(28, 'bd054', 'Recepcionista', '2024-10-30', NULL),
(28, 'Cunha', 'Ajudante familiar', '2022-08-04', '2024-04-24'),
(29, 'bd054', 'Gerente de Projetos', '2025-10-20', NULL),
(29, 'Leal Tavares Lda.', 'Oceanógrafo', '2020-01-20', '2025-01-16'),
(29, 'Anjos Neves e Filhos', 'Operador de instalações de fornos e de primeira transformação de metais', '2016-08-14', '2019-08-31'),
(30, 'bd054', 'Assistente Jurídico', '2023-07-10', NULL),
(30, 'Moura', 'Enfermeiro especialista em reabilitação', '2021-04-20', '2022-10-25'),
(30, 'Fernandes', 'Técnico de análises clínicas', '2019-02-14', '2021-02-18'),
(31, 'bd054', 'Especialista em Sucesso do Cliente', '2023-06-02', NULL),
(31, 'Anjos', 'Árbitro (juiz) de desportos', '2018-10-04', '2023-01-26'),
(32, 'bd054', 'Recepcionista', '2022-03-20', NULL),
(33, 'bd054', 'Designer UI/UX', '2021-09-25', NULL),
(34, 'bd054', 'Desenvolvedor de Software Júnior', '2022-12-22', NULL),
(34, 'Matias S.A.', 'Aquicultor (aquacultor)', '2018-04-26', '2022-08-05'),
(34, 'Sousa', 'Oficiais e outros profissionais das forças e serviços de segurança, com funções de comando,', '2015-12-21', '2017-05-01'),
(35, 'bd054', 'Inspetor de Qualidade', '2022-11-21', NULL),
(35, 'Costa', 'Bagageiro', '2019-01-31', '2022-04-30'),
(35, 'Freitas', 'Produtor e trabalhador qualificado na produção de outros animais de carne', '2015-11-23', '2018-10-10'),
(36, 'bd054', 'Desenvolvedor de Software Júnior', '2022-09-06', NULL),
(36, 'Faria', 'Ajudante familiar', '2018-09-19', '2021-12-19'),
(37, 'bd054', 'Analista de Dados', '2021-02-20', NULL),
(37, 'Oliveira Lda.', 'Engenheiro eletrónico', '2018-05-30', '2020-06-28'),
(38, 'bd054', 'Analista Financeiro', '2022-07-19', NULL),
(38, 'Brito', 'Aquicultor (aquacultor)', '2017-08-28', '2022-02-12'),
(39, 'bd054', 'Analista de Qualidade', '2022-08-02', NULL),
(39, 'Abreu', 'Polidor e acabador de artigos de vidro', '2019-09-06', '2021-08-03'),
(39, 'Figueiredo Amorim S/A', 'Instrutor de condução', '2017-09-28', '2018-11-15'),
(39, 'Cunha', 'Vendedor ambulante', '2012-05-18', '2017-01-17'),
(40, 'bd054', 'Analista de Mídia Social', '2025-06-15', NULL),
(40, 'Coelho Maia e Filhos', 'Segurança (vigilante privado), outros porteiros', '2021-06-16', '2024-09-14'),
(41, 'bd054', 'Gerente de Vendas', '2023-07-14', NULL),
(42, 'bd054', 'Inspetor de Qualidade', '2022-08-04', NULL),
(42, 'Nogueira', 'Montador de alvenarias e de pré', '2020-01-05', '2021-11-26'),
(42, 'Freitas', 'Tripulação de convés de navios', '2017-08-27', '2019-05-22'),
(43, 'bd054', 'Assistente Jurídico', '2023-09-01', NULL),
(44, 'bd054', 'Advogado Corporativo', '2023-02-15', NULL),
(44, 'Paiva S/A', 'Motosserrista', '2018-05-17', '2022-12-25'),
(45, 'bd054', 'Engenheiro de DevOps', '2024-02-15', NULL),
(46, 'bd054', 'Agente de Atendimento ao Cliente', '2023-08-07', NULL),
(46, 'Moreira', 'Diretor das indústrias de construção e de engenharia civil', '2019-05-17', '2023-02-11'),
(47, 'bd054', 'Diretor de Operações (COO)', '2021-10-03', NULL),
(47, 'Coelho', 'Operador de dados de processamento de pagamentos', '2016-05-16', '2020-11-21'),
(48, 'bd054', 'Especialista em Sucesso do Cliente', '2025-04-08', NULL),
(48, 'Santos', 'Operador de instalações de processamento de minérios', '2021-04-28', '2025-01-12'),
(48, 'Mendes e Filhos', 'Programador de software', '2019-10-12', '2020-10-28'),
(49, 'bd054', 'Redator (Copywriter)', '2024-12-19', NULL),
(49, 'Antunes S.A.', 'Operador de instalações e máquinas, para petróleo e gás', '2023-05-21', '2024-08-26'),
(49, 'Barros Lda.', 'Oficial maquinista de navios', '2018-02-18', '2023-01-24'),
(49, 'Vicente Pinto S/A', 'Trabalhador qualificado da jardinagem', '2016-06-02', '2017-12-05'),
(50, 'bd054', 'Inspetor de Qualidade', '2021-08-14', NULL),
(50, 'Reis', 'Enfermeiro especialista em saúde mental e psiquiátrica', '2016-04-24', '2020-08-30'),
(50, 'Gomes Lda.', 'Polidor da pedra', '2014-01-05', '2016-02-23'),
(51, 'bd054', 'Analista de Sistemas', '2021-01-29', NULL),
(51, 'Fonseca', 'Operador de máquinas de branquear, tingir e limpar, tecidos e outros têxteis', '2017-03-10', '2020-10-22'),
(52, 'bd054', 'Assistente Jurídico', '2025-05-15', NULL),
(52, 'Paiva', 'Assentador de refratários', '2022-10-25', '2024-09-03'),
(53, 'bd054', 'Desenvolvedor de Software Sénior', '2025-05-14', NULL),
(53, 'Tavares', 'Treinador de desportos', '2020-12-15', '2025-03-18'),
(53, 'Freitas', 'Cortador de carne', '2015-05-13', '2020-02-13'),
(54, 'bd054', 'Contador', '2023-11-22', NULL),
(54, 'Carvalho', 'Engenheiro de construção de edifícios', '2020-03-15', '2023-02-08'),
(55, 'bd054', 'Diretor de Operações (COO)', '2025-10-27', NULL),
(55, 'Leal', 'Toureiro, cavaleiro tauromáquico e outros profissionais similares', '2021-10-24', '2025-05-23'),
(55, 'Martins e Filhos', 'Montador de tubagens', '2020-04-26', '2021-06-12'),
(55, 'Santos', 'Enfermeiro especialista em saúde mental e psiquiátrica', '2019-02-01', '2020-02-15'),
(56, 'bd054', 'Especialista em Recrutamento', '2022-07-07', NULL),
(56, 'Soares', 'Toureiro, cavaleiro tauromáquico e outros profissionais similares', '2019-11-23', '2021-12-21'),
(56, 'Simões Almeida S.A.', 'Trabalhador do fabrico de produtos lácteos', '2016-02-16', '2019-10-12'),
(56, 'Borges', 'Cabeleireiro e barbeiro', '2014-01-13', '2015-03-17'),
(57, 'bd054', 'Desenvolvedor de Software Sénior', '2021-10-12', NULL),
(57, 'Pinheiro', 'Pintor à pistola de superfícies', '2020-01-10', '2021-08-09'),
(58, 'bd054', 'Assistente Administrativo', '2024-05-09', NULL),
(59, 'bd054', 'Especialista em Marketing Digital', '2022-09-04', NULL),
(59, 'Monteiro S.A.', 'Botânico', '2019-08-13', '2021-12-30'),
(59, 'Soares Rodrigues S.A.', 'Assistente de venda de alimentos ao balcão', '2017-06-13', '2019-02-18'),
(59, 'Carneiro', 'Operador de instalações e máquinas para moagem de substâncias químicas', '2014-06-01', '2017-04-09'),
(60, 'bd054', 'Executivo de Contas', '2022-06-17', NULL),
(60, 'Monteiro', 'Lavador de janelas', '2018-04-14', '2021-07-26'),
(61, 'bd054', 'Analista de Mídia Social', '2024-01-11', NULL),
(61, 'Neves Cunha S/A', 'Corretor de bolsa, cambista', '2021-08-28', '2023-04-24'),
(61, 'Borges', 'Professor do ensino básico (1.º ciclo)', '2016-12-19', '2020-12-17'),
(62, 'bd054', 'Recepcionista', '2021-06-04', NULL),
(62, 'Matos', 'Terapeuta da fala', '2016-05-19', '2021-03-22'),
(62, 'Costa e Filhos', 'Enfermeiro especialista em saúde infantil e pediátrica', '2014-12-20', '2016-04-10'),
(62, 'Andrade', 'Auxiliar de professor', '2011-08-02', '2014-04-12'),
(63, 'bd054', 'Analista Financeiro', '2021-08-16', NULL),
(64, 'bd054', 'Analista Financeiro', '2023-11-12', NULL),
(64, 'Teixeira', 'Embalador manual da indústria transformadora', '2019-03-10', '2023-03-12'),
(65, 'bd054', 'Inspetor de Qualidade', '2025-10-25', NULL),
(65, 'Gaspar', 'Salineiro', '2023-04-22', '2025-01-16'),
(65, 'Sá', 'Engenheiro eletrotécnico', '2020-02-01', '2022-12-08'),
(66, 'bd054', 'Analista de Dados', '2025-04-19', NULL),
(66, 'Vicente Esteves e Filhos', 'Diretores de armazenagem, distribuição e relacionados', '2023-09-30', '2024-10-13'),
(66, 'Gomes e Filhos', 'Escrivão', '2021-08-22', '2023-02-21'),
(66, 'Reis', 'Distribuidor de mercadorias', '2016-04-30', '2020-09-19'),
(67, 'bd054', 'Representante de Vendas Interno', '2021-01-16', NULL),
(67, 'Ramos Lda.', 'Técnico de medicina nuclear', '2017-12-27', '2020-04-26'),
(68, 'bd054', 'Designer UI/UX', '2021-09-26', NULL),
(68, 'Pinheiro', 'Embalador manual da indústria transformadora', '2017-01-08', '2021-03-10'),
(68, 'Simões', 'Técnico das ciências da vida (excetos ciências médicas)', '2014-12-09', '2016-05-17'),
(69, 'bd054', 'Advogado Corporativo', '2020-12-28', NULL),
(69, 'Lima', 'Colocador de papel de parede, pintor decorador', '2018-12-13', '2020-09-09'),
(69, 'Mota Maia Lda.', 'Montador de alvenarias e de pré', '2016-09-29', '2018-09-23'),
(69, 'Silva', 'Operador de instalações e máquinas para tratamento térmico de produtos químicos', '2012-10-15', '2016-04-22'),
(70, 'bd054', 'Técnico de Suporte de TI', '2023-06-26', NULL),
(71, 'bd054', 'Agente de Atendimento ao Cliente', '2024-01-16', NULL),
(71, 'Amorim e Filhos', 'Trabalhador não qualificado das pedreiras', '2021-12-11', '2023-01-22'),
(71, 'Valente', 'Controlador de tráfego aéreo', '2018-02-08', '2021-04-19'),
(71, 'Correia', 'Técnico de secretariado', '2014-12-05', '2017-06-25'),
(72, 'bd054', 'Analista de Sistemas', '2022-09-25', NULL),
(72, 'Almeida', 'Técnico de registos médicos e de informação sobre saúde', '2016-11-08', '2021-10-23'),
(72, 'Ferreira Baptista S.A.', 'Prestador de serviços na rua', '2014-08-10', '2016-06-13'),
(73, 'bd054', 'Assistente Administrativo', '2025-09-07', NULL),
(73, 'Castro', 'Preparador de refeições rápidas', '2021-10-21', '2024-12-15'),
(73, 'Macedo', 'Instrutor de condução', '2018-05-03', '2021-08-02'),
(74, 'bd054', 'Assistente Jurídico', '2021-02-24', NULL),
(74, 'Lopes', 'Trabalhador do fabrico de produtos lácteos', '2016-10-16', '2020-11-03'),
(74, 'Lourenço', 'Reparador de bicicletas', '2011-11-13', '2016-05-24'),
(74, 'Pinheiro', 'Enfermeiro especialista em saúde materna e obstétrica', '2009-12-04', '2011-01-30'),
(75, 'bd054', 'Advogado Corporativo', '2021-01-06', NULL),
(76, 'bd054', 'Analista de Dados', '2025-06-08', NULL),
(76, 'Brito', 'Pessoal de informação administrativa', '2021-09-03', '2024-07-08'),
(77, 'bd054', 'Contador', '2023-04-09', NULL),
(77, 'Mendes e Filhos', 'Encarregado da indústria extrativa', '2017-05-23', '2022-04-22'),
(77, 'Vicente Pinto Lda.', 'Diretor dos serviços de cuidados a pessoas idosas', '2015-09-21', '2017-01-15'),
(78, 'bd054', 'Desenvolvedor de Software Sénior', '2025-04-01', NULL),
(78, 'Teixeira', 'Joalheiro', '2019-10-18', '2024-07-14'),
(79, 'bd054', 'Especialista em Recrutamento', '2025-09-22', NULL),
(79, 'Lima Vicente S.A.', 'Serralheiro civil', '2022-02-18', '2025-02-23'),
(79, 'Silva', 'Diretor de fotografia e de som, montador e relacionados', '2019-10-01', '2021-09-24'),
(80, 'bd054', 'Engenheiro de DevOps', '2021-03-03', NULL),
(80, 'Antunes e Filhos', 'Agricultor e trabalhador qualificado de cereais e outras culturas extensivas', '2017-08-05', '2020-12-01'),
(80, 'Vicente e Filhos', 'Armador de ferro', '2015-08-11', '2016-09-02'),
(81, 'bd054', 'Designer UI/UX', '2025-09-24', NULL),
(81, 'Abreu', 'Técnico das ciências da vida (excetos ciências médicas)', '2021-06-10', '2024-12-29'),
(81, 'Oliveira', 'Operador de máquinas de fabrico de calçado', '2019-04-26', '2020-09-18'),
(82, 'bd054', 'Advogado Corporativo', '2024-06-12', NULL),
(82, 'Rocha', 'Alfaiate e costureiro', '2022-09-04', '2024-04-13'),
(83, 'bd054', 'Analista Financeiro', '2023-06-18', NULL),
(83, 'Pereira', 'Diretor de transportes', '2021-10-22', '2023-03-07'),
(84, 'bd054', 'Gerente de Vendas', '2021-10-02', NULL),
(85, 'bd054', 'Analista de Dados', '2023-07-28', NULL),
(85, 'Costa', 'Técnico de eletricidade', '2021-06-11', '2022-08-04'),
(86, 'bd054', 'Analista de Recursos Humanos', '2024-04-27', NULL),
(86, 'Jesus', 'Técnico operador das tecnologias de informação e comunicação (TIC)', '2020-06-09', '2023-08-08'),
(87, 'bd054', 'Gerente de Vendas', '2023-01-28', NULL),
(87, 'Oliveira', 'Programador de software', '2019-07-03', '2022-03-07'),
(88, 'bd054', 'Especialista em Marketing Digital', '2024-10-07', NULL),
(88, 'Ferreira e Filhos', 'Cozinheiro', '2021-08-16', '2023-10-11'),
(88, 'Pires Marques S/A', 'Maquinista de locomotivas', '2017-06-11', '2020-09-21'),
(88, 'Carneiro', 'Rececionista, exceto de hotel', '2011-09-03', '2016-07-14'),
(89, 'bd054', 'Analista de Dados', '2024-04-03', NULL),
(89, 'Magalhães', 'Maleiro', '2019-06-18', '2024-02-09'),
(89, 'Nogueira', 'Ladrilhador', '2015-10-31', '2019-02-15'),
(89, 'Baptista', 'Filólogo', '2010-11-12', '2014-11-24'),
(90, 'bd054', 'Supervisor de Atendimento ao Cliente', '2021-05-09', NULL),
(90, 'Lopes', 'Mergulhador', '2017-07-05', '2020-09-05'),
(90, 'Batista Lda.', 'Serralheiro de moldes, cunhos, cortantes', '2013-06-26', '2017-05-19'),
(90, 'Nunes Ramos S.A.', 'Secretário da área da medicina', '2008-07-24', '2012-10-12'),
(91, 'bd054', 'Agente de Atendimento ao Cliente', '2025-05-18', NULL),
(91, 'Azevedo Mota e Filhos', 'Lavadeiro e engomador de roupa', '2023-04-15', '2025-03-25'),
(92, 'bd054', 'Especialista em Sucesso do Cliente', '2024-04-08', NULL),
(92, 'Rodrigues e Filhos', 'Escultor', '2021-03-16', '2023-07-20'),
(92, 'Mendes Antunes e Filhos', 'Embalsamador', '2019-10-02', '2021-01-15'),
(92, 'Neto Lda.', 'Programador Web e de multimédia', '2016-06-05', '2019-03-31'),
(93, 'bd054', 'Diretor de Operações (COO)', '2021-02-24', NULL),
(93, 'Rodrigues Lda.', 'Esteticista', '2017-04-05', '2020-04-24'),
(94, 'bd054', 'Gerente Financeiro', '2024-09-10', NULL),
(94, 'Domingues', 'Leitor de contadores', '2021-06-03', '2024-05-10'),
(94, 'Reis S.A.', 'Operador de máquinas de escavação, terraplenagem', '2017-12-27', '2021-04-07'),
(95, 'bd054', 'Inspetor de Qualidade', '2021-01-25', NULL),
(95, 'Lima', 'Manicura, pedicura e calista', '2019-04-22', '2020-08-20'),
(95, 'Costa', 'Diretor dos serviços de educação', '2014-11-18', '2018-04-26'),
(96, 'bd054', 'Analista de Dados', '2020-11-18', NULL),
(96, 'Marques Lda.', 'Motorista de veículos pesados de mercadorias', '2017-03-20', '2020-10-19'),
(96, 'Nunes e Filhos', 'Encarregados das indústrias da pasta, papel, impressão', '2015-02-21', '2016-06-12'),
(96, 'Vieira', 'Auxiliar de professor', '2012-09-27', '2014-11-18'),
(97, 'bd054', 'Desenvolvedor de Software Sénior', '2024-04-12', NULL),
(98, 'bd054', 'Especialista em Sucesso do Cliente', '2024-10-14', NULL),
(98, 'Vicente Faria S.A.', 'Operador de dados de processamento de pagamentos', '2022-09-07', '2024-02-29'),
(98, 'Mendes', 'Professor dos ensinos básico (2.º e 3.º ciclos) e secundário', '2020-07-25', '2022-07-10'),
(98, 'Sousa', 'Calceteiro', '2018-04-02', '2020-06-20'),
(99, 'bd054', 'Assistente Administrativo', '2021-12-03', NULL),
(99, 'Pires Morais e Filhos', 'Encarregados das indústrias da pasta, papel, impressão', '2018-12-27', '2021-03-03'),
(100, 'bd054', 'Especialista em Sucesso do Cliente', '2024-02-26', NULL),
(100, 'Correia Pinho S/A', 'Guarda freios, agulheiro e agente de manobras de caminhos de ferro', '2019-08-20', '2023-07-31');

-- Dados para Candidatos
INSERT INTO Candidatos (ID_cand, Nome, Email, Telemovel, CV, carta_motivacao) VALUES
(1, 'Luís Anjos-Esteves', 'jbatista@example.net', '(351) 936 730 511', NULL, NULL),
(2, 'Mafalda do Andrade', 'vazmelissa@example.net', '936523565', NULL, NULL),
(3, 'Erica Simões', 'paulo34@example.com', '(351) 923 419 018', NULL, NULL),
(4, 'Fernando Cardoso', 'carolina08@example.org', '(351) 967 794 786', NULL, NULL),
(5, 'Nádia-Gabriela Barros', 'ismael50@example.com', '(351) 937 309 622', NULL, NULL),
(6, 'William Leite', 'brunomiranda@example.org', '(351) 936 474 231', NULL, NULL),
(7, 'Leandro Alves', 'rafaelcosta@example.com', '(351) 937 921 135', NULL, NULL),
(8, 'Anita Costa', 'anita35@example.net', '(351) 913 330 615', NULL, NULL),
(9, 'Wilson do Oliveira', 'batistasalome@example.org', '910678574', NULL, NULL),
(10, 'Mafalda Freitas', 'ftavares@example.com', '(351) 215835414', NULL, NULL),
(11, 'Fabiana-Fabiana Moura', 'ypinto@example.com', '+351914945856', NULL, NULL),
(12, 'Renata Pires', 'tramos@example.com', '(351) 963493461', NULL, NULL),
(13, 'Leonardo Neto', 'patricia00@example.com', '+351279848209', NULL, NULL),
(14, 'Carlota Vaz', 'mauropereira@example.org', '+351968679469', NULL, NULL),
(15, 'Soraia de Faria', 'qmarques@example.com', '939269018', NULL, NULL),
(16, 'Joaquim Gomes-Baptista', 'yaravieira@example.org', '+351272970155', NULL, NULL),
(17, 'Mauro Marques', 'rassuncao@example.org', '(351) 932538548', NULL, NULL),
(18, 'Xavier Guerreiro-Rodrigues', 'sergioguerreiro@example.net', '963 820 382', NULL, NULL),
(19, 'Bryan Simões-Leite', 'nogueiramariana@example.com', '+351933898293', NULL, NULL),
(20, 'Constança-Rita Simões', 'sacatarina@example.com', '938 672 008', NULL, NULL),
(21, 'Diogo Teixeira', 'tome40@example.com', '+351934188031', NULL, NULL),
(22, 'Vicente Matias', 'fabianarodrigues@example.net', '+351290644442', NULL, NULL),
(23, 'Beatriz Almeida', 'marco80@example.com', '(351) 923649519', NULL, NULL),
(24, 'Emma Azevedo', 'scorreia@example.net', '(351) 964022238', NULL, NULL),
(25, 'Ângelo Silva', 'ivo85@example.com', '927904156', NULL, NULL),
(26, 'Eduarda-Mariana Lima', 'teixeiracatarina@example.com', '(351) 917139337', NULL, NULL),
(27, 'Erica Torres-Matias', 'matiasiris@example.org', '(351) 929678921', NULL, NULL),
(28, 'Adriana Fernandes', 'vicenteirina@example.org', '910400989', NULL, NULL),
(29, 'Joaquim Lourenço', 'fgarcia@example.net', '910 656 737', NULL, NULL),
(30, 'Benjamim Leal', 'alicecoelho@example.net', '924843430', NULL, NULL),
(31, 'Lucas da Silva', 'goncalo27@example.net', '(351) 924998715', NULL, NULL),
(32, 'Gustavo Lourenço', 'ramosgabriel@example.org', '(351) 925260301', NULL, NULL),
(33, 'Íris Guerreiro', 'vascomarques@example.org', '925581852', NULL, NULL),
(34, 'Teresa Araújo', 'vieiramiguel@example.org', '935358793', NULL, NULL),
(35, 'Helena Costa', 'teresacoelho@example.com', '(351) 917841628', NULL, NULL),
(36, 'André Brito', 'reisana@example.net', '+351223715694', NULL, NULL),
(37, 'Yasmin Ramos', 'eribeiro@example.org', '(351) 964 489 209', NULL, NULL),
(38, 'Filipa Gaspar', 'carolinadomingues@example.net', '(351) 284259734', NULL, NULL),
(39, 'Bryan Ribeiro-Pinto', 'torresmauro@example.net', '925 238 497', NULL, NULL),
(40, 'Alexandre Amaral', 'uramos@example.com', '963080387', NULL, NULL),
(41, 'Joel Esteves', 'lucacunha@example.net', '(351) 914 977 287', NULL, NULL),
(42, 'Eva Castro', 'correiadinis@example.net', '(351) 922 811 612', NULL, NULL),
(43, 'Rodrigo Jesus', 'camorim@example.com', '+351280822169', NULL, NULL),
(44, 'Miguel do Neves', 'knogueira@example.org', '922132792', NULL, NULL),
(45, 'Fábio do Freitas', 'gabrielnascimento@example.net', '(351) 297747895', NULL, NULL),
(46, 'Beatriz Amorim', 'pinhovitor@example.net', '(351) 968391621', NULL, NULL),
(47, 'Vasco Tavares', 'marcos84@example.org', '(351) 916122199', NULL, NULL),
(48, 'Yara Vaz-Cardoso', 'henrique09@example.org', '+351936015112', NULL, NULL),
(49, 'William Pacheco', 'tiago73@example.org', '931150490', NULL, NULL),
(50, 'Joel Anjos-Matias', 'santosgabriela@example.net', '(351) 939 153 186', NULL, NULL);

-- Dados para Vagas
INSERT INTO Vagas (ID_vaga, Data_abertura, Estado, ID_depart) VALUES
(1, '2024-07-03', 'Aberta', 6),
(2, '2024-04-03', 'Fechada', 7),
(3, '2024-08-18', 'Aberta', 6),
(4, '2025-02-15', 'Suspensa', 2),
(5, '2024-10-11', 'Suspensa', 8),
(6, '2024-03-15', 'Aberta', 5),
(7, '2024-09-27', 'Aberta', 4),
(8, '2025-08-07', 'Aberta', 6),
(9, '2024-04-05', 'Suspensa', 7),
(10, '2025-07-06', 'Suspensa', 3),
(11, '2025-11-03', 'Aberta', 5),
(12, '2024-07-06', 'Aberta', 5),
(13, '2024-11-16', 'Fechada', 4),
(14, '2024-04-24', 'Suspensa', 5),
(15, '2024-01-09', 'Fechada', 1),
(16, '2024-03-26', 'Aberta', 3),
(17, '2024-06-11', 'Suspensa', 6),
(18, '2025-01-28', 'Fechada', 3),
(19, '2025-08-17', 'Fechada', 4),
(20, '2025-04-26', 'Suspensa', 3);

-- Dados para Candidato_a
INSERT INTO Candidato_a (ID_cand, ID_Vaga, Data_cand, Estado, ID_recrutador) VALUES
(2, 8, '2025-10-04', 'Entrevista', 58),
(2, 20, '2025-04-29', 'Em análise', 98),
(3, 10, '2025-09-22', 'Contratado', 88),
(3, 13, '2025-07-20', 'Rejeitado', 62),
(5, 2, '2024-10-26', 'Contratado', 57),
(5, 5, '2025-08-07', 'Rejeitado', 20),
(6, 18, '2025-07-08', 'Em análise', 98),
(6, 17, '2025-06-16', 'Contratado', 62),
(6, 9, '2024-05-26', 'Contratado', 20),
(7, 4, '2025-07-07', 'Rejeitado', 90),
(7, 6, '2025-04-18', 'Rejeitado', 8),
(7, 13, '2025-05-05', 'Submetido', 88),
(8, 14, '2024-10-31', 'Em análise', 95),
(8, 12, '2025-03-23', 'Em análise', 29),
(8, 5, '2025-06-18', 'Rejeitado', 29),
(9, 4, '2025-03-24', 'Rejeitado', 62),
(9, 9, '2024-05-03', 'Entrevista', 8),
(9, 18, '2025-05-29', 'Rejeitado', 20),
(10, 3, '2024-12-30', 'Rejeitado', 90),
(11, 6, '2024-03-18', 'Entrevista', 43),
(11, 3, '2025-01-15', 'Contratado', 20),
(12, 6, '2024-07-03', 'Submetido', 98),
(12, 16, '2025-03-21', 'Entrevista', 93),
(13, 8, '2025-10-28', 'Submetido', 29),
(13, 6, '2024-08-02', 'Rejeitado', 37),
(16, 10, '2025-08-08', 'Submetido', 93),
(17, 14, '2025-07-29', 'Rejeitado', 52),
(17, 17, '2025-02-05', 'Rejeitado', 43),
(17, 16, '2024-11-25', 'Em análise', 43),
(18, 15, '2025-09-23', 'Rejeitado', 20),
(18, 16, '2025-07-25', 'Rejeitado', 43),
(18, 1, '2025-08-17', 'Contratado', 20),
(20, 19, '2025-11-08', 'Entrevista', 57),
(21, 5, '2025-09-26', 'Submetido', 98),
(21, 20, '2025-07-27', 'Contratado', 95),
(22, 11, '2025-11-03', 'Rejeitado', 88),
(22, 17, '2024-06-24', 'Em análise', 90),
(22, 8, '2025-08-11', 'Em análise', 29),
(23, 18, '2025-04-22', 'Em análise', 37),
(23, 12, '2024-09-16', 'Rejeitado', 95),
(23, 17, '2025-08-19', 'Rejeitado', 52),
(24, 19, '2025-09-15', 'Submetido', 29),
(24, 3, '2025-05-06', 'Entrevista', 20),
(24, 14, '2025-03-21', 'Entrevista', 57),
(29, 3, '2025-09-02', 'Rejeitado', 88),
(29, 7, '2025-09-01', 'Rejeitado', 93),
(31, 14, '2024-09-03', 'Rejeitado', 58),
(32, 3, '2025-03-02', 'Rejeitado', 62),
(34, 20, '2025-09-23', 'Contratado', 37),
(35, 12, '2024-10-20', 'Contratado', 95),
(35, 9, '2024-09-14', 'Contratado', 43),
(35, 15, '2025-07-08', 'Rejeitado', 57),
(36, 13, '2025-06-06', 'Em análise', 52),
(36, 5, '2025-05-30', 'Rejeitado', 43),
(37, 18, '2025-05-30', 'Submetido', 58),
(38, 8, '2025-09-01', 'Contratado', 90),
(39, 7, '2025-05-01', 'Em análise', 29),
(39, 5, '2025-01-30', 'Rejeitado', 98),
(39, 8, '2025-08-14', 'Entrevista', 8),
(40, 17, '2025-10-21', 'Contratado', 29),
(40, 19, '2025-10-17', 'Entrevista', 57),
(40, 8, '2025-10-20', 'Em análise', 95),
(41, 11, '2025-11-03', 'Em análise', 37),
(42, 17, '2025-02-02', 'Submetido', 95),
(42, 18, '2025-10-30', 'Entrevista', 95),
(43, 2, '2024-04-25', 'Submetido', 93),
(43, 18, '2025-03-13', 'Rejeitado', 62),
(44, 18, '2025-03-11', 'Entrevista', 20),
(45, 18, '2025-10-27', 'Entrevista', 8),
(45, 20, '2025-05-25', 'Submetido', 37),
(45, 5, '2024-12-28', 'Rejeitado', 8),
(47, 6, '2025-04-09', 'Rejeitado', 52),
(47, 20, '2025-10-04', 'Rejeitado', 57),
(48, 7, '2025-07-08', 'Entrevista', 58);

-- Dados para Requisitos_vaga
INSERT INTO Requisitos_vaga (ID_vaga, Requisito) VALUES
(1, 'Inglês Fluente'),
(1, 'Comunicação'),
(1, 'Marketing Digital'),
(1, 'Análise de Dados'),
(2, 'Contabilidade'),
(2, 'SQL'),
(2, 'Comunicação'),
(3, 'Java'),
(3, 'Marketing Digital'),
(3, 'React'),
(3, 'Inglês Fluente'),
(3, 'Contabilidade'),
(4, 'Liderança'),
(4, 'Gestão de Projetos'),
(4, 'React'),
(5, 'Excel Avançado'),
(5, 'Gestão de Projetos'),
(5, 'Inglês Fluente'),
(5, 'Python'),
(5, 'Contabilidade'),
(6, 'SQL'),
(6, 'Excel Avançado'),
(6, 'Marketing Digital'),
(6, 'Inglês Fluente'),
(7, 'Gestão de Projetos'),
(7, 'Marketing Digital'),
(8, 'Python'),
(8, 'Java'),
(9, 'Python'),
(9, 'Gestão de Projetos'),
(9, 'Inglês Fluente'),
(9, 'Liderança'),
(10, 'Análise de Dados'),
(10, 'Liderança'),
(10, 'React'),
(10, 'SQL'),
(10, 'Inglês Fluente'),
(11, 'Marketing Digital'),
(11, 'Inglês Fluente'),
(12, 'Gestão de Projetos'),
(12, 'SQL'),
(12, 'Python'),
(13, 'Java'),
(13, 'Python'),
(14, 'Liderança'),
(14, 'Inglês Fluente'),
(14, 'Python'),
(15, 'Análise de Dados'),
(15, 'Liderança'),
(15, 'SQL'),
(15, 'Gestão de Projetos'),
(15, 'Comunicação'),
(16, 'React'),
(16, 'Contabilidade'),
(16, 'Excel Avançado'),
(16, 'Gestão de Projetos'),
(16, 'Liderança'),
(17, 'Trabalho em Equipa'),
(17, 'SQL'),
(17, 'Excel Avançado'),
(17, 'Python'),
(17, 'Inglês Fluente'),
(18, 'Atendimento ao Cliente'),
(18, 'Gestão de Projetos'),
(18, 'Análise de Dados'),
(18, 'Liderança'),
(19, 'Liderança'),
(19, 'React'),
(19, 'Marketing Digital'),
(19, 'Análise de Dados'),
(19, 'Atendimento ao Cliente'),
(20, 'Inglês Fluente'),
(20, 'Gestão de Projetos'),
(20, 'Liderança'),
(20, 'Comunicação');

-- Dados para Formacoes
INSERT INTO Formacoes (ID_for, Nome_formacao, Descricao, Data_inicio, Data_fim, Estado) VALUES
(1, 'Liderança e Gestão de Equipas', 'Desenvolver competências de liderança, motivação e gestão de conflitos para chefes de equipa.', '2023-10-05', '2023-10-10', 'Concluida'),
(2, 'Cibersegurança para Colaboradores', 'Sensibilizar para as melhores práticas de segurança digital, phishing e proteção de dados.', '2024-03-15', '2024-03-16', 'Concluida'),
(3, 'Análise de Dados com Python', 'Introdução à análise de dados utilizando as bibliotecas Pandas e Matplotlib.', '2024-09-02', '2024-09-13', 'Em curso'),
(4, 'Técnicas de Negociação e Vendas', 'Aperfeiçoar técnicas de comunicação, persuasão e fecho de negócios para a equipa comercial.', '2025-02-10', '2025-02-14', 'Planeada'),
(5, 'Inteligência Emocional no Trabalho', 'Gerir emoções, melhorar o autoconhecimento e a empatia nas relações interpessoais no trabalho.', '2025-05-19', '2025-05-20', 'Planeada');

-- Dados para Teve_Formacao
INSERT INTO Teve_Formacao (ID_Fun, ID_for, Certificado, Data_inicio, Data_fim) VALUES
(2, 3, NULL, '2024-09-11', '2024-09-11'),
(2, 4, NULL, '2025-02-10', '2025-02-11'),
(4, 1, NULL, '2023-10-05', '2023-10-09'),
(4, 3, NULL, '2024-09-03', '2024-09-03'),
(5, 1, NULL, '2023-10-08', '2023-10-09'),
(5, 5, NULL, '2025-05-19', '2025-05-19'),
(6, 2, NULL, '2024-03-15', '2024-03-15'),
(6, 1, NULL, '2023-10-07', '2023-10-09'),
(7, 5, NULL, '2025-05-19', '2025-05-19'),
(9, 5, NULL, '2025-05-19', '2025-05-19'),
(9, 2, NULL, '2024-03-15', '2024-03-15'),
(10, 2, NULL, '2024-03-15', '2024-03-15'),
(10, 1, NULL, '2023-10-08', '2023-10-09'),
(11, 4, NULL, '2025-02-13', '2025-02-13'),
(12, 1, NULL, '2023-10-09', '2023-10-09'),
(12, 5, NULL, '2025-05-19', '2025-05-19'),
(13, 5, NULL, '2025-05-19', '2025-05-19'),
(13, 4, NULL, '2025-02-12', '2025-02-13'),
(16, 1, NULL, '2023-10-05', '2023-10-07'),
(17, 2, NULL, '2024-03-15', '2024-03-15'),
(17, 3, NULL, '2024-09-08', '2024-09-08'),
(20, 5, NULL, '2025-05-19', '2025-05-19'),
(28, 2, NULL, '2024-03-15', '2024-03-15'),
(28, 1, NULL, '2023-10-06', '2023-10-06'),
(31, 4, NULL, '2025-02-12', '2025-02-13'),
(32, 2, NULL, '2024-03-15', '2024-03-15'),
(34, 4, NULL, '2025-02-13', '2025-02-13'),
(35, 5, NULL, '2025-05-19', '2025-05-19'),
(37, 3, NULL, '2024-09-06', '2024-09-10'),
(39, 1, NULL, '2023-10-05', '2023-10-08'),
(40, 1, NULL, '2023-10-09', '2023-10-09'),
(40, 2, NULL, '2024-03-15', '2024-03-15'),
(41, 1, NULL, '2023-10-06', '2023-10-07'),
(42, 3, NULL, '2024-09-05', '2024-09-06'),
(43, 3, NULL, '2024-09-06', '2024-09-09'),
(43, 2, NULL, '2024-03-15', '2024-03-15'),
(44, 4, NULL, '2025-02-11', '2025-02-12'),
(44, 3, NULL, '2024-09-08', '2024-09-12'),
(46, 1, NULL, '2023-10-08', '2023-10-08'),
(48, 5, NULL, '2025-05-19', '2025-05-19'),
(48, 3, NULL, '2024-09-11', '2024-09-11'),
(49, 5, NULL, '2025-05-19', '2025-05-19'),
(51, 3, NULL, '2024-09-02', '2024-09-05'),
(53, 2, NULL, '2024-03-15', '2024-03-15'),
(53, 3, NULL, '2024-09-12', '2024-09-12'),
(55, 3, NULL, '2024-09-05', '2024-09-12'),
(55, 4, NULL, '2025-02-11', '2025-02-12'),
(56, 5, NULL, '2025-05-19', '2025-05-19'),
(57, 3, NULL, '2024-09-06', '2024-09-06'),
(58, 5, NULL, '2025-05-19', '2025-05-19'),
(58, 3, NULL, '2024-09-09', '2024-09-10'),
(61, 2, NULL, '2024-03-15', '2024-03-15'),
(67, 5, NULL, '2025-05-19', '2025-05-19'),
(68, 3, NULL, '2024-09-10', '2024-09-10'),
(68, 5, NULL, '2025-05-19', '2025-05-19'),
(69, 5, NULL, '2025-05-19', '2025-05-19'),
(69, 3, NULL, '2024-09-12', '2024-09-12'),
(70, 2, NULL, '2024-03-15', '2024-03-15'),
(70, 4, NULL, '2025-02-13', '2025-02-13'),
(74, 1, NULL, '2023-10-08', '2023-10-08'),
(74, 3, NULL, '2024-09-05', '2024-09-11'),
(75, 2, NULL, '2024-03-15', '2024-03-15'),
(76, 1, NULL, '2023-10-09', '2023-10-09'),
(80, 3, NULL, '2024-09-12', '2024-09-12'),
(80, 4, NULL, '2025-02-12', '2025-02-13'),
(81, 1, NULL, '2023-10-07', '2023-10-07'),
(82, 1, NULL, '2023-10-09', '2023-10-09'),
(82, 3, NULL, '2024-09-04', '2024-09-08'),
(83, 2, NULL, '2024-03-15', '2024-03-15'),
(87, 5, NULL, '2025-05-19', '2025-05-19'),
(87, 1, NULL, '2023-10-06', '2023-10-07'),
(91, 5, NULL, '2025-05-19', '2025-05-19'),
(92, 5, NULL, '2025-05-19', '2025-05-19'),
(96, 4, NULL, '2025-02-10', '2025-02-11'),
(97, 4, NULL, '2025-02-10', '2025-02-13'),
(97, 3, NULL, '2024-09-12', '2024-09-12'),
(98, 2, NULL, '2024-03-15', '2024-03-15'),
(99, 2, NULL, '2024-03-15', '2024-03-15'),
(100, 3, NULL, '2024-09-11', '2024-09-12'),
(100, 4, NULL, '2025-02-10', '2025-02-11');

-- Dados para Avaliacoes
INSERT INTO Avaliacoes (ID_Fun, ID_avaliador, Data, Avaliacao, Criterios, Autoavaliacao, Avaliacao_Numerica) VALUES
(70, 32, '2023-02-15', NULL, 'Desempenho nos projetos de equipa e capacidade de colaboração.', NULL, 2),
(35, 5, '2025-09-25', NULL, 'Avaliação da pontualidade e assiduidade no último semestre.', NULL, 2),
(96, 20, '2024-07-20', NULL, 'Desempenho nos projetos de equipa e capacidade de colaboração.', 'Gostaria de ter mais formação na área de análise de dados para contribuir melhor.', 1),
(73, 59, '2025-03-18', NULL, 'Capacidade de resolução de problemas e tomada de decisão.', 'Completei a formação X e sinto-me mais confiante nas minhas tarefas.', 4),
(61, 85, '2023-04-23', NULL, 'Qualidade técnica do trabalho entregue e atenção ao detalhe.', 'Gostaria de ter mais formação na área de análise de dados para contribuir melhor.', 4),
(34, 19, '2024-12-31', NULL, 'Iniciativa e proatividade na sugestão de novas melhorias.', 'Gostaria de ter mais formação na área de análise de dados para contribuir melhor.', 3),
(92, 81, '2022-12-09', NULL, 'Avaliação da pontualidade e assiduidade no último semestre.', 'Gostaria de ter mais formação na área de análise de dados para contribuir melhor.', 3),
(11, 20, '2024-12-09', NULL, 'Avaliação da pontualidade e assiduidade no último semestre.', NULL, 1),
(68, 45, '2024-01-17', NULL, 'Capacidade de resolução de problemas e tomada de decisão.', 'Tive alguma dificuldade em gerir o projeto Y, mas aprendi muito com o processo.', 3),
(18, 92, '2022-12-03', NULL, 'Iniciativa e proatividade na sugestão de novas melhorias.', 'Tive alguma dificuldade em gerir o projeto Y, mas aprendi muito com o processo.', 1),
(83, 76, '2023-08-26', NULL, 'Gestão de tempo, cumprimento de prazos e organização.', NULL, 5),
(45, 100, '2024-09-10', NULL, 'Qualidade técnica do trabalho entregue e atenção ao detalhe.', 'Gostaria de ter mais formação na área de análise de dados para contribuir melhor.', 2),
(84, 30, '2023-03-16', NULL, 'Qualidade técnica do trabalho entregue e atenção ao detalhe.', 'Completei a formação X e sinto-me mais confiante nas minhas tarefas.', 4),
(18, 36, '2025-04-05', NULL, 'Qualidade da comunicação com o cliente e stakeholders internos.', 'Completei a formação X e sinto-me mais confiante nas minhas tarefas.', 3),
(22, 17, '2024-05-21', NULL, 'Capacidade de resolução de problemas e tomada de decisão.', 'Preciso de focar-me em ser mais conciso nas reuniões de equipa.', 1),
(81, 65, '2024-12-01', NULL, 'Qualidade técnica do trabalho entregue e atenção ao detalhe.', 'Preciso de focar-me em ser mais conciso nas reuniões de equipa.', 1),
(14, 20, '2025-10-09', NULL, 'Gestão de tempo, cumprimento de prazos e organização.', 'Consegui melhorar a minha organização e gestão de tempo, como foi discutido.', 1),
(46, 37, '2024-02-19', NULL, 'Iniciativa e proatividade na sugestão de novas melhorias.', 'Tive alguma dificuldade em gerir o projeto Y, mas aprendi muito com o processo.', 3),
(24, 16, '2024-10-17', NULL, 'Gestão de tempo, cumprimento de prazos e organização.', 'Consegui melhorar a minha organização e gestão de tempo, como foi discutido.', 3),
(82, 39, '2025-09-28', NULL, 'Iniciativa e proatividade na sugestão de novas melhorias.', 'Tive alguma dificuldade em gerir o projeto Y, mas aprendi muito com o processo.', 1),
(59, 43, '2024-04-23', NULL, 'Iniciativa e proatividade na sugestão de novas melhorias.', NULL, 1),
(25, 49, '2024-01-01', NULL, 'Capacidade de resolução de problemas e tomada de decisão.', NULL, 4),
(67, 19, '2024-10-27', NULL, 'Capacidade de resolução de problemas e tomada de decisão.', 'Completei a formação X e sinto-me mais confiante nas minhas tarefas.', 1),
(37, 41, '2024-01-11', NULL, 'Desempenho nos projetos de equipa e capacidade de colaboração.', 'Sinto que atingi todos os meus objetivos principais este semestre.', 3),
(100, 56, '2025-02-27', NULL, 'Avaliação da pontualidade e assiduidade no último semestre.', 'Gostaria de ter mais formação na área de análise de dados para contribuir melhor.', 2),
(81, 7, '2025-10-05', NULL, 'Qualidade da comunicação com o cliente e stakeholders internos.', 'Consegui melhorar a minha organização e gestão de tempo, como foi discutido.', 5),
(16, 14, '2025-04-17', NULL, 'Iniciativa e proatividade na sugestão de novas melhorias.', 'Tive alguma dificuldade em gerir o projeto Y, mas aprendi muito com o processo.', 2),
(83, 40, '2024-12-06', NULL, 'Qualidade da comunicação com o cliente e stakeholders internos.', NULL, 1),
(23, 61, '2025-03-12', NULL, 'Qualidade técnica do trabalho entregue e atenção ao detalhe.', 'Gostaria de ter mais formação na área de análise de dados para contribuir melhor.', 5),
(92, 16, '2025-03-26', NULL, 'Qualidade técnica do trabalho entregue e atenção ao detalhe.', NULL, 5),
(60, 86, '2024-11-08', NULL, 'Iniciativa e proatividade na sugestão de novas melhorias.', 'Sinto que atingi todos os meus objetivos principais este semestre.', 3),
(32, 83, '2024-06-29', NULL, 'Desempenho nos projetos de equipa e capacidade de colaboração.', NULL, 4),
(66, 96, '2024-02-02', NULL, 'Desempenho nos projetos de equipa e capacidade de colaboração.', NULL, 2),
(13, 53, '2025-09-09', NULL, 'Desempenho nos projetos de equipa e capacidade de colaboração.', 'Preciso de focar-me em ser mais conciso nas reuniões de equipa.', 1),
(65, 15, '2023-10-19', NULL, 'Avaliação da pontualidade e assiduidade no último semestre.', 'Tive alguma dificuldade em gerir o projeto Y, mas aprendi muito com o processo.', 5),
(14, 76, '2025-09-29', NULL, 'Desempenho nos projetos de equipa e capacidade de colaboração.', 'Consegui melhorar a minha organização e gestão de tempo, como foi discutido.', 2),
(87, 7, '2025-04-14', NULL, 'Gestão de tempo, cumprimento de prazos e organização.', 'Gostaria de ter mais formação na área de análise de dados para contribuir melhor.', 2),
(24, 84, '2024-01-06', NULL, 'Qualidade da comunicação com o cliente e stakeholders internos.', NULL, 5),
(94, 29, '2023-07-30', NULL, 'Qualidade técnica do trabalho entregue e atenção ao detalhe.', NULL, 4),
(88, 41, '2024-10-11', NULL, 'Qualidade da comunicação com o cliente e stakeholders internos.', 'Completei a formação X e sinto-me mais confiante nas minhas tarefas.', 3);

-- Dados para Utilizadores
INSERT INTO Utilizadores (ID_Fun, Password) VALUES
(1, 'b806ySSPXKHL'),
(2, 'd3mNnzafPni4'),
(3, 'd89Wyask5M6y'),
(4, 'SCGdjb9CQr98'),
(5, 'sGpNqTann5ah'),
(6, 'ivtKLLsE8W01'),
(7, 'M5KLjmpo5cGK'),
(8, 'VhhzxEnrf0eg'),
(9, 'Lpy6gqa3SBUZ'),
(10, 'xAiw0r2B5SEf'),
(11, '2wA9qrxEPs9T'),
(12, '2KZwkS1dvylT'),
(13, 'yu6KhcKn2jNQ'),
(14, 'DjJo3WrzZcwV'),
(15, '63tmQbfsca89'),
(16, '8UL4SZozcOh7'),
(17, 'g69TNmi51CQB'),
(18, '5z8sOaWZD6VU'),
(19, '5ITqMT4fMxe7'),
(20, 'Yk7FtcpirSTH'),
(21, 'u1WQJsz1WC6O'),
(22, '14Mxh5XCSfCq'),
(23, '0FcGvkj6EwES'),
(24, 'j6mpeVeABID8'),
(25, 'J6y34Pzm8SbA'),
(26, 'EmHteCkn1Ksl'),
(27, 'H3HavUlr5RyL'),
(28, 'coDu70Nz1weS'),
(29, 'bE0tHCrAM40z'),
(30, '8AFD7Aexhoup'),
(31, '4tPdDs2L6TtU'),
(32, 'Z6JpgvrU0BXM'),
(33, 'c5X2voz131xI'),
(34, 'cz1CpcP9pEI5'),
(35, '1Z1iYhzsWokB'),
(36, '3PO4XcLaglFN'),
(37, 'JF0ihCp7K1Xk'),
(38, '68Qo6op2PFAF'),
(39, 'm6FwYVXIojen'),
(40, 'z81RNxEXeyM1'),
(41, '2RVK92Sj8au9'),
(42, 'A9YUc877R31W'),
(43, 'Hkx9WvHGdtRO'),
(44, '9cR6NaNAiDub'),
(45, '3SNM1jBdEttu'),
(46, 'IZ9BePomLlmL'),
(47, '2YjpJZMhO7sE'),
(48, 'XMnk2mYbs3dg'),
(49, '0c71oZnpfAly'),
(50, 'GtbUj3Oj9jKw'),
(51, '9sh5pio5hFt2'),
(52, '73zaJcEqeC4a'),
(53, '1Pgvzwivd0Wm'),
(54, '5hbTcYe1QvcO'),
(55, '7JGuapfyTdl6'),
(56, '2Lwq6sQbPDPM'),
(57, '3aMZOsKqX88r'),
(58, 'mIvMQzdt1Iow'),
(59, '9EQjUWUijHvd'),
(60, 'bkZb2ye11jE1'),
(61, 'p9IcyvttwAJa'),
(62, '6cFLMoIV2b4N'),
(63, 'Lrs80PClTuXd'),
(64, 'Jd2ujwrTFVoV'),
(65, 'crNnBQv5P84k'),
(66, '0D9ptQryBWuL'),
(67, 'oOiRHrsF3iZA'),
(68, '442GSxldgXv2'),
(69, 'tbwyPCyMJ3Vm'),
(70, '3PGQqI21fHPm'),
(71, 'nDwC7Meuw9Um'),
(72, 'WL40XEr3nBAl'),
(73, '2S1FJZoNTjQw'),
(74, '21o5kQqggPXa'),
(75, 'PvBHLlpw69Q8'),
(76, '0DkOywkFyWdV'),
(77, '8s0AUthblRyP'),
(78, 'b2JZPOd1nzPB'),
(79, 'uKANntRyuP6u'),
(80, 's9lN27wtokk6'),
(81, '92QElgmC26dI'),
(82, 'cXQxuxCR9Ems'),
(83, '1W6DfCPDzWwl'),
(84, 'P25PURfi92KD'),
(85, 'P4KUhjTv65dh'),
(86, 'owkPPmrv2ndC'),
(87, '4sxp1rzN6Q50'),
(88, 'M6RAvFObjBui'),
(89, 'p9NmtkBT8HZX'),
(90, '9pNmXE79Rdvq'),
(91, '74Y5gNKH6sjo'),
(92, 'ioX7wzELUH8j'),
(93, 'P1GotTuOM5HE'),
(94, 'TiMP5gap0czx'),
(95, 'bI3UPGrCP6Ek'),
(96, 'XXAmES6m3D7B'),
(97, '7YQiwj3XF4L7'),
(98, 'ZQLgICdhZ8ha'),
(99, '2K6DTdOEk2DP'),
(100, 'S6wYAibABCJv');

-- Dados para Permissoes
INSERT INTO Permissoes (ID_Fun, Permissao) VALUES
(1, 'Admin'),
(2, 'Manager'),
(2, 'RH'),
(3, 'Financeiro'),
(3, 'Manager'),
(4, 'Funcionario'),
(5, 'Admin'),
(5, 'Manager'),
(6, 'Funcionario'),
(6, 'Financeiro'),
(6, 'Manager'),
(7, 'Manager'),
(8, 'Funcionario'),
(8, 'Financeiro'),
(8, 'Admin'),
(9, 'Manager'),
(10, 'Admin'),
(11, 'Funcionario'),
(11, 'Manager'),
(12, 'Funcionario'),
(13, 'Admin'),
(13, 'Manager'),
(13, 'RH'),
(14, 'Financeiro'),
(15, 'RH'),
(15, 'Manager'),
(15, 'Financeiro'),
(16, 'Funcionario'),
(16, 'RH'),
(17, 'Funcionario'),
(18, 'Admin'),
(18, 'Funcionario'),
(19, 'Financeiro'),
(19, 'Admin'),
(20, 'Financeiro'),
(20, 'Funcionario'),
(21, 'Funcionario'),
(22, 'RH'),
(22, 'Financeiro'),
(23, 'Financeiro'),
(23, 'Admin'),
(24, 'RH'),
(25, 'Admin'),
(25, 'RH'),
(25, 'Financeiro'),
(26, 'RH'),
(26, 'Manager'),
(26, 'Funcionario'),
(27, 'RH'),
(28, 'Admin'),
(28, 'Manager'),
(28, 'RH'),
(29, 'RH'),
(29, 'Financeiro'),
(30, 'Funcionario'),
(30, 'Financeiro'),
(31, 'Financeiro'),
(31, 'Manager'),
(32, 'RH'),
(32, 'Manager'),
(33, 'Admin'),
(33, 'Manager'),
(34, 'Financeiro'),
(34, 'Funcionario'),
(34, 'Admin'),
(35, 'Manager'),
(35, 'RH'),
(36, 'RH'),
(36, 'Manager'),
(36, 'Financeiro'),
(37, 'RH'),
(37, 'Financeiro'),
(37, 'Admin'),
(38, 'RH'),
(39, 'RH'),
(39, 'Financeiro'),
(40, 'Manager'),
(40, 'Financeiro'),
(40, 'Funcionario'),
(41, 'Funcionario'),
(41, 'Admin'),
(42, 'Funcionario'),
(43, 'RH'),
(43, 'Admin'),
(44, 'Financeiro'),
(44, 'Admin'),
(45, 'Funcionario'),
(46, 'Financeiro'),
(46, 'Funcionario'),
(47, 'RH'),
(47, 'Manager'),
(48, 'Manager'),
(48, 'Funcionario'),
(48, 'Admin'),
(49, 'Financeiro'),
(50, 'Admin'),
(51, 'Funcionario'),
(52, 'RH'),
(52, 'Funcionario'),
(53, 'Admin'),
(54, 'Funcionario'),
(54, 'Admin'),
(55, 'Admin'),
(55, 'Financeiro'),
(55, 'Funcionario'),
(56, 'Funcionario'),
(56, 'Financeiro'),
(57, 'RH'),
(57, 'Funcionario'),
(58, 'Funcionario'),
(59, 'Funcionario'),
(60, 'Admin'),
(61, 'RH'),
(62, 'RH'),
(63, 'Admin'),
(63, 'Financeiro'),
(63, 'RH'),
(64, 'RH'),
(64, 'Funcionario'),
(64, 'Manager'),
(65, 'Admin'),
(65, 'Manager'),
(65, 'Funcionario'),
(66, 'RH'),
(66, 'Admin'),
(67, 'Admin'),
(67, 'Funcionario'),
(68, 'Funcionario'),
(68, 'Admin'),
(69, 'Admin'),
(69, 'Financeiro'),
(69, 'RH'),
(70, 'RH'),
(70, 'Manager'),
(70, 'Admin'),
(71, 'RH'),
(72, 'Financeiro'),
(72, 'Admin'),
(72, 'Funcionario'),
(73, 'Manager'),
(73, 'Funcionario'),
(74, 'RH'),
(74, 'Financeiro'),
(74, 'Funcionario'),
(75, 'Manager'),
(76, 'Admin'),
(76, 'Financeiro'),
(77, 'Admin'),
(77, 'Financeiro'),
(78, 'Funcionario'),
(78, 'Financeiro'),
(79, 'RH'),
(79, 'Financeiro'),
(79, 'Admin'),
(80, 'Admin'),
(81, 'Funcionario'),
(82, 'Funcionario'),
(82, 'RH'),
(82, 'Financeiro'),
(83, 'Funcionario'),
(84, 'Financeiro'),
(84, 'Funcionario'),
(84, 'Admin'),
(85, 'Funcionario'),
(85, 'Manager'),
(86, 'Manager'),
(86, 'RH'),
(87, 'Admin'),
(87, 'RH'),
(87, 'Funcionario'),
(88, 'Financeiro'),
(88, 'Manager'),
(89, 'Admin'),
(89, 'Funcionario'),
(90, 'Funcionario'),
(90, 'Financeiro'),
(91, 'Funcionario'),
(91, 'RH'),
(91, 'Manager'),
(92, 'RH'),
(92, 'Manager'),
(93, 'RH'),
(93, 'Admin'),
(93, 'Financeiro'),
(94, 'Financeiro'),
(95, 'Funcionario'),
(95, 'Manager'),
(96, 'Admin'),
(97, 'Funcionario'),
(97, 'Financeiro'),
(97, 'Manager'),
(98, 'RH'),
(99, 'RH'),
(99, 'Financeiro'),
(99, 'Admin'),
(100, 'RH'),
(100, 'Financeiro'),
(100, 'Admin');
