-- Script de Inserção de Dados Gerado Automaticamente

-- Dados para Departamentos
INSERT INTO Departamentos (ID_depart, Nome, ID_gerente) VALUES
(1, 'Recursos Humanos', NULL),
(2, 'Tecnologia da Informação', NULL),
(3, 'Financeiro', NULL),
(4, 'Marketing', NULL),
(5, 'Vendas', NULL),
(6, 'Qualidade', NULL),
(7, 'Atendimento ao Cliente', NULL),
(8, 'Jurídico', NULL);

-- Dados para Funcionarios
INSERT INTO Funcionarios (ID_fun, NIF, Primeiro_nome, Ultimo_nome, Nome_rua, Nome_localidade, Codigo_postal, Num_telemovel, Email, Data_nascimento, Cargo, ID_depart) VALUES
(1, '283684275', 'Yara', 'Gomes', 'Avenida João Monteiro', 'Castelo Branco', '5194-326', '(351) 272005944', 'caetanacunha@example.net', '1976-02-14', 'Supervisor de Atendimento ao Cliente', 7),
(2, '283684276', 'Francisca', 'Batista', 'Rua de Oliveira', 'Fátima', '7640-732', '965 867 104', 'zcarneiro@example.org', '1973-07-11', 'Redator (Copywriter)', 7),
(3, '283684277', 'Alexandra', 'Assunção', 'Largo Nunes', 'Lamego', '2177-801', '(351) 922 753 756', 'calves@example.org', '1988-08-30', 'Analista de Dados', 3),
(4, '283684278', 'Filipa', 'Leite', 'Praça Lisandro Miranda', 'Tomar', '5828-504', '(351) 919 963 200', 'julia04@example.com', '1985-05-23', 'Especialista em Recrutamento', 6),
(5, '283684279', 'Fábio', 'Campos', 'Avenida de S. Lázaro', 'Covilhã', '8040-415', '(351) 960588308', 'brian79@example.org', '2001-09-02', 'Analista Financeiro', 7),
(6, '283684280', 'William', 'Lima', 'Alameda de Azevedo', 'Póvoa de Varzim', '7220-707', '(351) 242 226 774', 'melokyara@example.com', '1988-04-21', 'Especialista em Marketing Digital', 6),
(7, '283684281', 'Yara', 'Macedo', 'Alameda Ferreira', 'Pombal', '4342-942', '930697242', 'mtavares@example.net', '2001-07-28', 'Gerente de Marketing', 3),
(8, '283684282', 'Nicole', 'Maia', 'Praça Carneiro', 'Peso da Régua', '1295-465', '(351) 243119659', 'wrodrigues@example.org', '1980-03-17', 'Assistente Administrativo', 3),
(9, '283684283', 'Kyara', 'Tavares', 'Rua da Ilha dos Amores', 'Caldas da Rainha', '2353-022', '(351) 910580880', 'filipafaria@example.net', '1993-02-27', 'Engenheiro de DevOps', 3),
(10, '283684284', 'Emília', 'Carneiro', 'Largo de Tavares', 'Montijo', '7267-275', '+351221218819', 'jorgemonteiro@example.org', '1964-05-14', 'Diretor de Operações (COO)', 4),
(11, '283684285', 'Juliana', 'Leite', 'Travessa das Japoneiras', 'São Salvador de Lordelo', '0867-864', '(351) 919493067', 'valentemanuel@example.com', '1961-09-05', 'Assistente Jurídico', 1),
(12, '283684286', 'Lisandro', 'Maia', 'Rua de Martins', 'Pinhel', '5137-800', '(351) 914299959', 'patricia21@example.com', '1970-10-31', 'Especialista em Recrutamento', 2),
(13, '283684287', 'Bárbara', 'Leal', 'R. Gaspar', 'Barcelos', '5995-995', '(351) 963714515', 'erikarocha@example.com', '1960-09-02', 'Desenvolvedor de Software Júnior', 6),
(14, '283684288', 'Artur', 'Marques', 'Praça de Teixeira', 'Gandra', '4323-777', '(351) 256 950 016', 'melissadomingues@example.com', '2007-05-16', 'Desenvolvedor de Software Júnior', 7),
(15, '283684289', 'Flor', 'Pinho', 'R. Associação Empresarial de Portugal', 'Coimbra', '2694-899', '(351) 200 892 312', 'rodrigohenriques@example.net', '1979-11-02', 'Analista Financeiro', 6),
(16, '283684290', 'Valentina', 'Magalhães', 'Alameda Enzo Alves', 'Santo Tirso', '4827-655', '(351) 910 389 993', 'xgaspar@example.org', '1971-05-09', 'Representante de Vendas Interno', 7),
(17, '283684291', 'Gabriela', 'Pereira', 'Alameda de Nascimento', 'Moura', '9881-644', '937952119', 'melanie38@example.net', '2004-07-30', 'Desenvolvedor de Software Sénior', 1),
(18, '283684292', 'Vicente', 'Tavares', 'Avenida das Sereias', 'Ermesinde', '6855-307', '206 414 978', 'sandro97@example.org', '1984-09-22', 'Especialista em Marketing Digital', 4),
(19, '283684293', 'Luca', 'Fernandes', 'Travessa da Ilha do Ferro', 'Vale de Cambra', '7419-647', '(351) 935 239 675', 'carolina98@example.org', '1990-07-04', 'Especialista em Recrutamento', 3),
(20, '283684294', 'Letícia', 'Coelho', 'R. Leite', 'Lagos', '1645-687', '(351) 917044251', 'denis31@example.net', '1969-07-02', 'Especialista em Recrutamento', 8),
(21, '283684295', 'Kyara', 'Barros', 'R. de Coelho', 'Santa Maria da Feira', '9795-690', '(351) 962557025', 'soaresclara@example.org', '1971-09-01', 'Assistente Administrativo', 4),
(22, '283684296', 'Kelly', 'Amaral', 'Praça de Luiz I', 'Marinha Grande', '8926-436', '201 047 747', 'greis@example.com', '1989-09-26', 'Analista de Qualidade', 2),
(23, '283684297', 'Luna', 'Esteves', 'R. de Oliveira', 'Miranda do Douro', '5361-820', '968 440 646', 'salvadorbranco@example.org', '2000-10-02', 'Gerente Financeiro', 3),
(24, '283684298', 'Nelson', 'Miranda', 'R. de Almeida', 'Vale de Cambra', '5589-517', '+351919699310', 'catarinasoares@example.net', '1980-04-30', 'Representante de Vendas Interno', 3),
(25, '283684299', 'Leonardo', 'Reis', 'Praça de Andrade', 'Silves', '9351-091', '+351969709932', 'catarina48@example.net', '1988-09-11', 'Inspetor de Qualidade', 3),
(26, '283684300', 'Edgar', 'Brito', 'Alameda dos Combatentes da Grande Guerra', 'Bragança', '8969-108', '914179149', 'emma91@example.com', '1983-01-16', 'Desenvolvedor de Software Sénior', 7),
(27, '283684301', 'Cláudio', 'Abreu', 'Rua de Leal', 'Moura', '9706-575', '(351) 918 712 563', 'zcarvalho@example.org', '2000-03-11', 'Analista de Mídia Social', 1),
(28, '283684302', 'Lisandro', 'Teixeira', 'Rua da Baleia', 'Freamunde', '1395-632', '235797113', 'lourencoleite@example.com', '1967-06-21', 'Gerente Financeiro', 5),
(29, '283684303', 'Renata', 'Leite', 'Avenida da Aldeia', 'Esmoriz', '0248-748', '281 583 736', 'biancacruz@example.org', '1995-06-20', 'Especialista em Recrutamento', 7),
(30, '283684304', 'Tomás', 'Jesus', 'Largo Sofia Valente', 'Barcelos', '0914-247', '929452473', 'jlopes@example.org', '1989-02-11', 'Analista de Recursos Humanos', 8),
(31, '283684305', 'Madalena', 'Vicente', 'Rua de Ribeiro Sanches', 'Santa Comba Dão', '7081-720', '(351) 912 098 530', 'britolisandro@example.com', '1978-09-10', 'Especialista em Marketing Digital', 8),
(32, '283684306', 'Clara', 'Monteiro', 'Praça de Jesus', 'Tomar', '5882-120', '(351) 930014767', 'francisca28@example.net', '1976-10-13', 'Representante de Vendas Interno', 2),
(33, '283684307', 'Lucas', 'Ferreira', 'Largo Brito', 'Beja', '7860-714', '(351) 933752130', 'artur94@example.com', '1995-12-03', 'Analista de Qualidade', 4),
(34, '283684308', 'Carminho', 'Neves', 'Av do Campo', 'Santa Comba Dão', '3728-460', '(351) 960 829 435', 'simao33@example.org', '2003-01-16', 'Especialista em Recrutamento', 7),
(35, '283684309', 'Manuel', 'Paiva', 'Praça Igor Henriques', 'Porto Santo', '5757-398', '(351) 969568219', 'amelia52@example.org', '1967-11-13', 'Recepcionista', 7),
(36, '283684310', 'Raquel', 'Pacheco', 'Praça Loureiro', 'Portimão', '3045-212', '(351) 227478223', 'qnogueira@example.net', '1997-04-22', 'Designer UI/UX', 3),
(37, '283684311', 'Alexandre', 'Garcia', 'Praça Carminho Cardoso', 'Viana do Castelo', '8239-912', '967 460 825', 'dominguesflor@example.net', '1960-01-22', 'Agente de Atendimento ao Cliente', 6),
(38, '283684312', 'Kevin', 'Matos', 'Largo de Esteves', 'Almeirim', '4467-462', '(351) 222 044 927', 'isaac34@example.net', '1965-08-17', 'Analista Financeiro', 3),
(39, '283684313', 'Vítor', 'Branco', 'Travessa Yasmin Tavares', 'Braga', '8600-177', '(351) 913851847', 'eduardo09@example.com', '1978-04-20', 'Analista de Qualidade', 2),
(40, '283684314', 'Erika', 'Leal', 'R. de Freitas', 'Leiria', '7888-947', '923 769 345', 'correiaxavier@example.org', '2000-05-09', 'Inspetor de Qualidade', 4),
(41, '283684315', 'Gaspar', 'Fonseca', 'Avenida José Domingues dos Santos', 'Caniço', '9608-121', '(351) 960727675', 'lourencoamaral@example.org', '1975-07-31', 'Especialista em Sucesso do Cliente', 4),
(42, '283684316', 'Isabel', 'Vieira', 'Alameda de Pereira', 'Mealhada', '3287-322', '(351) 915 028 484', 'emilianogueira@example.net', '1961-10-19', 'Especialista em Recrutamento', 5),
(43, '283684317', 'José', 'Vicente', 'Largo do Marechal Gomes da Costa', 'Vila Nova de Famalicão', '9251-326', '969 746 220', 'julianareis@example.com', '1967-09-05', 'Assistente Administrativo', 1),
(44, '283684318', 'Mara', 'Sá', 'Avenida de Barros', 'Tarouca', '2596-017', '(351) 920 386 611', 'denissa@example.com', '1966-08-03', 'Agente de Atendimento ao Cliente', 1),
(45, '283684319', 'Marta', 'Macedo', 'R. de Pina Manique', 'Torres Vedras', '9443-409', '(351) 963302186', 'renataandrade@example.net', '1982-09-08', 'Analista de Mídia Social', 2),
(46, '283684320', 'Margarida', 'Batista', 'Praça de São Roque da Lameira', 'Vendas Novas', '2583-107', '+351925578043', 'guerreirobenedita@example.com', '1983-04-28', 'Contador', 2),
(47, '283684321', 'Alice', 'Alves', 'Avenida Vítor Almeida', 'Gafanha da Nazaré', '0915-335', '(351) 918265510', 'sfaria@example.net', '1979-07-17', 'Gerente de Marketing', 1),
(48, '283684322', 'Fernando', 'Lourenço', 'Praça dos Jacarandás', 'Santarém', '3900-737', '+351966930945', 'mateus61@example.com', '1983-10-01', 'Supervisor de Atendimento ao Cliente', 1),
(49, '283684323', 'Gustavo', 'Rodrigues', 'Avenida do Dr. Nuno Pinheiro Torres', 'Loulé', '6490-987', '266788016', 'lmonteiro@example.org', '2005-06-29', 'Designer UI/UX', 8),
(50, '283684324', 'Enzo', 'Gonçalves', 'Praça Álvaro Lopes', 'São João da Madeira', '9616-807', '(351) 912539125', 'salome56@example.org', '1966-05-13', 'Analista de Sistemas', 3),
(51, '283684325', 'Íris', 'Fernandes', 'Travessa Araújo', 'Paredes', '2856-058', '(351) 962 999 994', 'bjesus@example.net', '1977-07-05', 'Assistente Jurídico', 8),
(52, '283684326', 'Lourenço', 'Azevedo', 'Largo Elisa Baptista de Sousa Pedroso', 'Esposende', '0096-507', '(351) 963449080', 'nascimentonoa@example.net', '1979-10-07', 'Analista Financeiro', 6),
(53, '283684327', 'Sofia', 'Borges', 'Travessa de Marques', 'Loulé', '4818-005', '207 167 506', 'matiasmiranda@example.org', '1960-08-03', 'Técnico de Suporte de TI', 6),
(54, '283684328', 'Luísa', 'Amorim', 'Alameda do Tijolo', 'Miranda do Douro', '8425-407', '+351936746292', 'lealgil@example.com', '1960-06-06', 'Designer UI/UX', 1),
(55, '283684329', 'Luna', 'Mota', 'Travessa do Carregal', 'Sabugal', '7001-656', '(351) 207765651', 'joaopires@example.net', '1992-11-14', 'Contador', 3),
(56, '283684330', 'Sofia', 'Maia', 'Alameda Júlia Faria', 'Vila do Conde', '2471-908', '964011519', 'wpinto@example.org', '1982-11-24', 'Executivo de Contas', 2),
(57, '283684331', 'Melissa', 'Santos', 'Av Batista', 'Loulé', '9425-544', '(351) 926167599', 'mariapaiva@example.org', '1996-11-09', 'Especialista em Marketing Digital', 7),
(58, '283684332', 'Lourenço', 'Sousa', 'Av de Cruz', 'Pombal', '5205-851', '+351917872309', 'kevimfaria@example.com', '1985-07-31', 'Contador', 7),
(59, '283684333', 'Ema', 'Vicente', 'R. das Ondas', 'Aveiro', '3677-794', '+351247049468', 'isaac88@example.net', '1989-06-17', 'Assistente Administrativo', 7),
(60, '283684334', 'César', 'Campos', 'Alameda do Brasil (Porto)', 'Gondomar', '6916-964', '(351) 926 109 217', 'kevim26@example.org', '1967-10-23', 'Agente de Atendimento ao Cliente', 8),
(61, '283684335', 'Micael', 'Pires', 'Travessa de S. Marçal', 'Porto', '3081-041', '+351207733194', 'drodrigues@example.com', '1965-07-01', 'Designer UI/UX', 1),
(62, '283684336', 'Pedro', 'Garcia', 'Alameda Costa', 'Valpaços', '0949-481', '(351) 204752635', 'bianca19@example.org', '1961-02-08', 'Diretor de Operações (COO)', 7),
(63, '283684337', 'Inês', 'Valente', 'Alameda David Miranda', 'Vizela', '8393-859', '921627613', 'lucasnunes@example.com', '1986-11-17', 'Assistente Administrativo', 2),
(64, '283684338', 'Bryan', 'Reis', 'Av de Camilo', 'Ponta Delgada', '7429-559', '919729891', 'costawilliam@example.net', '1978-01-05', 'Engenheiro de DevOps', 2),
(65, '283684339', 'Joana', 'Fonseca', 'Travessa Luís Ferreira', 'Fátima', '6892-408', '(351) 234868721', 'andradebeatriz@example.net', '1960-11-26', 'Desenvolvedor de Software Sénior', 6),
(66, '283684340', 'Miguel', 'Tavares', 'Praça de Soares', 'Penafiel', '0634-173', '934182809', 'edgaramorim@example.net', '1972-06-14', 'Assistente Administrativo', 1),
(67, '283684341', 'Hugo', 'Baptista', 'Rua de Figueiredo', 'Maia', '1184-502', '935 912 899', 'amota@example.com', '1993-08-08', 'Especialista em Recrutamento', 1),
(68, '283684342', 'Bruno', 'Marques', 'Avenida Sérgio Torres', 'Entroncamento', '5622-265', '(351) 221 708 589', 'nascimentonuno@example.com', '2000-05-31', 'Inspetor de Qualidade', 4),
(69, '283684343', 'Diego', 'Nunes', 'Alameda Bianca Teixeira', 'Montijo', '6578-272', '929271975', 'matosfabio@example.com', '2004-02-21', 'Desenvolvedor de Software Júnior', 7),
(70, '283684344', 'Frederico', 'Nunes', 'R. Correia', 'Peniche', '8045-598', '(351) 912 432 812', 'rneto@example.com', '1976-09-13', 'Analista Financeiro', 3),
(71, '283684345', 'Sandro', 'Carneiro', 'R. Letícia Sousa', 'Beja', '8181-747', '936 240 921', 'carvalhobarbara@example.com', '1978-10-25', 'Analista Financeiro', 2),
(72, '283684346', 'Carlos', 'Loureiro', 'R. de Monteiro', 'Viana do Castelo', '3378-915', '+351916856746', 'noahvaz@example.org', '1980-04-27', 'Diretor de Operações (COO)', 6),
(73, '283684347', 'Lara', 'Pacheco', 'R. de Figueiredo', 'Póvoa de Santa Iria', '2464-977', '964 289 848', 'emilia10@example.com', '1965-09-19', 'Executivo de Contas', 7),
(74, '283684348', 'Joana', 'Monteiro', 'Alameda de Batista', 'Santa Maria da Feira', '1929-695', '(351) 963148876', 'gbatista@example.com', '1970-12-24', 'Gerente de Projetos', 2),
(75, '283684349', 'Marcos', 'Nascimento', 'Av William Matias', 'São Salvador de Lordelo', '8441-469', '916 614 768', 'tmacedo@example.net', '1974-09-29', 'Desenvolvedor de Software Júnior', 2),
(76, '283684350', 'Gabriela', 'Azevedo', 'Rua Alícia Santos', 'Viana do Castelo', '4192-386', '(351) 921 836 534', 'beneditadomingues@example.org', '1979-02-18', 'Assistente Jurídico', 7),
(77, '283684351', 'Gabriel', 'Carvalho', 'Praça de Amorim', 'Gafanha da Nazaré', '4582-097', '924326615', 'teixeiracarminho@example.com', '1980-03-31', 'Analista de Mídia Social', 4),
(78, '283684352', 'Kelly', 'Antunes', 'Largo Irmã Lúcia', 'Felgueiras', '9710-934', '+351920303847', 'rafaelpinho@example.com', '1972-12-25', 'Assistente Jurídico', 5),
(79, '283684353', 'Soraia', 'Barros', 'Largo do Campo', 'Estarreja', '0980-471', '963 302 057', 'carlos15@example.net', '1991-05-08', 'Analista de Dados', 7),
(80, '283684354', 'Juliana', 'Rocha', 'Avenida Artur Agostinho', 'Aveiro', '6608-450', '(351) 235295811', 'ufigueiredo@example.org', '1999-07-21', 'Analista de Sistemas', 7),
(81, '283684355', 'Laura', 'Morais', 'Alameda Visconde de Alvalade', 'Braga', '5100-288', '+351964025746', 'samuelcarvalho@example.net', '1971-07-05', 'Advogado Corporativo', 7),
(82, '283684356', 'Xavier', 'Valente', 'Av Rocha', 'Cartaxo', '5356-544', '(351) 211 229 109', 'tomas87@example.com', '1966-11-24', 'Analista de Qualidade', 2),
(83, '283684357', 'Frederico', 'Costa', 'Rua Luna Abreu', 'Póvoa de Santa Iria', '7044-786', '(351) 225 569 930', 'kelly85@example.com', '2000-11-08', 'Contador', 5),
(84, '283684358', 'Valentim', 'Branco', 'Alameda da Vitória', 'Vila do Conde', '1866-653', '(351) 911065261', 'barbaravalente@example.net', '1988-11-22', 'Diretor de Operações (COO)', 2),
(85, '283684359', 'Clara', 'Borges', 'Av Melissa Tavares', 'Santarém', '5534-241', '(351) 911154883', 'bgaspar@example.org', '1991-08-15', 'Analista Financeiro', 3),
(86, '283684360', 'Luna', 'Vicente', 'Praça de Teixeira', 'Lagoa', '4958-651', '+351967111596', 'antunesmarcio@example.org', '1989-09-26', 'Especialista em Sucesso do Cliente', 7),
(87, '283684361', 'Lisandro', 'Melo', 'Avenida de Nunes', 'Gandra', '2041-611', '227411826', 'tomecampos@example.org', '1997-08-27', 'Desenvolvedor de Software Sénior', 7),
(88, '283684362', 'Caetana', 'Reis', 'Alameda de Jesus', 'São Salvador de Lordelo', '0327-910', '(351) 922 653 546', 'victoria53@example.org', '2000-02-16', 'Analista de Sistemas', 2),
(89, '283684363', 'Fábio', 'Cunha', 'Avenida de Morais', 'Amadora', '0340-454', '(351) 932 683 981', 'helena60@example.net', '1995-07-25', 'Representante de Vendas Interno', 1),
(90, '283684364', 'Micael', 'Garcia', 'Avenida do Anjo da Guarda', 'Cartaxo', '0492-375', '(351) 966 319 780', 'nascimentocarolina@example.org', '2005-08-31', 'Advogado Corporativo', 5),
(91, '283684365', 'Erika', 'Abreu', 'Largo de Neto', 'Guarda', '5352-643', '(351) 968386210', 'brancomicael@example.com', '1996-04-22', 'Gerente de Vendas', 7),
(92, '283684366', 'Luana', 'Nogueira', 'Avenida Luís Baptista', 'Sabugal', '0635-932', '(351) 965 811 424', 'daniela75@example.com', '1985-02-09', 'Redator (Copywriter)', 7),
(93, '283684367', 'Cristiano', 'Simões', 'Alameda Carvalho', 'Sacavém', '0709-280', '(351) 277 717 539', 'jessica14@example.org', '1996-06-07', 'Gerente de Vendas', 5),
(94, '283684368', 'Letícia', 'Neves', 'Largo Adriana Gonçalves', 'Valpaços', '7688-743', '931 180 826', 'fabiopinheiro@example.com', '1985-01-04', 'Assistente Jurídico', 1),
(95, '283684369', 'Érica', 'Reis', 'R. das Virtudes', 'Tavira', '9571-204', '(351) 929573504', 'xavier89@example.com', '1990-09-26', 'Inspetor de Qualidade', 3),
(96, '283684370', 'Diogo', 'Antunes', 'Largo Igor Vaz', 'Covilhã', '4532-428', '960 468 175', 'gasparcardoso@example.org', '1978-06-14', 'Executivo de Contas', 8),
(97, '283684371', 'Gabriela', 'Andrade', 'Av de Freitas', 'Aveiro', '6334-684', '(351) 915 097 723', 'costamartim@example.com', '1977-07-09', 'Desenvolvedor de Software Júnior', 3),
(98, '283684372', 'Manuel', 'Maia', 'Praça Costa', 'Loures', '6158-105', '(351) 962 720 586', 'sabryan@example.net', '1974-06-17', 'Analista de Dados', 6),
(99, '283684373', 'Maria', 'Ribeiro', 'Avenida Guerreiro', 'Lagos', '9364-310', '(351) 932439047', 'netolourenco@example.net', '1982-03-29', 'Analista Financeiro', 1),
(100, '283684374', 'Simão', 'Matias', 'Rua das Nações', 'Vizela', '1908-348', '(351) 939444930', 'melanie95@example.com', '1962-05-02', 'Diretor de Operações (COO)', 3);

-- 3. Atualização dos Gerentes nos Departamentos
UPDATE Departamentos SET ID_gerente = 27 WHERE ID_depart = 1;
UPDATE Departamentos SET ID_gerente = 28 WHERE ID_depart = 2;
UPDATE Departamentos SET ID_gerente = 41 WHERE ID_depart = 3;
UPDATE Departamentos SET ID_gerente = 42 WHERE ID_depart = 4;
UPDATE Departamentos SET ID_gerente = 46 WHERE ID_depart = 5;
UPDATE Departamentos SET ID_gerente = 37 WHERE ID_depart = 6;
UPDATE Departamentos SET ID_gerente = 21 WHERE ID_depart = 7;
UPDATE Departamentos SET ID_gerente = 20 WHERE ID_depart = 8;

-- 4. Inserção das restantes tabelas

-- Dados para Remuneracoes
INSERT INTO Remuneracoes (ID_fun, Data_inicio, Data_fim) VALUES
(1, '2023-01-22', '2024-01-13'),
(1, '2024-01-14', NULL),
(2, '2023-07-15', '2024-07-25'),
(3, '2021-05-08', '2022-05-02'),
(4, '2024-10-26', '2025-12-31'),
(5, '2023-10-21', '2025-08-24'),
(6, '2021-04-18', NULL),
(7, '2023-11-05', '2024-11-17'),
(7, '2024-11-18', '2025-11-13'),
(7, '2025-11-14', '2025-12-31'),
(8, '2022-11-28', '2024-10-15'),
(9, '2022-03-05', '2023-02-26'),
(9, '2023-02-27', '2024-02-26'),
(9, '2024-02-27', NULL),
(10, '2023-07-29', '2024-07-12'),
(10, '2024-07-13', NULL),
(11, '2023-02-22', '2024-02-10'),
(11, '2024-02-11', '2025-02-07'),
(11, '2025-02-08', '2025-12-31'),
(12, '2021-03-14', '2022-03-31'),
(12, '2022-04-01', '2023-03-30'),
(12, '2023-03-31', NULL),
(13, '2024-12-14', '2025-12-10'),
(13, '2025-12-11', '2025-12-31'),
(14, '2020-12-21', NULL),
(15, '2021-05-13', '2022-05-15'),
(15, '2022-05-16', '2024-04-12'),
(16, '2024-01-23', '2025-01-21'),
(16, '2025-01-22', '2025-12-31'),
(17, '2022-07-06', '2023-06-22'),
(17, '2023-06-23', '2024-07-07'),
(17, '2024-07-08', '2025-08-10'),
(17, '2025-08-11', NULL),
(18, '2023-02-22', NULL),
(19, '2022-04-24', '2023-05-25'),
(19, '2023-05-26', '2024-06-18'),
(19, '2024-06-19', '2025-06-17'),
(19, '2025-06-18', '2025-12-31'),
(20, '2022-08-13', '2023-08-20'),
(20, '2023-08-21', '2024-09-11'),
(20, '2024-09-12', '2025-11-09'),
(21, '2022-11-07', '2023-11-01'),
(21, '2023-11-02', NULL),
(22, '2022-12-05', '2024-01-05'),
(22, '2024-01-06', '2025-01-13'),
(22, '2025-01-14', '2025-12-31'),
(23, '2024-06-24', '2025-06-30'),
(23, '2025-07-01', NULL),
(24, '2023-04-28', '2024-04-13'),
(24, '2024-04-14', '2025-04-12'),
(24, '2025-04-13', '2025-12-31'),
(25, '2022-04-28', '2023-05-02'),
(25, '2023-05-03', '2024-06-05'),
(25, '2024-06-06', '2025-05-23'),
(25, '2025-05-24', NULL),
(26, '2021-11-19', '2022-11-14'),
(27, '2023-12-14', '2024-11-30'),
(27, '2024-12-01', '2025-12-31'),
(28, '2020-12-31', '2022-01-28'),
(28, '2022-01-29', '2023-01-13'),
(28, '2023-01-14', '2024-02-08'),
(28, '2024-02-09', '2024-08-03'),
(29, '2023-10-23', '2024-11-22'),
(29, '2024-11-23', NULL),
(30, '2021-02-11', '2022-01-29'),
(30, '2022-01-30', '2023-02-05'),
(30, '2023-02-06', NULL),
(31, '2021-10-13', '2022-10-18'),
(31, '2022-10-19', '2023-11-05'),
(31, '2023-11-06', '2024-11-13'),
(31, '2024-11-14', NULL),
(32, '2021-11-20', '2022-11-16'),
(32, '2022-11-17', '2023-12-14'),
(32, '2023-12-15', '2024-12-09'),
(32, '2024-12-10', '2025-11-23'),
(33, '2023-03-17', '2024-04-01'),
(33, '2024-04-02', '2025-04-03'),
(33, '2025-04-04', '2025-08-17'),
(34, '2021-01-30', '2022-02-16'),
(34, '2022-02-17', '2022-09-27'),
(35, '2021-11-11', '2022-11-28'),
(35, '2022-11-29', '2023-11-30'),
(35, '2023-12-01', '2024-12-18'),
(35, '2024-12-19', '2025-12-16'),
(36, '2023-03-19', '2023-07-05'),
(37, '2024-10-11', '2025-11-11'),
(37, '2025-11-12', '2025-12-31'),
(38, '2023-01-07', '2024-02-05'),
(38, '2024-02-06', '2025-03-04'),
(38, '2025-03-05', '2025-07-15'),
(39, '2023-06-22', '2024-07-08'),
(39, '2024-07-09', '2025-07-27'),
(39, '2025-07-28', NULL),
(40, '2023-06-16', '2024-07-11'),
(40, '2024-07-12', NULL),
(41, '2021-05-17', '2022-05-21'),
(41, '2022-05-22', '2022-09-16'),
(42, '2024-11-05', '2025-11-18'),
(42, '2025-11-19', '2025-12-31'),
(43, '2023-09-09', '2024-09-14'),
(43, '2024-09-15', '2025-09-07'),
(43, '2025-09-08', '2025-12-31'),
(44, '2021-04-24', '2022-05-20'),
(44, '2022-05-21', '2023-05-13'),
(44, '2023-05-14', '2024-05-04'),
(45, '2024-10-11', '2025-10-26'),
(45, '2025-10-27', '2025-12-31'),
(46, '2024-11-29', NULL),
(47, '2021-10-15', '2022-10-02'),
(47, '2022-10-03', NULL),
(48, '2023-03-30', '2024-03-18'),
(48, '2024-03-19', '2025-03-26'),
(48, '2025-03-27', '2025-12-31'),
(49, '2024-03-09', '2025-02-27'),
(49, '2025-02-28', '2025-12-31'),
(50, '2023-01-10', '2024-01-25'),
(50, '2024-01-26', '2025-02-18'),
(50, '2025-02-19', '2025-12-31'),
(51, '2023-05-26', '2024-06-26'),
(51, '2024-06-27', '2025-07-13'),
(51, '2025-07-14', '2025-10-20'),
(52, '2022-01-07', '2023-01-29'),
(52, '2023-01-30', '2024-01-29'),
(52, '2024-01-30', NULL),
(53, '2022-06-18', '2023-07-02'),
(53, '2023-07-03', NULL),
(54, '2021-09-24', '2022-09-08'),
(54, '2022-09-09', '2023-10-06'),
(54, '2023-10-07', '2025-09-02'),
(55, '2023-05-12', NULL),
(56, '2024-04-20', '2024-08-19'),
(57, '2024-02-05', '2025-02-12'),
(57, '2025-02-13', '2025-12-31'),
(58, '2022-08-08', '2023-08-03'),
(58, '2023-08-04', '2024-08-26'),
(58, '2024-08-27', '2025-12-31'),
(59, '2023-08-12', '2024-08-22'),
(59, '2024-08-23', NULL),
(60, '2024-05-29', '2025-06-08'),
(60, '2025-06-09', '2025-12-31'),
(61, '2024-03-20', '2025-04-04'),
(61, '2025-04-05', '2025-12-31'),
(62, '2024-08-08', '2025-09-01'),
(62, '2025-09-02', '2025-12-31'),
(63, '2024-03-13', '2025-02-25'),
(63, '2025-02-26', '2025-12-31'),
(64, '2024-03-25', NULL),
(65, '2024-01-30', '2025-02-19'),
(65, '2025-02-20', '2025-12-31'),
(66, '2023-02-04', '2024-02-09'),
(66, '2024-02-10', '2024-12-30'),
(67, '2023-06-16', '2024-01-30'),
(68, '2021-05-09', '2022-05-06'),
(68, '2022-05-07', '2023-05-16'),
(68, '2023-05-17', NULL),
(69, '2022-09-21', '2023-10-09'),
(69, '2023-10-10', '2024-10-13'),
(69, '2024-10-14', NULL),
(70, '2022-03-08', '2023-03-02'),
(70, '2023-03-03', NULL),
(71, '2024-03-23', '2025-03-20'),
(71, '2025-03-21', '2025-12-31'),
(72, '2022-08-21', '2023-08-17'),
(72, '2023-08-18', NULL),
(73, '2024-11-18', '2025-12-31'),
(74, '2022-12-12', '2024-01-04'),
(74, '2024-01-05', '2025-01-11'),
(74, '2025-01-12', '2025-06-21'),
(75, '2024-08-01', '2025-08-07'),
(75, '2025-08-08', NULL),
(76, '2021-04-14', '2022-05-13'),
(76, '2022-05-14', '2023-05-12'),
(76, '2023-05-13', '2024-10-28'),
(77, '2022-06-24', '2023-07-04'),
(77, '2023-07-05', '2024-06-27'),
(77, '2024-06-28', '2025-07-15'),
(77, '2025-07-16', '2025-10-26'),
(78, '2023-07-09', '2024-07-14'),
(78, '2024-07-15', NULL),
(79, '2022-09-12', '2024-07-23'),
(80, '2021-12-10', '2022-04-06'),
(81, '2023-09-24', '2024-09-27'),
(81, '2024-09-28', '2025-10-09'),
(81, '2025-10-10', '2025-12-31'),
(82, '2021-11-26', '2022-11-05'),
(83, '2024-09-04', '2025-09-06'),
(83, '2025-09-07', '2025-12-31'),
(84, '2021-06-05', '2022-06-05'),
(84, '2022-06-06', '2024-01-06'),
(85, '2021-06-16', '2022-06-02'),
(85, '2022-06-03', '2023-03-31'),
(86, '2023-07-02', '2024-07-12'),
(86, '2024-07-13', '2025-07-01'),
(86, '2025-07-02', '2025-12-31'),
(87, '2024-05-22', '2025-05-19'),
(87, '2025-05-20', '2025-08-22'),
(88, '2024-04-03', '2025-05-02'),
(88, '2025-05-03', '2025-12-31'),
(89, '2021-12-29', '2023-08-25'),
(90, '2022-12-13', '2023-12-28'),
(90, '2023-12-29', '2025-01-12'),
(90, '2025-01-13', NULL),
(91, '2021-09-27', '2022-10-23'),
(91, '2022-10-24', '2023-10-29'),
(91, '2023-10-30', '2024-07-29'),
(92, '2021-04-16', '2022-05-05'),
(92, '2022-05-06', '2023-05-27'),
(92, '2023-05-28', '2024-05-27'),
(92, '2024-05-28', '2024-09-18'),
(93, '2023-02-01', '2024-02-08'),
(93, '2024-02-09', '2025-03-05'),
(93, '2025-03-06', '2025-12-31'),
(94, '2022-12-21', '2024-01-20'),
(94, '2024-01-21', NULL),
(95, '2024-03-04', '2025-03-31'),
(95, '2025-04-01', '2025-12-31'),
(96, '2022-08-31', '2023-09-22'),
(96, '2023-09-23', '2024-10-23'),
(96, '2024-10-24', '2025-11-03'),
(96, '2025-11-04', '2025-12-31'),
(97, '2022-12-07', '2023-12-16'),
(97, '2023-12-17', NULL),
(98, '2022-07-09', '2023-06-23'),
(98, '2023-06-24', NULL),
(99, '2024-11-24', NULL),
(100, '2020-12-03', '2021-12-14'),
(100, '2021-12-15', '2023-01-10'),
(100, '2023-01-11', NULL);

-- Dados para Salario
INSERT INTO Salario (ID_fun, Data_inicio, salario_bruto) VALUES
(1, '2023-01-22', 950.0),
(1, '2024-01-14', 970.18),
(2, '2023-07-15', 1644.84),
(3, '2021-05-08', 1158.88),
(4, '2024-10-26', 1380.98),
(5, '2023-10-21', 1393.77),
(6, '2021-04-18', 1370.95),
(7, '2023-11-05', 1579.43),
(7, '2024-11-18', 1699.92),
(7, '2025-11-14', 1864.63),
(8, '2022-11-28', 950.0),
(9, '2022-03-05', 1684.86),
(9, '2023-02-27', 1775.34),
(9, '2024-02-27', 1907.0),
(10, '2023-07-29', 1186.54),
(10, '2024-07-13', 1214.72),
(11, '2023-02-22', 1162.28),
(11, '2024-02-11', 1207.22),
(11, '2025-02-08', 1300.27),
(12, '2021-03-14', 1426.84),
(12, '2022-04-01', 1518.83),
(12, '2023-03-31', 1610.22),
(13, '2024-12-14', 1582.22),
(13, '2025-12-11', 1615.03),
(14, '2020-12-21', 1432.1),
(15, '2021-05-13', 1058.07),
(15, '2022-05-16', 1095.87),
(16, '2024-01-23', 1893.98),
(16, '2025-01-22', 1961.19),
(17, '2022-07-06', 2105.57),
(17, '2023-06-23', 2281.68),
(17, '2024-07-08', 2358.11),
(17, '2025-08-11', 2537.93),
(18, '2023-02-22', 1575.43),
(19, '2022-04-24', 1055.99),
(19, '2023-05-26', 1077.94),
(19, '2024-06-19', 1116.88),
(19, '2025-06-18', 1145.87),
(20, '2022-08-13', 959.01),
(20, '2023-08-21', 1035.99),
(20, '2024-09-12', 1090.29),
(21, '2022-11-07', 1078.28),
(21, '2023-11-02', 1172.67),
(22, '2022-12-05', 974.22),
(22, '2024-01-06', 1052.12),
(22, '2025-01-14', 1102.65),
(23, '2024-06-24', 1523.9),
(23, '2025-07-01', 1605.99),
(24, '2023-04-28', 1851.8),
(24, '2024-04-14', 1997.65),
(24, '2025-04-13', 2088.56),
(25, '2022-04-28', 1123.47),
(25, '2023-05-03', 1210.76),
(25, '2024-06-06', 1284.26),
(25, '2025-05-24', 1389.97),
(26, '2021-11-19', 950.0),
(27, '2023-12-14', 1422.37),
(27, '2024-12-01', 1451.69),
(28, '2020-12-31', 2356.17),
(28, '2022-01-29', 2540.58),
(28, '2023-01-14', 2740.35),
(28, '2024-02-09', 2980.48),
(29, '2023-10-23', 1239.92),
(29, '2024-11-23', 1312.11),
(30, '2021-02-11', 1570.08),
(30, '2022-01-30', 1633.23),
(30, '2023-02-06', 1686.26),
(31, '2021-10-13', 1288.03),
(31, '2022-10-19', 1330.77),
(31, '2023-11-06', 1440.97),
(31, '2024-11-14', 1575.97),
(32, '2021-11-20', 1027.2),
(32, '2022-11-17', 1060.29),
(32, '2023-12-15', 1117.41),
(32, '2024-12-10', 1199.52),
(33, '2023-03-17', 950.0),
(33, '2024-04-02', 1027.7),
(33, '2025-04-04', 1053.74),
(34, '2021-01-30', 1017.14),
(34, '2022-02-17', 1072.98),
(35, '2021-11-11', 950.0),
(35, '2022-11-29', 999.5),
(35, '2023-12-01', 1082.52),
(35, '2024-12-19', 1146.31),
(36, '2023-03-19', 1370.02),
(37, '2024-10-11', 950.0),
(37, '2025-11-12', 999.27),
(38, '2023-01-07', 950.0),
(38, '2024-02-06', 1036.0),
(38, '2025-03-05', 1101.0),
(39, '2023-06-22', 1319.66),
(39, '2024-07-09', 1384.05),
(39, '2025-07-28', 1455.16),
(40, '2023-06-16', 1405.04),
(40, '2024-07-12', 1502.14),
(41, '2021-05-17', 1158.0),
(41, '2022-05-22', 1199.07),
(42, '2024-11-05', 1043.58),
(42, '2025-11-19', 1096.32),
(43, '2023-09-09', 1296.67),
(43, '2024-09-15', 1384.85),
(43, '2025-09-08', 1429.27),
(44, '2021-04-24', 1772.07),
(44, '2022-05-21', 1902.0),
(44, '2023-05-14', 2074.95),
(45, '2024-10-11', 1751.36),
(45, '2025-10-27', 1922.95),
(46, '2024-11-29', 1985.91),
(47, '2021-10-15', 1479.87),
(47, '2022-10-03', 1553.59),
(48, '2023-03-30', 1054.57),
(48, '2024-03-19', 1111.04),
(48, '2025-03-27', 1213.33),
(49, '2024-03-09', 1032.39),
(49, '2025-02-28', 1072.96),
(50, '2023-01-10', 1606.97),
(50, '2024-01-26', 1651.08),
(50, '2025-02-19', 1752.12),
(51, '2023-05-26', 1057.4),
(51, '2024-06-27', 1146.6),
(51, '2025-07-14', 1245.57),
(52, '2022-01-07', 1089.97),
(52, '2023-01-30', 1125.5),
(52, '2024-01-30', 1163.82),
(53, '2022-06-18', 1382.88),
(53, '2023-07-03', 1500.69),
(54, '2021-09-24', 1250.33),
(54, '2022-09-09', 1366.81),
(54, '2023-10-07', 1482.16),
(55, '2023-05-12', 1118.24),
(56, '2024-04-20', 1492.79),
(57, '2024-02-05', 1136.58),
(57, '2025-02-13', 1248.32),
(58, '2022-08-08', 951.88),
(58, '2023-08-04', 976.89),
(58, '2024-08-27', 1041.6),
(59, '2023-08-12', 1433.4),
(59, '2024-08-23', 1471.67),
(60, '2024-05-29', 1027.54),
(60, '2025-06-09', 1064.74),
(61, '2024-03-20', 1105.16),
(61, '2025-04-05', 1144.08),
(62, '2024-08-08', 1881.59),
(62, '2025-09-02', 1996.47),
(63, '2024-03-13', 1392.82),
(63, '2025-02-26', 1456.91),
(64, '2024-03-25', 1790.33),
(65, '2024-01-30', 950.0),
(65, '2025-02-20', 985.06),
(66, '2023-02-04', 1578.36),
(66, '2024-02-10', 1702.69),
(67, '2023-06-16', 950.0),
(68, '2021-05-09', 1187.33),
(68, '2022-05-07', 1252.44),
(68, '2023-05-17', 1303.57),
(69, '2022-09-21', 1484.39),
(69, '2023-10-10', 1602.24),
(69, '2024-10-14', 1746.56),
(70, '2022-03-08', 950.0),
(70, '2023-03-03', 978.64),
(71, '2024-03-23', 1411.17),
(71, '2025-03-21', 1518.33),
(72, '2022-08-21', 1273.44),
(72, '2023-08-18', 1377.18),
(73, '2024-11-18', 1643.24),
(74, '2022-12-12', 950.0),
(74, '2024-01-05', 1010.79),
(74, '2025-01-12', 1103.52),
(75, '2024-08-01', 1567.27),
(75, '2025-08-08', 1637.35),
(76, '2021-04-14', 950.0),
(76, '2022-05-14', 1039.94),
(76, '2023-05-13', 1130.89),
(77, '2022-06-24', 950.0),
(77, '2023-07-05', 1032.49),
(77, '2024-06-28', 1065.33),
(77, '2025-07-16', 1110.2),
(78, '2023-07-09', 950.0),
(78, '2024-07-15', 1044.83),
(79, '2022-09-12', 1071.81),
(80, '2021-12-10', 1046.95),
(81, '2023-09-24', 1425.18),
(81, '2024-09-28', 1516.57),
(81, '2025-10-10', 1582.31),
(82, '2021-11-26', 1264.25),
(83, '2024-09-04', 1612.5),
(83, '2025-09-07', 1686.12),
(84, '2021-06-05', 1172.18),
(84, '2022-06-06', 1203.14),
(85, '2021-06-16', 950.0),
(85, '2022-06-03', 1014.05),
(86, '2023-07-02', 1044.14),
(86, '2024-07-13', 1141.63),
(86, '2025-07-02', 1242.19),
(87, '2024-05-22', 1106.4),
(87, '2025-05-20', 1203.22),
(88, '2024-04-03', 1319.03),
(88, '2025-05-03', 1401.76),
(89, '2021-12-29', 950.0),
(90, '2022-12-13', 1099.18),
(90, '2023-12-29', 1132.81),
(90, '2025-01-13', 1158.55),
(91, '2021-09-27', 1786.27),
(91, '2022-10-24', 1832.37),
(91, '2023-10-30', 1951.05),
(92, '2021-04-16', 1124.32),
(92, '2022-05-06', 1198.42),
(92, '2023-05-28', 1315.35),
(92, '2024-05-28', 1393.07),
(93, '2023-02-01', 1065.11),
(93, '2024-02-09', 1107.74),
(93, '2025-03-06', 1212.4),
(94, '2022-12-21', 1172.47),
(94, '2024-01-21', 1288.13),
(95, '2024-03-04', 1031.85),
(95, '2025-04-01', 1087.47),
(96, '2022-08-31', 1245.51),
(96, '2023-09-23', 1356.7),
(96, '2024-10-24', 1385.54),
(96, '2025-11-04', 1507.41),
(97, '2022-12-07', 1286.48),
(97, '2023-12-17', 1315.74),
(98, '2022-07-09', 1233.98),
(98, '2023-06-24', 1286.97),
(99, '2024-11-24', 1570.24),
(100, '2020-12-03', 1226.31),
(100, '2021-12-15', 1335.03),
(100, '2023-01-11', 1371.22);

-- Dados para Beneficios
INSERT INTO Beneficios (ID_fun, Data_inicio, tipo, valor) VALUES
(1, '2023-01-22', 'Carro Empresa', 352.95),
(1, '2024-01-14', 'Seguro Saúde', 297.49),
(2, '2023-07-15', 'Carro Empresa', 132.43),
(3, '2021-05-08', 'Seguro Saúde', 211.62),
(6, '2021-04-18', 'Subsídio Transporte', 295.49),
(6, '2021-04-18', 'Seguro Saúde', 389.31),
(7, '2023-11-05', 'Seguro Saúde', 188.78),
(7, '2023-11-05', 'Carro Empresa', 201.88),
(7, '2023-11-05', 'Subsídio Transporte', 330.99),
(7, '2024-11-18', 'Subsídio Transporte', 174.83),
(7, '2024-11-18', 'Seguro Saúde', 66.7),
(7, '2025-11-14', 'Subsídio Transporte', 207.85),
(7, '2025-11-14', 'Seguro Saúde', 266.11),
(8, '2022-11-28', 'Seguro Saúde', 443.89),
(8, '2022-11-28', 'Subsídio Transporte', 70.48),
(8, '2022-11-28', 'Carro Empresa', 202.19),
(9, '2022-03-05', 'Subsídio Alimentação', 385.62),
(9, '2022-03-05', 'Seguro Saúde', 77.17),
(9, '2022-03-05', 'Telemóvel Empresa', 34.98),
(9, '2023-02-27', 'Subsídio Alimentação', 357.73),
(10, '2023-07-29', 'Seguro Saúde', 117.58),
(10, '2023-07-29', 'Subsídio Alimentação', 54.68),
(10, '2024-07-13', 'Carro Empresa', 144.7),
(10, '2024-07-13', 'Seguro Saúde', 315.92),
(11, '2023-02-22', 'Seguro Saúde', 334.39),
(11, '2023-02-22', 'Carro Empresa', 130.34),
(11, '2023-02-22', 'Subsídio Transporte', 336.8),
(11, '2024-02-11', 'Subsídio Transporte', 280.19),
(11, '2025-02-08', 'Carro Empresa', 49.34),
(12, '2023-03-31', 'Subsídio Transporte', 47.13),
(12, '2023-03-31', 'Subsídio Alimentação', 123.02),
(12, '2023-03-31', 'Telemóvel Empresa', 176.62),
(13, '2024-12-14', 'Subsídio Alimentação', 81.23),
(13, '2024-12-14', 'Carro Empresa', 260.72),
(13, '2025-12-11', 'Subsídio Transporte', 318.3),
(13, '2025-12-11', 'Telemóvel Empresa', 31.79),
(13, '2025-12-11', 'Carro Empresa', 152.4),
(14, '2020-12-21', 'Subsídio Transporte', 32.94),
(14, '2020-12-21', 'Subsídio Alimentação', 294.84),
(15, '2022-05-16', 'Seguro Saúde', 368.31),
(15, '2022-05-16', 'Telemóvel Empresa', 178.31),
(16, '2025-01-22', 'Subsídio Alimentação', 305.92),
(16, '2025-01-22', 'Carro Empresa', 446.84),
(16, '2025-01-22', 'Seguro Saúde', 245.27),
(17, '2022-07-06', 'Carro Empresa', 340.76),
(17, '2023-06-23', 'Subsídio Alimentação', 127.23),
(17, '2023-06-23', 'Seguro Saúde', 366.82),
(17, '2025-08-11', 'Carro Empresa', 237.48),
(17, '2025-08-11', 'Telemóvel Empresa', 205.26),
(17, '2025-08-11', 'Subsídio Alimentação', 309.61),
(18, '2023-02-22', 'Seguro Saúde', 263.27),
(19, '2023-05-26', 'Telemóvel Empresa', 407.05),
(19, '2023-05-26', 'Carro Empresa', 376.75),
(19, '2024-06-19', 'Seguro Saúde', 210.47),
(19, '2025-06-18', 'Seguro Saúde', 338.81),
(19, '2025-06-18', 'Telemóvel Empresa', 356.36),
(19, '2025-06-18', 'Subsídio Alimentação', 73.5),
(20, '2022-08-13', 'Telemóvel Empresa', 302.66),
(20, '2024-09-12', 'Carro Empresa', 85.12),
(20, '2024-09-12', 'Seguro Saúde', 54.64),
(20, '2024-09-12', 'Telemóvel Empresa', 169.63),
(22, '2022-12-05', 'Seguro Saúde', 267.84),
(22, '2022-12-05', 'Telemóvel Empresa', 206.35),
(22, '2025-01-14', 'Seguro Saúde', 369.31),
(22, '2025-01-14', 'Subsídio Alimentação', 424.71),
(22, '2025-01-14', 'Telemóvel Empresa', 324.83),
(23, '2025-07-01', 'Seguro Saúde', 185.43),
(23, '2025-07-01', 'Subsídio Transporte', 341.31),
(24, '2023-04-28', 'Subsídio Alimentação', 348.44),
(24, '2023-04-28', 'Subsídio Transporte', 60.35),
(24, '2023-04-28', 'Telemóvel Empresa', 406.76),
(24, '2024-04-14', 'Subsídio Transporte', 106.34),
(24, '2025-04-13', 'Telemóvel Empresa', 70.82),
(24, '2025-04-13', 'Carro Empresa', 315.05),
(24, '2025-04-13', 'Seguro Saúde', 151.96),
(25, '2022-04-28', 'Subsídio Alimentação', 48.56),
(25, '2022-04-28', 'Carro Empresa', 329.67),
(25, '2022-04-28', 'Seguro Saúde', 378.53),
(25, '2023-05-03', 'Subsídio Transporte', 390.92),
(25, '2023-05-03', 'Carro Empresa', 85.6),
(25, '2024-06-06', 'Seguro Saúde', 257.78),
(25, '2025-05-24', 'Carro Empresa', 211.23),
(25, '2025-05-24', 'Subsídio Transporte', 79.4),
(27, '2024-12-01', 'Telemóvel Empresa', 207.29),
(27, '2024-12-01', 'Seguro Saúde', 261.79),
(28, '2022-01-29', 'Subsídio Alimentação', 370.21),
(28, '2022-01-29', 'Seguro Saúde', 420.65),
(28, '2022-01-29', 'Subsídio Transporte', 394.86),
(28, '2023-01-14', 'Subsídio Alimentação', 386.59),
(28, '2023-01-14', 'Carro Empresa', 206.28),
(28, '2023-01-14', 'Seguro Saúde', 288.63),
(28, '2024-02-09', 'Subsídio Transporte', 163.39),
(28, '2024-02-09', 'Telemóvel Empresa', 135.64),
(28, '2024-02-09', 'Seguro Saúde', 285.04),
(29, '2023-10-23', 'Telemóvel Empresa', 397.02),
(30, '2021-02-11', 'Subsídio Alimentação', 158.32),
(30, '2021-02-11', 'Telemóvel Empresa', 417.64),
(30, '2021-02-11', 'Seguro Saúde', 237.27),
(30, '2022-01-30', 'Subsídio Transporte', 189.77),
(30, '2022-01-30', 'Subsídio Alimentação', 258.38),
(30, '2023-02-06', 'Subsídio Alimentação', 209.53),
(31, '2022-10-19', 'Carro Empresa', 415.13),
(31, '2022-10-19', 'Subsídio Transporte', 229.73),
(31, '2022-10-19', 'Seguro Saúde', 307.61),
(31, '2023-11-06', 'Subsídio Alimentação', 56.09),
(31, '2023-11-06', 'Telemóvel Empresa', 251.65),
(31, '2024-11-14', 'Subsídio Alimentação', 444.43),
(31, '2024-11-14', 'Seguro Saúde', 423.3),
(32, '2021-11-20', 'Carro Empresa', 219.51),
(32, '2022-11-17', 'Carro Empresa', 134.93),
(32, '2023-12-15', 'Subsídio Transporte', 221.59),
(32, '2024-12-10', 'Seguro Saúde', 154.43),
(32, '2024-12-10', 'Telemóvel Empresa', 113.12),
(32, '2024-12-10', 'Subsídio Transporte', 221.34),
(33, '2023-03-17', 'Telemóvel Empresa', 295.14),
(33, '2024-04-02', 'Carro Empresa', 100.65),
(33, '2024-04-02', 'Subsídio Transporte', 201.54),
(34, '2021-01-30', 'Seguro Saúde', 104.86),
(34, '2021-01-30', 'Carro Empresa', 262.57),
(34, '2021-01-30', 'Subsídio Alimentação', 330.2),
(34, '2022-02-17', 'Seguro Saúde', 217.63),
(34, '2022-02-17', 'Subsídio Transporte', 243.46),
(34, '2022-02-17', 'Telemóvel Empresa', 263.36),
(35, '2021-11-11', 'Telemóvel Empresa', 53.89),
(35, '2021-11-11', 'Subsídio Alimentação', 98.42),
(35, '2022-11-29', 'Telemóvel Empresa', 112.06),
(35, '2024-12-19', 'Telemóvel Empresa', 201.71),
(35, '2024-12-19', 'Subsídio Alimentação', 34.74),
(35, '2024-12-19', 'Carro Empresa', 50.62),
(36, '2023-03-19', 'Subsídio Alimentação', 365.55),
(36, '2023-03-19', 'Carro Empresa', 109.27),
(37, '2024-10-11', 'Telemóvel Empresa', 214.26),
(37, '2024-10-11', 'Carro Empresa', 99.4),
(38, '2023-01-07', 'Subsídio Alimentação', 186.56),
(38, '2023-01-07', 'Carro Empresa', 277.39),
(38, '2024-02-06', 'Telemóvel Empresa', 163.65),
(38, '2024-02-06', 'Seguro Saúde', 414.74),
(38, '2024-02-06', 'Subsídio Alimentação', 274.47),
(38, '2025-03-05', 'Carro Empresa', 315.63),
(38, '2025-03-05', 'Subsídio Transporte', 290.89),
(39, '2023-06-22', 'Carro Empresa', 56.75),
(39, '2023-06-22', 'Seguro Saúde', 125.67),
(39, '2025-07-28', 'Subsídio Alimentação', 198.83),
(41, '2021-05-17', 'Subsídio Alimentação', 279.98),
(41, '2021-05-17', 'Telemóvel Empresa', 330.84),
(41, '2021-05-17', 'Seguro Saúde', 144.36),
(41, '2022-05-22', 'Seguro Saúde', 59.0),
(41, '2022-05-22', 'Telemóvel Empresa', 434.77),
(41, '2022-05-22', 'Subsídio Alimentação', 320.63),
(42, '2024-11-05', 'Seguro Saúde', 443.23),
(42, '2024-11-05', 'Carro Empresa', 259.03),
(42, '2025-11-19', 'Subsídio Transporte', 275.86),
(42, '2025-11-19', 'Carro Empresa', 303.17),
(43, '2023-09-09', 'Telemóvel Empresa', 255.69),
(43, '2023-09-09', 'Carro Empresa', 197.1),
(43, '2023-09-09', 'Seguro Saúde', 34.61),
(43, '2024-09-15', 'Subsídio Alimentação', 262.37),
(43, '2024-09-15', 'Seguro Saúde', 303.84),
(43, '2025-09-08', 'Seguro Saúde', 155.52),
(44, '2021-04-24', 'Telemóvel Empresa', 306.2),
(44, '2021-04-24', 'Carro Empresa', 416.67),
(44, '2022-05-21', 'Subsídio Alimentação', 318.35),
(44, '2023-05-14', 'Subsídio Transporte', 344.65),
(44, '2023-05-14', 'Carro Empresa', 162.64),
(44, '2023-05-14', 'Seguro Saúde', 240.44),
(45, '2024-10-11', 'Carro Empresa', 128.31),
(45, '2024-10-11', 'Telemóvel Empresa', 448.39),
(45, '2025-10-27', 'Subsídio Transporte', 167.59),
(46, '2024-11-29', 'Subsídio Alimentação', 49.03),
(46, '2024-11-29', 'Telemóvel Empresa', 267.28),
(46, '2024-11-29', 'Subsídio Transporte', 132.03),
(47, '2021-10-15', 'Carro Empresa', 335.86),
(47, '2021-10-15', 'Subsídio Alimentação', 67.37),
(47, '2021-10-15', 'Seguro Saúde', 405.15),
(47, '2022-10-03', 'Carro Empresa', 344.95),
(47, '2022-10-03', 'Seguro Saúde', 382.58),
(48, '2023-03-30', 'Telemóvel Empresa', 243.84),
(48, '2023-03-30', 'Carro Empresa', 329.59),
(48, '2025-03-27', 'Telemóvel Empresa', 47.03),
(49, '2024-03-09', 'Subsídio Transporte', 259.86),
(49, '2025-02-28', 'Subsídio Alimentação', 194.65),
(49, '2025-02-28', 'Carro Empresa', 74.16),
(50, '2023-01-10', 'Seguro Saúde', 215.89),
(50, '2023-01-10', 'Telemóvel Empresa', 117.35),
(50, '2023-01-10', 'Subsídio Transporte', 245.91),
(50, '2024-01-26', 'Telemóvel Empresa', 391.96),
(51, '2023-05-26', 'Carro Empresa', 39.49),
(51, '2023-05-26', 'Subsídio Alimentação', 170.41),
(51, '2023-05-26', 'Seguro Saúde', 131.82),
(51, '2024-06-27', 'Seguro Saúde', 250.03),
(51, '2024-06-27', 'Subsídio Transporte', 118.76),
(51, '2024-06-27', 'Subsídio Alimentação', 342.46),
(51, '2025-07-14', 'Subsídio Alimentação', 123.22),
(51, '2025-07-14', 'Subsídio Transporte', 181.3),
(52, '2022-01-07', 'Subsídio Transporte', 136.95),
(52, '2023-01-30', 'Carro Empresa', 76.75),
(52, '2023-01-30', 'Telemóvel Empresa', 45.06),
(53, '2022-06-18', 'Telemóvel Empresa', 224.66),
(53, '2023-07-03', 'Carro Empresa', 58.62),
(54, '2021-09-24', 'Seguro Saúde', 53.31),
(54, '2022-09-09', 'Subsídio Alimentação', 425.11),
(54, '2022-09-09', 'Telemóvel Empresa', 211.98),
(54, '2022-09-09', 'Subsídio Transporte', 143.0),
(54, '2023-10-07', 'Subsídio Alimentação', 362.14),
(55, '2023-05-12', 'Subsídio Alimentação', 143.9),
(55, '2023-05-12', 'Subsídio Transporte', 217.73),
(55, '2023-05-12', 'Seguro Saúde', 262.57),
(56, '2024-04-20', 'Telemóvel Empresa', 254.78),
(57, '2024-02-05', 'Seguro Saúde', 431.14),
(57, '2024-02-05', 'Telemóvel Empresa', 434.46),
(58, '2022-08-08', 'Subsídio Alimentação', 132.74),
(58, '2022-08-08', 'Subsídio Transporte', 339.16),
(58, '2022-08-08', 'Carro Empresa', 33.77),
(58, '2023-08-04', 'Subsídio Transporte', 107.44),
(58, '2024-08-27', 'Carro Empresa', 36.82),
(59, '2023-08-12', 'Seguro Saúde', 285.39),
(59, '2023-08-12', 'Telemóvel Empresa', 328.26),
(59, '2023-08-12', 'Carro Empresa', 199.9),
(60, '2024-05-29', 'Seguro Saúde', 35.61),
(60, '2024-05-29', 'Subsídio Alimentação', 200.93),
(61, '2024-03-20', 'Telemóvel Empresa', 392.02),
(61, '2024-03-20', 'Carro Empresa', 392.07),
(61, '2024-03-20', 'Seguro Saúde', 164.09),
(61, '2025-04-05', 'Telemóvel Empresa', 378.72),
(61, '2025-04-05', 'Seguro Saúde', 296.19),
(61, '2025-04-05', 'Subsídio Alimentação', 269.93),
(62, '2024-08-08', 'Telemóvel Empresa', 202.99),
(62, '2024-08-08', 'Subsídio Transporte', 117.45),
(62, '2025-09-02', 'Carro Empresa', 401.73),
(62, '2025-09-02', 'Telemóvel Empresa', 405.91),
(62, '2025-09-02', 'Seguro Saúde', 408.23),
(63, '2024-03-13', 'Subsídio Transporte', 391.97),
(63, '2024-03-13', 'Seguro Saúde', 192.41),
(63, '2025-02-26', 'Subsídio Transporte', 199.21),
(63, '2025-02-26', 'Telemóvel Empresa', 169.14),
(64, '2024-03-25', 'Carro Empresa', 378.05),
(64, '2024-03-25', 'Subsídio Alimentação', 442.82),
(64, '2024-03-25', 'Subsídio Transporte', 81.23),
(65, '2024-01-30', 'Subsídio Transporte', 261.6),
(65, '2024-01-30', 'Subsídio Alimentação', 437.72),
(65, '2025-02-20', 'Subsídio Transporte', 265.24),
(65, '2025-02-20', 'Telemóvel Empresa', 406.66),
(66, '2023-02-04', 'Carro Empresa', 360.91),
(66, '2023-02-04', 'Subsídio Transporte', 163.97),
(66, '2023-02-04', 'Subsídio Alimentação', 69.97),
(67, '2023-06-16', 'Subsídio Alimentação', 86.37),
(68, '2022-05-07', 'Telemóvel Empresa', 308.76),
(68, '2023-05-17', 'Subsídio Alimentação', 312.8),
(68, '2023-05-17', 'Seguro Saúde', 71.49),
(69, '2022-09-21', 'Seguro Saúde', 40.42),
(69, '2023-10-10', 'Subsídio Transporte', 332.79),
(69, '2024-10-14', 'Telemóvel Empresa', 290.7),
(69, '2024-10-14', 'Carro Empresa', 232.04),
(70, '2022-03-08', 'Carro Empresa', 84.74),
(70, '2023-03-03', 'Seguro Saúde', 57.03),
(71, '2024-03-23', 'Subsídio Alimentação', 54.35),
(71, '2024-03-23', 'Subsídio Transporte', 238.39),
(71, '2025-03-21', 'Seguro Saúde', 267.14),
(72, '2023-08-18', 'Telemóvel Empresa', 206.86),
(72, '2023-08-18', 'Seguro Saúde', 310.21),
(72, '2023-08-18', 'Subsídio Transporte', 62.17),
(73, '2024-11-18', 'Carro Empresa', 417.45),
(73, '2024-11-18', 'Seguro Saúde', 246.08),
(73, '2024-11-18', 'Telemóvel Empresa', 146.46),
(74, '2025-01-12', 'Carro Empresa', 78.42),
(74, '2025-01-12', 'Subsídio Alimentação', 331.74),
(75, '2024-08-01', 'Subsídio Alimentação', 423.57),
(75, '2024-08-01', 'Telemóvel Empresa', 53.53),
(75, '2024-08-01', 'Subsídio Transporte', 149.44),
(75, '2025-08-08', 'Subsídio Alimentação', 428.87),
(75, '2025-08-08', 'Subsídio Transporte', 74.89),
(75, '2025-08-08', 'Seguro Saúde', 265.37),
(76, '2021-04-14', 'Subsídio Alimentação', 185.16),
(76, '2021-04-14', 'Carro Empresa', 157.04),
(76, '2021-04-14', 'Subsídio Transporte', 242.62),
(76, '2022-05-14', 'Subsídio Alimentação', 243.4),
(77, '2023-07-05', 'Subsídio Alimentação', 261.14),
(77, '2025-07-16', 'Seguro Saúde', 160.58),
(77, '2025-07-16', 'Telemóvel Empresa', 118.53),
(78, '2023-07-09', 'Subsídio Alimentação', 104.84),
(78, '2023-07-09', 'Seguro Saúde', 365.73),
(78, '2023-07-09', 'Telemóvel Empresa', 211.48),
(78, '2024-07-15', 'Subsídio Alimentação', 252.85),
(78, '2024-07-15', 'Telemóvel Empresa', 440.36),
(79, '2022-09-12', 'Carro Empresa', 118.01),
(80, '2021-12-10', 'Telemóvel Empresa', 335.89),
(80, '2021-12-10', 'Subsídio Alimentação', 415.84),
(80, '2021-12-10', 'Subsídio Transporte', 136.88),
(81, '2023-09-24', 'Seguro Saúde', 400.93),
(81, '2024-09-28', 'Subsídio Alimentação', 381.99),
(81, '2024-09-28', 'Seguro Saúde', 189.23),
(81, '2024-09-28', 'Carro Empresa', 357.97),
(81, '2025-10-10', 'Subsídio Transporte', 407.44),
(82, '2021-11-26', 'Subsídio Alimentação', 133.81),
(82, '2021-11-26', 'Telemóvel Empresa', 109.16),
(83, '2025-09-07', 'Subsídio Alimentação', 252.03),
(84, '2021-06-05', 'Seguro Saúde', 193.75),
(84, '2021-06-05', 'Subsídio Transporte', 225.45),
(84, '2021-06-05', 'Carro Empresa', 33.54),
(84, '2022-06-06', 'Carro Empresa', 111.87),
(84, '2022-06-06', 'Seguro Saúde', 179.32),
(84, '2022-06-06', 'Subsídio Transporte', 222.92),
(85, '2021-06-16', 'Subsídio Alimentação', 252.28),
(85, '2022-06-03', 'Subsídio Transporte', 390.29),
(86, '2023-07-02', 'Telemóvel Empresa', 155.85),
(86, '2023-07-02', 'Seguro Saúde', 434.58),
(86, '2023-07-02', 'Subsídio Alimentação', 95.03),
(86, '2025-07-02', 'Seguro Saúde', 194.4),
(86, '2025-07-02', 'Carro Empresa', 348.12),
(86, '2025-07-02', 'Subsídio Alimentação', 293.21),
(87, '2024-05-22', 'Carro Empresa', 261.13),
(87, '2024-05-22', 'Subsídio Alimentação', 175.17),
(87, '2024-05-22', 'Subsídio Transporte', 375.21),
(88, '2025-05-03', 'Subsídio Transporte', 112.85),
(88, '2025-05-03', 'Carro Empresa', 122.61),
(90, '2022-12-13', 'Telemóvel Empresa', 30.48),
(90, '2022-12-13', 'Subsídio Transporte', 179.88),
(90, '2022-12-13', 'Subsídio Alimentação', 232.81),
(90, '2023-12-29', 'Subsídio Alimentação', 286.45),
(90, '2023-12-29', 'Subsídio Transporte', 174.11),
(90, '2023-12-29', 'Seguro Saúde', 52.53),
(90, '2025-01-13', 'Carro Empresa', 258.94),
(90, '2025-01-13', 'Seguro Saúde', 416.56),
(90, '2025-01-13', 'Subsídio Alimentação', 67.28),
(91, '2021-09-27', 'Subsídio Alimentação', 414.6),
(91, '2021-09-27', 'Carro Empresa', 84.16),
(91, '2021-09-27', 'Telemóvel Empresa', 301.19),
(91, '2022-10-24', 'Subsídio Transporte', 235.3),
(91, '2023-10-30', 'Subsídio Transporte', 53.27),
(92, '2021-04-16', 'Telemóvel Empresa', 109.27),
(92, '2021-04-16', 'Subsídio Transporte', 77.96),
(92, '2022-05-06', 'Seguro Saúde', 389.92),
(92, '2023-05-28', 'Carro Empresa', 152.5),
(92, '2024-05-28', 'Subsídio Alimentação', 306.69),
(92, '2024-05-28', 'Telemóvel Empresa', 303.28),
(93, '2023-02-01', 'Seguro Saúde', 155.38),
(93, '2025-03-06', 'Carro Empresa', 150.38),
(93, '2025-03-06', 'Subsídio Alimentação', 375.15),
(93, '2025-03-06', 'Seguro Saúde', 150.53),
(94, '2022-12-21', 'Carro Empresa', 274.83),
(94, '2022-12-21', 'Telemóvel Empresa', 154.53),
(94, '2022-12-21', 'Subsídio Alimentação', 262.5),
(94, '2024-01-21', 'Telemóvel Empresa', 45.74),
(94, '2024-01-21', 'Subsídio Alimentação', 194.69),
(95, '2025-04-01', 'Carro Empresa', 70.71),
(95, '2025-04-01', 'Subsídio Transporte', 39.72),
(95, '2025-04-01', 'Telemóvel Empresa', 308.69),
(96, '2022-08-31', 'Carro Empresa', 251.91),
(96, '2024-10-24', 'Seguro Saúde', 180.65),
(96, '2025-11-04', 'Subsídio Transporte', 33.31),
(97, '2022-12-07', 'Subsídio Alimentação', 434.92),
(97, '2022-12-07', 'Seguro Saúde', 124.67),
(97, '2023-12-17', 'Telemóvel Empresa', 32.83),
(97, '2023-12-17', 'Carro Empresa', 232.96),
(98, '2022-07-09', 'Telemóvel Empresa', 269.01),
(98, '2022-07-09', 'Subsídio Alimentação', 230.93),
(98, '2022-07-09', 'Subsídio Transporte', 114.02),
(98, '2023-06-24', 'Telemóvel Empresa', 206.59),
(98, '2023-06-24', 'Subsídio Alimentação', 397.4),
(98, '2023-06-24', 'Subsídio Transporte', 311.85),
(99, '2024-11-24', 'Carro Empresa', 326.43),
(100, '2021-12-15', 'Carro Empresa', 297.82);

-- Dados para Ferias
INSERT INTO Ferias (ID_fun, data_inicio, data_fim, num_dias, estado_aprov) VALUES
(1, '2024-03-22', '2024-03-25', 3, 'Aprovado'),
(1, '2024-05-23', '2024-05-31', 8, 'Por aprovar'),
(2, '2023-09-28', '2023-10-12', 14, 'Rejeitado'),
(2, '2024-09-21', '2024-09-29', 8, 'Por aprovar'),
(4, '2022-11-27', '2022-12-04', 7, 'Aprovado'),
(4, '2025-10-26', '2025-11-01', 6, 'Rejeitado'),
(5, '2023-09-27', '2023-10-03', 6, 'Aprovado'),
(5, '2022-12-17', '2022-12-30', 13, 'Aprovado'),
(5, '2025-06-25', '2025-07-06', 11, 'Por aprovar'),
(6, '2024-11-30', '2024-12-04', 4, 'Por aprovar'),
(6, '2025-05-04', '2025-05-09', 5, 'Rejeitado'),
(6, '2025-04-24', '2025-04-29', 5, 'Rejeitado'),
(7, '2025-04-07', '2025-04-20', 13, 'Rejeitado'),
(7, '2022-12-31', '2023-01-11', 11, 'Aprovado'),
(7, '2025-09-26', '2025-10-03', 7, 'Por aprovar'),
(7, '2024-12-09', '2024-12-17', 8, 'Por aprovar'),
(8, '2023-04-02', '2023-04-10', 8, 'Aprovado'),
(8, '2024-09-23', '2024-09-26', 3, 'Aprovado'),
(8, '2024-09-09', '2024-09-15', 6, 'Rejeitado'),
(11, '2023-08-28', '2023-09-03', 6, 'Aprovado'),
(13, '2023-09-30', '2023-10-09', 9, 'Aprovado'),
(14, '2025-06-12', '2025-06-23', 11, 'Aprovado'),
(14, '2024-01-09', '2024-01-16', 7, 'Aprovado'),
(14, '2023-07-27', '2023-08-01', 5, 'Aprovado'),
(14, '2024-07-27', '2024-08-07', 11, 'Por aprovar'),
(15, '2025-05-16', '2025-05-31', 15, 'Aprovado'),
(16, '2024-10-31', '2024-11-13', 13, 'Aprovado'),
(16, '2024-04-14', '2024-04-20', 6, 'Por aprovar'),
(17, '2025-09-10', '2025-09-19', 9, 'Aprovado'),
(17, '2024-10-26', '2024-10-28', 2, 'Aprovado'),
(17, '2025-04-14', '2025-04-26', 12, 'Por aprovar'),
(17, '2025-06-24', '2025-07-02', 8, 'Rejeitado'),
(18, '2024-07-03', '2024-07-16', 13, 'Aprovado'),
(18, '2025-10-28', '2025-11-11', 14, 'Aprovado'),
(19, '2024-11-24', '2024-12-05', 11, 'Aprovado'),
(19, '2024-07-20', '2024-07-31', 11, 'Aprovado'),
(20, '2023-12-05', '2023-12-19', 14, 'Aprovado'),
(20, '2023-08-15', '2023-08-22', 7, 'Aprovado'),
(20, '2024-05-14', '2024-05-18', 4, 'Aprovado'),
(20, '2024-05-25', '2024-05-29', 4, 'Por aprovar'),
(21, '2023-12-23', '2024-01-05', 13, 'Aprovado'),
(21, '2024-06-09', '2024-06-20', 11, 'Aprovado'),
(22, '2023-01-22', '2023-01-29', 7, 'Por aprovar'),
(22, '2024-01-29', '2024-02-12', 14, 'Aprovado'),
(22, '2024-12-13', '2024-12-20', 7, 'Aprovado'),
(22, '2023-08-26', '2023-08-29', 3, 'Aprovado'),
(23, '2025-01-30', '2025-02-13', 14, 'Aprovado'),
(23, '2023-05-06', '2023-05-15', 9, 'Rejeitado'),
(23, '2024-05-25', '2024-06-06', 12, 'Aprovado'),
(23, '2023-05-30', '2023-06-10', 11, 'Rejeitado'),
(24, '2025-09-16', '2025-09-19', 3, 'Por aprovar'),
(24, '2024-01-24', '2024-02-05', 12, 'Aprovado'),
(24, '2025-05-28', '2025-06-03', 6, 'Aprovado'),
(26, '2025-03-02', '2025-03-14', 12, 'Rejeitado'),
(26, '2023-11-03', '2023-11-17', 14, 'Aprovado'),
(26, '2022-12-06', '2022-12-12', 6, 'Aprovado'),
(26, '2023-01-18', '2023-01-31', 13, 'Aprovado'),
(27, '2023-06-04', '2023-06-15', 11, 'Aprovado'),
(27, '2023-12-20', '2023-12-27', 7, 'Por aprovar'),
(27, '2022-11-18', '2022-12-03', 15, 'Rejeitado'),
(28, '2023-05-24', '2023-05-31', 7, 'Aprovado'),
(29, '2022-12-13', '2022-12-23', 10, 'Aprovado'),
(30, '2023-01-11', '2023-01-21', 10, 'Por aprovar'),
(31, '2023-08-06', '2023-08-15', 9, 'Aprovado'),
(34, '2024-06-19', '2024-06-22', 3, 'Por aprovar'),
(34, '2024-02-25', '2024-03-04', 8, 'Por aprovar'),
(34, '2025-09-29', '2025-10-14', 15, 'Aprovado'),
(35, '2023-05-27', '2023-06-10', 14, 'Aprovado'),
(36, '2025-04-07', '2025-04-13', 6, 'Por aprovar'),
(36, '2023-06-11', '2023-06-16', 5, 'Aprovado'),
(36, '2025-08-02', '2025-08-07', 5, 'Rejeitado'),
(36, '2024-08-05', '2024-08-14', 9, 'Rejeitado'),
(39, '2023-11-01', '2023-11-14', 13, 'Rejeitado'),
(40, '2025-05-02', '2025-05-04', 2, 'Aprovado'),
(40, '2023-04-19', '2023-05-03', 14, 'Aprovado'),
(40, '2025-10-24', '2025-11-06', 13, 'Aprovado'),
(41, '2023-02-13', '2023-02-25', 12, 'Aprovado'),
(41, '2024-07-04', '2024-07-15', 11, 'Aprovado'),
(42, '2025-01-21', '2025-01-24', 3, 'Rejeitado'),
(42, '2025-04-18', '2025-04-24', 6, 'Aprovado'),
(43, '2023-04-05', '2023-04-20', 15, 'Por aprovar'),
(43, '2024-01-26', '2024-02-04', 9, 'Rejeitado'),
(44, '2023-03-08', '2023-03-15', 7, 'Rejeitado'),
(44, '2023-05-09', '2023-05-12', 3, 'Aprovado'),
(45, '2024-12-22', '2024-12-26', 4, 'Aprovado'),
(45, '2025-07-11', '2025-07-26', 15, 'Por aprovar'),
(45, '2025-02-16', '2025-02-23', 7, 'Aprovado'),
(45, '2025-08-10', '2025-08-24', 14, 'Rejeitado'),
(47, '2022-11-17', '2022-11-19', 2, 'Por aprovar'),
(47, '2024-03-29', '2024-04-10', 12, 'Aprovado'),
(48, '2024-10-30', '2024-11-06', 7, 'Aprovado'),
(48, '2025-04-14', '2025-04-20', 6, 'Aprovado'),
(49, '2024-02-26', '2024-03-08', 11, 'Aprovado'),
(49, '2023-06-08', '2023-06-21', 13, 'Por aprovar'),
(49, '2024-02-12', '2024-02-18', 6, 'Aprovado'),
(50, '2023-06-26', '2023-07-11', 15, 'Por aprovar'),
(50, '2025-04-27', '2025-05-03', 6, 'Aprovado'),
(53, '2025-05-21', '2025-06-04', 14, 'Aprovado'),
(54, '2023-06-07', '2023-06-20', 13, 'Aprovado'),
(54, '2024-07-06', '2024-07-16', 10, 'Aprovado'),
(54, '2023-08-06', '2023-08-15', 9, 'Aprovado'),
(54, '2023-01-05', '2023-01-07', 2, 'Aprovado'),
(55, '2024-07-11', '2024-07-25', 14, 'Rejeitado'),
(55, '2023-11-07', '2023-11-09', 2, 'Aprovado'),
(57, '2023-04-30', '2023-05-10', 10, 'Aprovado'),
(58, '2025-07-04', '2025-07-06', 2, 'Aprovado'),
(58, '2022-11-24', '2022-12-02', 8, 'Por aprovar'),
(58, '2024-04-22', '2024-04-30', 8, 'Rejeitado'),
(58, '2022-11-11', '2022-11-15', 4, 'Aprovado'),
(60, '2025-07-28', '2025-08-03', 6, 'Aprovado'),
(60, '2023-05-29', '2023-06-02', 4, 'Aprovado'),
(61, '2024-01-21', '2024-02-04', 14, 'Rejeitado'),
(61, '2024-10-19', '2024-10-26', 7, 'Por aprovar'),
(61, '2023-02-18', '2023-02-23', 5, 'Aprovado'),
(61, '2025-10-08', '2025-10-12', 4, 'Aprovado'),
(68, '2025-08-24', '2025-08-29', 5, 'Aprovado'),
(68, '2023-02-19', '2023-02-27', 8, 'Rejeitado'),
(70, '2023-07-19', '2023-07-21', 2, 'Por aprovar'),
(71, '2025-07-31', '2025-08-13', 13, 'Aprovado'),
(71, '2024-11-28', '2024-12-08', 10, 'Por aprovar'),
(71, '2024-02-29', '2024-03-04', 4, 'Aprovado'),
(72, '2023-04-10', '2023-04-19', 9, 'Aprovado'),
(72, '2023-12-03', '2023-12-07', 4, 'Aprovado'),
(72, '2024-03-28', '2024-04-01', 4, 'Aprovado'),
(72, '2023-03-10', '2023-03-20', 10, 'Aprovado'),
(74, '2024-08-09', '2024-08-23', 14, 'Por aprovar'),
(75, '2025-01-08', '2025-01-22', 14, 'Por aprovar'),
(75, '2023-01-22', '2023-01-29', 7, 'Por aprovar'),
(75, '2023-02-02', '2023-02-07', 5, 'Aprovado'),
(76, '2024-10-23', '2024-11-04', 12, 'Aprovado'),
(76, '2025-08-09', '2025-08-16', 7, 'Aprovado'),
(76, '2024-09-03', '2024-09-14', 11, 'Por aprovar'),
(76, '2024-05-31', '2024-06-12', 12, 'Aprovado'),
(77, '2023-08-15', '2023-08-27', 12, 'Por aprovar'),
(77, '2023-02-06', '2023-02-15', 9, 'Aprovado'),
(77, '2025-03-23', '2025-03-31', 8, 'Aprovado'),
(78, '2023-08-03', '2023-08-09', 6, 'Aprovado'),
(79, '2024-08-04', '2024-08-16', 12, 'Aprovado'),
(79, '2022-11-08', '2022-11-14', 6, 'Por aprovar'),
(79, '2023-07-12', '2023-07-24', 12, 'Aprovado'),
(79, '2024-03-04', '2024-03-17', 13, 'Por aprovar'),
(80, '2024-04-03', '2024-04-07', 4, 'Aprovado'),
(80, '2024-09-07', '2024-09-18', 11, 'Aprovado'),
(80, '2023-06-16', '2023-06-26', 10, 'Aprovado'),
(82, '2025-07-12', '2025-07-24', 12, 'Aprovado'),
(83, '2024-06-11', '2024-06-17', 6, 'Aprovado'),
(83, '2024-02-07', '2024-02-19', 12, 'Aprovado'),
(83, '2024-02-19', '2024-02-27', 8, 'Aprovado'),
(84, '2025-01-16', '2025-01-26', 10, 'Aprovado'),
(85, '2023-06-26', '2023-07-03', 7, 'Aprovado'),
(86, '2023-06-05', '2023-06-15', 10, 'Por aprovar'),
(87, '2023-07-06', '2023-07-16', 10, 'Aprovado'),
(87, '2023-08-08', '2023-08-17', 9, 'Aprovado'),
(88, '2025-10-12', '2025-10-22', 10, 'Por aprovar'),
(88, '2025-07-31', '2025-08-04', 4, 'Por aprovar'),
(89, '2024-09-28', '2024-10-10', 12, 'Rejeitado'),
(89, '2024-11-13', '2024-11-25', 12, 'Aprovado'),
(89, '2024-04-03', '2024-04-08', 5, 'Aprovado'),
(91, '2023-06-20', '2023-06-27', 7, 'Rejeitado'),
(91, '2024-11-03', '2024-11-08', 5, 'Aprovado'),
(91, '2023-11-01', '2023-11-03', 2, 'Aprovado'),
(93, '2024-11-02', '2024-11-04', 2, 'Aprovado'),
(97, '2023-08-11', '2023-08-20', 9, 'Aprovado'),
(97, '2025-07-29', '2025-08-04', 6, 'Aprovado'),
(97, '2023-06-22', '2023-07-07', 15, 'Por aprovar'),
(98, '2023-11-12', '2023-11-19', 7, 'Aprovado'),
(99, '2023-02-20', '2023-03-06', 14, 'Por aprovar'),
(99, '2023-03-17', '2023-03-20', 3, 'Aprovado'),
(99, '2025-04-08', '2025-04-18', 10, 'Aprovado');

-- Dados para Dependentes
INSERT INTO Dependentes (ID_Fun, nome, sexo, data_nascimento, parentesco) VALUES
(3, 'João Carneiro', 'Feminino', '1945-01-09', 'Pai/Mãe'),
(5, 'Manuel Barros', 'Feminino', '1966-08-20', 'Pai/Mãe'),
(9, 'Ângelo Leite', 'Feminino', '1949-05-23', 'Pai/Mãe'),
(12, 'Lucas Campos', 'Feminino', '1942-03-08', 'Pai/Mãe'),
(13, 'Rodrigo da Tavares', 'Masculino', '1937-07-14', 'Pai/Mãe'),
(18, 'Álvaro do Rocha', 'Outro', '1961-08-16', 'Pai/Mãe'),
(28, 'Vera Loureiro', 'Outro', '1933-07-18', 'Pai/Mãe'),
(31, 'Luísa Fonseca', 'Masculino', '1939-03-11', 'Pai/Mãe'),
(39, 'Victória Assunção', 'Outro', '1956-07-08', 'Pai/Mãe'),
(45, 'Larissa Faria', 'Masculino', '1954-10-05', 'Pai/Mãe'),
(49, 'Lucas Miranda', 'Feminino', '1956-05-29', 'Pai/Mãe'),
(51, 'Luna Macedo', 'Outro', '1949-04-28', 'Pai/Mãe'),
(71, 'Lucas do Pereira', 'Masculino', '1950-02-18', 'Pai/Mãe'),
(81, 'Carlos Santos', 'Feminino', '1945-03-19', 'Pai/Mãe'),
(82, 'Bryan Lopes', 'Outro', '1941-02-03', 'Pai/Mãe'),
(85, 'Carolina Fonseca', 'Outro', '1959-09-24', 'Pai/Mãe'),
(88, 'Alice Nogueira', 'Masculino', '1968-06-10', 'Pai/Mãe'),
(91, 'Soraia Pinto', 'Outro', '1962-07-15', 'Pai/Mãe'),
(94, 'Rui Maia', 'Outro', '1963-01-20', 'Pai/Mãe'),
(99, 'Sara Anjos', 'Feminino', '1964-10-14', 'Pai/Mãe'),
(4, 'Bernardo Monteiro', 'Masculino', '1954-03-07', 'Enteado(a)'),
(5, 'Nádia Matos', 'Outro', '1997-04-26', 'Cônjuge'),
(5, 'Kelly Marques', 'Feminino', '2020-08-30', 'Filho(a)'),
(6, 'Rui do Nascimento', 'Feminino', '1971-09-20', 'Cônjuge'),
(8, 'Benjamim Nascimento', 'Outro', '1998-05-09', 'Filho(a)'),
(8, 'Bernardo Domingues', 'Feminino', '2004-05-27', 'Filho(a)'),
(8, 'Samuel Rocha', 'Outro', '1973-11-10', 'Enteado(a)'),
(8, 'Maria Vieira', 'Feminino', '1948-08-21', 'Cônjuge'),
(9, 'Renato Vaz', 'Outro', '2012-06-29', 'Filho(a)'),
(9, 'Isabel do Paiva', 'Feminino', '1964-03-31', 'Enteado(a)'),
(10, 'Afonso Pacheco', 'Feminino', '1979-11-09', 'Filho(a)'),
(10, 'Cláudio Silva-Santos', 'Feminino', '2001-08-16', 'Cônjuge'),
(10, 'Clara Pacheco', 'Outro', '1946-01-28', 'Enteado(a)'),
(11, 'Raquel Lopes', 'Masculino', '2000-05-31', 'Filho(a)'),
(12, 'Tatiana Moreira-Gonçalves', 'Outro', '1970-01-17', 'Enteado(a)'),
(12, 'Iara Soares', 'Masculino', '2020-08-31', 'Cônjuge'),
(13, 'César Reis', 'Masculino', '1978-11-15', 'Filho(a)'),
(13, 'Luísa de Soares', 'Outro', '2025-07-06', 'Filho(a)'),
(13, 'Larissa Amaral-Brito', 'Masculino', '1965-01-01', 'Cônjuge'),
(15, 'Ariana Freitas', 'Outro', '2005-11-28', 'Filho(a)'),
(15, 'Beatriz Vieira', 'Feminino', '2024-02-24', 'Cônjuge'),
(15, 'Carlos da Castro', 'Outro', '2025-05-07', 'Filho(a)'),
(16, 'Margarida Teixeira-Macedo', 'Feminino', '1962-07-19', 'Enteado(a)'),
(21, 'Lúcia Santos', 'Outro', '2020-11-06', 'Filho(a)'),
(21, 'Matias Campos', 'Masculino', '2021-05-10', 'Filho(a)'),
(21, 'Caetana Amorim', 'Masculino', '2005-09-06', 'Enteado(a)'),
(21, 'Margarida Mota', 'Outro', '1984-07-25', 'Filho(a)'),
(24, 'Alexandre da Esteves', 'Outro', '1980-07-08', 'Enteado(a)'),
(24, 'Artur Simões', 'Outro', '2001-07-25', 'Enteado(a)'),
(25, 'Wilson Domingues', 'Outro', '2001-10-08', 'Filho(a)'),
(25, 'Júlia-Valentina Oliveira', 'Masculino', '2010-11-08', 'Enteado(a)'),
(25, 'Petra Marques-Henriques', 'Feminino', '2004-11-25', 'Filho(a)'),
(26, 'Soraia Rocha', 'Masculino', '1954-03-24', 'Cônjuge'),
(26, 'Duarte Cunha', 'Feminino', '1986-02-14', 'Filho(a)'),
(26, 'Patrícia Soares', 'Feminino', '1985-09-27', 'Cônjuge'),
(27, 'Mariana Gomes', 'Outro', '2024-10-22', 'Enteado(a)'),
(27, 'Marta-Ema Amaral', 'Masculino', '1986-04-30', 'Enteado(a)'),
(28, 'Emanuel Henriques', 'Feminino', '1946-09-21', 'Enteado(a)'),
(28, 'Mariana Paiva', 'Outro', '1997-01-04', 'Cônjuge'),
(30, 'Marcos Matos', 'Masculino', '2021-09-18', 'Filho(a)'),
(30, 'Álvaro Loureiro-Carvalho', 'Outro', '2006-12-02', 'Filho(a)'),
(30, 'Erika Vaz', 'Outro', '2024-03-10', 'Filho(a)'),
(31, 'Rui Gonçalves', 'Feminino', '1948-12-30', 'Enteado(a)'),
(31, 'Emília Lima', 'Feminino', '2012-02-22', 'Filho(a)'),
(31, 'Ema Coelho', 'Masculino', '2006-05-07', 'Filho(a)'),
(32, 'Iara Gaspar', 'Masculino', '2016-01-03', 'Filho(a)'),
(35, 'Eduardo do Monteiro', 'Masculino', '2025-07-26', 'Enteado(a)'),
(35, 'William Cardoso-Teixeira', 'Feminino', '1972-11-15', 'Filho(a)'),
(35, 'Joel Freitas', 'Masculino', '1991-02-14', 'Cônjuge'),
(35, 'Benjamim Rodrigues-Pires', 'Masculino', '1975-11-27', 'Filho(a)'),
(36, 'Márcio Macedo', 'Outro', '2007-03-14', 'Filho(a)'),
(36, 'Nuno Monteiro', 'Feminino', '1993-12-09', 'Cônjuge'),
(36, 'Gabriela-Petra Moreira', 'Feminino', '2004-03-23', 'Cônjuge'),
(38, 'Artur Fonseca', 'Masculino', '1953-09-20', 'Cônjuge'),
(38, 'Igor da Sousa', 'Feminino', '2017-11-06', 'Filho(a)'),
(38, 'Emília Rocha', 'Outro', '2016-03-29', 'Filho(a)'),
(38, 'Diego da Monteiro', 'Outro', '1967-02-14', 'Enteado(a)'),
(42, 'Luana Vaz', 'Outro', '2004-10-31', 'Enteado(a)'),
(44, 'Kévim Sá', 'Masculino', '2006-04-22', 'Filho(a)'),
(45, 'Rodrigo Pinho', 'Masculino', '2016-04-23', 'Enteado(a)'),
(45, 'Nair Pinho', 'Outro', '2005-05-11', 'Cônjuge'),
(45, 'Tiago Moura', 'Masculino', '1976-03-21', 'Cônjuge'),
(46, 'Luís de Carvalho', 'Outro', '1998-04-12', 'Filho(a)'),
(46, 'Petra Matias', 'Feminino', '2002-09-11', 'Filho(a)'),
(49, 'Flor de Tavares', 'Feminino', '2011-07-05', 'Cônjuge'),
(49, 'Vicente Neto', 'Masculino', '2014-12-27', 'Cônjuge'),
(50, 'Sebastião Silva', 'Feminino', '1964-08-20', 'Enteado(a)'),
(51, 'Alice Moura', 'Outro', '1988-07-23', 'Filho(a)'),
(51, 'Anita Domingues', 'Feminino', '1979-06-07', 'Filho(a)'),
(52, 'Joaquim Maia', 'Outro', '1992-04-19', 'Filho(a)'),
(52, 'Nuno Freitas', 'Feminino', '1985-12-01', 'Enteado(a)'),
(53, 'Camila Cunha', 'Outro', '1998-12-01', 'Cônjuge'),
(55, 'Fabiana-Eva Pereira', 'Outro', '2014-10-11', 'Filho(a)'),
(55, 'Artur Silva', 'Masculino', '1953-01-03', 'Cônjuge'),
(56, 'Rita-Débora Vicente', 'Masculino', '1950-06-27', 'Enteado(a)'),
(56, 'Constança Borges', 'Outro', '1998-08-27', 'Filho(a)'),
(59, 'Xavier Gonçalves', 'Masculino', '2024-09-04', 'Filho(a)'),
(59, 'Sara Martins', 'Feminino', '1990-03-18', 'Filho(a)'),
(60, 'Bruno Cruz', 'Outro', '1969-08-26', 'Enteado(a)'),
(60, 'Érica Branco', 'Outro', '1998-04-23', 'Filho(a)'),
(60, 'Benjamim Lima', 'Feminino', '2000-06-13', 'Enteado(a)'),
(62, 'Laura Borges', 'Masculino', '1950-05-13', 'Enteado(a)'),
(62, 'Ana Lourenço-Maia', 'Masculino', '1968-10-04', 'Filho(a)'),
(62, 'Santiago Figueiredo', 'Feminino', '2023-04-15', 'Filho(a)'),
(62, 'Manuel Vicente', 'Feminino', '1949-07-29', 'Enteado(a)'),
(63, 'Sérgio Machado', 'Masculino', '2002-07-19', 'Filho(a)'),
(64, 'Afonso Carvalho', 'Outro', '1993-07-17', 'Filho(a)'),
(64, 'Mara Nogueira', 'Feminino', '1974-03-20', 'Cônjuge'),
(68, 'Vitória Esteves', 'Feminino', '2011-01-29', 'Filho(a)'),
(68, 'Ema-Bianca Anjos', 'Outro', '2017-08-05', 'Filho(a)'),
(68, 'Marco do Borges', 'Feminino', '1986-06-05', 'Cônjuge'),
(69, 'Petra Nogueira', 'Masculino', '1983-02-24', 'Cônjuge'),
(69, 'Luna Pinto', 'Masculino', '1992-03-27', 'Enteado(a)'),
(69, 'Constança Miranda', 'Outro', '2009-11-12', 'Filho(a)'),
(70, 'Catarina-Érica Amaral', 'Feminino', '1996-07-13', 'Filho(a)'),
(70, 'Petra Correia', 'Masculino', '2006-04-07', 'Filho(a)'),
(72, 'Artur Branco', 'Masculino', '2024-11-30', 'Filho(a)'),
(72, 'Maria Antunes', 'Feminino', '2002-06-08', 'Filho(a)'),
(72, 'Íris Monteiro', 'Feminino', '2008-07-23', 'Filho(a)'),
(73, 'Daniel Macedo', 'Feminino', '1992-09-04', 'Enteado(a)'),
(73, 'José Rocha', 'Masculino', '1986-03-31', 'Enteado(a)'),
(74, 'David Campos', 'Outro', '2025-03-12', 'Enteado(a)'),
(74, 'Francisca Branco', 'Outro', '1958-03-29', 'Cônjuge'),
(74, 'Leonardo Ramos-Neto', 'Outro', '1996-04-02', 'Enteado(a)'),
(75, 'Rodrigo Rocha', 'Feminino', '2015-07-10', 'Filho(a)'),
(75, 'Patrícia Ramos', 'Outro', '2002-07-25', 'Enteado(a)'),
(75, 'William Rodrigues', 'Feminino', '2019-07-09', 'Filho(a)'),
(76, 'Renata do Assunção', 'Masculino', '1988-07-18', 'Enteado(a)'),
(77, 'Caetana Correia', 'Feminino', '1986-06-11', 'Filho(a)'),
(79, 'Alice-Eduarda Lopes', 'Outro', '1979-07-31', 'Cônjuge'),
(79, 'Soraia Jesus', 'Masculino', '2001-07-25', 'Cônjuge'),
(82, 'Núria Pinto', 'Feminino', '2021-06-04', 'Filho(a)'),
(83, 'Sérgio Henriques', 'Feminino', '2006-08-26', 'Filho(a)'),
(83, 'Cristiano Machado', 'Masculino', '2013-08-25', 'Enteado(a)'),
(83, 'Filipa Soares', 'Outro', '2023-02-04', 'Filho(a)'),
(85, 'Nelson Guerreiro', 'Feminino', '2004-09-06', 'Filho(a)'),
(86, 'José Amorim-Jesus', 'Feminino', '1996-11-05', 'Filho(a)'),
(86, 'Yasmin Jesus', 'Outro', '2003-06-14', 'Cônjuge'),
(86, 'Vera Ferreira', 'Feminino', '1991-05-10', 'Filho(a)'),
(87, 'Edgar do Nunes', 'Outro', '1977-02-05', 'Enteado(a)'),
(87, 'Tiago Maia', 'Outro', '1981-06-23', 'Enteado(a)'),
(87, 'Letícia Pereira', 'Outro', '1952-05-20', 'Enteado(a)'),
(88, 'Gabriel de Branco', 'Outro', '2017-05-14', 'Filho(a)'),
(88, 'Erica de Magalhães', 'Feminino', '2022-02-06', 'Filho(a)'),
(90, 'Lia Barros', 'Outro', '2006-07-30', 'Filho(a)'),
(91, 'Noa do Paiva', 'Feminino', '1998-12-27', 'Filho(a)'),
(91, 'Fábio Pacheco', 'Outro', '2023-01-21', 'Filho(a)'),
(92, 'Tatiana Lourenço', 'Outro', '2018-09-08', 'Filho(a)'),
(92, 'Martim Carvalho', 'Masculino', '2018-03-30', 'Filho(a)'),
(93, 'Vítor Amorim', 'Feminino', '2013-12-04', 'Filho(a)'),
(94, 'Camila Matos-Leite', 'Feminino', '2025-06-04', 'Enteado(a)'),
(94, 'Teresa Azevedo-Ribeiro', 'Feminino', '1995-04-07', 'Enteado(a)'),
(94, 'Irina Matias', 'Outro', '2010-10-08', 'Filho(a)'),
(97, 'André Neto', 'Outro', '2012-12-01', 'Filho(a)'),
(97, 'Cláudio Anjos', 'Feminino', '1989-08-05', 'Filho(a)'),
(97, 'Andreia Neto', 'Masculino', '1981-06-12', 'Filho(a)'),
(98, 'Benjamim Macedo', 'Masculino', '1950-04-18', 'Enteado(a)'),
(99, 'Carminho Faria', 'Outro', '1998-10-16', 'Cônjuge'),
(100, 'Lucas Ferreira', 'Outro', '1965-01-13', 'Filho(a)');

-- Dados para Faltas
INSERT INTO Faltas (ID_Fun, Data, Justificacao) VALUES
(1, '2023-12-12', 'Avaria de transporte'),
(2, '2023-03-27', 'Doença súbita'),
(2, '2024-04-25', 'Procedimentos legais/burocráticos'),
(2, '2025-04-01', 'Doença súbita'),
(2, '2025-09-30', 'Avaria de transporte'),
(4, '2024-06-28', 'Doença súbita'),
(4, '2023-04-15', 'Apoio à família'),
(5, '2022-12-24', 'Procedimentos legais/burocráticos'),
(5, '2024-06-04', 'Avaria de transporte'),
(6, '2025-03-28', 'Avaria de transporte'),
(6, '2025-04-11', 'Assuntos pessoais urgentes'),
(8, '2023-05-11', 'Consulta médica'),
(8, '2023-05-05', 'Apoio à família'),
(9, '2025-05-14', NULL),
(9, '2024-03-01', NULL),
(9, '2023-05-15', 'Doença súbita'),
(10, '2024-07-05', 'Assuntos pessoais urgentes'),
(10, '2025-08-07', 'Doença súbita'),
(11, '2023-08-11', 'Doença súbita'),
(12, '2025-08-19', 'Procedimentos legais/burocráticos'),
(12, '2024-03-29', 'Procedimentos legais/burocráticos'),
(12, '2022-12-11', 'Procedimentos legais/burocráticos'),
(12, '2024-09-30', 'Doença súbita'),
(12, '2024-03-13', 'Assuntos pessoais urgentes'),
(14, '2024-07-02', 'Assuntos pessoais urgentes'),
(16, '2023-06-01', NULL),
(16, '2024-08-30', 'Apoio à família'),
(17, '2024-10-29', 'Avaria de transporte'),
(17, '2025-05-31', 'Avaria de transporte'),
(17, '2025-01-04', 'Assuntos pessoais urgentes'),
(17, '2025-04-19', 'Avaria de transporte'),
(17, '2023-05-20', 'Procedimentos legais/burocráticos'),
(18, '2023-02-13', 'Apoio à família'),
(18, '2025-10-05', 'Assuntos pessoais urgentes'),
(19, '2023-05-11', 'Assuntos pessoais urgentes'),
(21, '2024-01-07', 'Doença súbita'),
(21, '2025-02-06', 'Apoio à família'),
(21, '2024-12-02', 'Consulta médica'),
(22, '2025-11-01', NULL),
(22, '2023-09-04', 'Avaria de transporte'),
(23, '2023-09-15', 'Procedimentos legais/burocráticos'),
(23, '2025-01-05', 'Doença súbita'),
(23, '2023-11-05', 'Doença súbita'),
(24, '2025-05-19', NULL),
(24, '2023-05-12', NULL),
(24, '2022-11-27', 'Doença súbita'),
(25, '2024-06-24', 'Avaria de transporte'),
(25, '2025-03-24', NULL),
(25, '2025-04-04', 'Avaria de transporte'),
(26, '2024-11-06', 'Apoio à família'),
(26, '2023-08-02', 'Procedimentos legais/burocráticos'),
(26, '2023-04-27', 'Doença súbita'),
(26, '2023-10-29', 'Consulta médica'),
(26, '2024-02-19', 'Assuntos pessoais urgentes'),
(26, '2024-04-03', 'Procedimentos legais/burocráticos'),
(26, '2022-12-21', 'Consulta médica'),
(27, '2023-08-22', 'Procedimentos legais/burocráticos'),
(27, '2023-06-17', NULL),
(28, '2023-10-13', NULL),
(28, '2024-07-19', 'Apoio à família'),
(28, '2025-02-28', 'Procedimentos legais/burocráticos'),
(28, '2023-02-15', 'Apoio à família'),
(28, '2024-07-02', 'Apoio à família'),
(30, '2023-03-18', NULL),
(31, '2023-02-04', 'Consulta médica'),
(31, '2025-03-23', 'Procedimentos legais/burocráticos'),
(32, '2025-03-31', 'Apoio à família'),
(32, '2025-10-20', 'Apoio à família'),
(32, '2024-04-21', NULL),
(32, '2023-06-30', 'Procedimentos legais/burocráticos'),
(33, '2024-02-10', 'Apoio à família'),
(34, '2025-08-01', 'Procedimentos legais/burocráticos'),
(34, '2024-09-12', 'Avaria de transporte'),
(34, '2024-02-23', 'Avaria de transporte'),
(35, '2024-01-13', NULL),
(35, '2025-10-08', 'Consulta médica'),
(36, '2025-02-25', NULL),
(36, '2025-05-22', 'Avaria de transporte'),
(36, '2025-03-12', NULL),
(36, '2025-06-17', 'Doença súbita'),
(38, '2025-10-29', 'Avaria de transporte'),
(38, '2025-05-07', 'Doença súbita'),
(38, '2025-05-17', 'Procedimentos legais/burocráticos'),
(42, '2025-07-17', 'Consulta médica'),
(42, '2023-08-14', NULL),
(44, '2024-08-07', NULL),
(44, '2024-04-12', 'Consulta médica'),
(44, '2022-12-26', 'Doença súbita'),
(44, '2025-02-27', NULL),
(45, '2025-10-19', 'Doença súbita'),
(45, '2023-12-20', 'Consulta médica'),
(45, '2023-08-18', 'Apoio à família'),
(45, '2024-04-27', 'Avaria de transporte'),
(46, '2023-09-26', NULL),
(48, '2024-10-04', NULL),
(48, '2023-06-15', NULL),
(48, '2023-10-17', 'Doença súbita'),
(48, '2025-01-06', 'Assuntos pessoais urgentes'),
(48, '2023-01-12', 'Doença súbita'),
(48, '2024-11-08', 'Apoio à família'),
(49, '2024-08-22', NULL),
(49, '2023-03-01', 'Consulta médica'),
(49, '2024-03-07', 'Doença súbita'),
(49, '2024-10-18', 'Avaria de transporte'),
(49, '2025-01-10', 'Apoio à família'),
(50, '2023-04-15', 'Procedimentos legais/burocráticos'),
(52, '2025-05-14', 'Avaria de transporte'),
(52, '2024-09-25', NULL),
(52, '2023-10-24', 'Doença súbita'),
(52, '2025-04-23', 'Assuntos pessoais urgentes'),
(53, '2024-09-08', 'Apoio à família'),
(53, '2025-02-08', 'Assuntos pessoais urgentes'),
(53, '2024-07-30', NULL),
(53, '2025-09-03', 'Avaria de transporte'),
(53, '2025-08-27', NULL),
(54, '2025-08-04', NULL),
(54, '2025-06-09', 'Avaria de transporte'),
(55, '2022-11-09', 'Doença súbita'),
(55, '2025-04-25', 'Apoio à família'),
(55, '2024-02-29', 'Consulta médica'),
(55, '2023-07-14', 'Apoio à família'),
(55, '2024-03-20', 'Assuntos pessoais urgentes'),
(56, '2025-09-15', 'Assuntos pessoais urgentes'),
(56, '2023-09-20', 'Avaria de transporte'),
(56, '2025-10-03', 'Apoio à família'),
(56, '2024-08-07', NULL),
(56, '2024-01-13', 'Doença súbita'),
(56, '2024-04-25', 'Doença súbita'),
(60, '2024-09-10', NULL),
(61, '2023-10-30', 'Apoio à família'),
(61, '2024-11-15', 'Assuntos pessoais urgentes'),
(61, '2024-02-09', 'Assuntos pessoais urgentes'),
(61, '2023-10-24', NULL),
(62, '2024-05-17', 'Apoio à família'),
(62, '2024-04-21', NULL),
(62, '2024-04-04', 'Avaria de transporte'),
(62, '2022-12-05', 'Assuntos pessoais urgentes'),
(62, '2025-06-21', NULL),
(62, '2024-10-08', 'Apoio à família'),
(63, '2023-11-20', 'Consulta médica'),
(63, '2024-08-12', NULL),
(64, '2025-09-27', 'Assuntos pessoais urgentes'),
(65, '2023-03-17', 'Consulta médica'),
(65, '2023-01-13', 'Consulta médica'),
(66, '2025-02-17', NULL),
(67, '2025-06-22', 'Procedimentos legais/burocráticos'),
(68, '2024-06-16', NULL),
(68, '2024-01-12', NULL),
(68, '2023-07-07', 'Avaria de transporte'),
(68, '2025-10-01', 'Procedimentos legais/burocráticos'),
(69, '2023-04-23', 'Doença súbita'),
(69, '2025-01-16', 'Avaria de transporte'),
(69, '2023-01-25', 'Consulta médica'),
(69, '2024-01-26', 'Avaria de transporte'),
(69, '2023-01-20', NULL),
(69, '2023-03-23', 'Assuntos pessoais urgentes'),
(69, '2023-08-19', 'Apoio à família'),
(70, '2025-01-16', 'Assuntos pessoais urgentes'),
(70, '2023-12-15', 'Apoio à família'),
(70, '2024-06-23', NULL),
(70, '2024-06-03', 'Assuntos pessoais urgentes'),
(70, '2023-05-05', 'Procedimentos legais/burocráticos'),
(71, '2024-05-21', 'Avaria de transporte'),
(71, '2023-09-27', 'Procedimentos legais/burocráticos'),
(72, '2023-01-19', 'Assuntos pessoais urgentes'),
(72, '2025-10-29', NULL),
(72, '2024-03-09', 'Procedimentos legais/burocráticos'),
(72, '2024-03-08', 'Assuntos pessoais urgentes'),
(72, '2023-06-10', NULL),
(72, '2022-12-08', 'Apoio à família'),
(72, '2025-06-30', 'Procedimentos legais/burocráticos'),
(74, '2024-02-24', 'Apoio à família'),
(74, '2023-12-08', NULL),
(77, '2023-09-18', 'Doença súbita'),
(77, '2024-04-23', 'Apoio à família'),
(77, '2023-07-24', 'Assuntos pessoais urgentes'),
(78, '2024-05-14', 'Assuntos pessoais urgentes'),
(78, '2025-01-04', 'Apoio à família'),
(78, '2024-02-25', 'Avaria de transporte'),
(78, '2025-11-03', 'Doença súbita'),
(80, '2023-01-14', NULL),
(80, '2023-04-23', 'Procedimentos legais/burocráticos'),
(83, '2024-10-23', 'Assuntos pessoais urgentes'),
(83, '2025-05-12', 'Assuntos pessoais urgentes'),
(83, '2023-01-24', 'Assuntos pessoais urgentes'),
(83, '2025-05-25', NULL),
(83, '2024-02-14', NULL),
(83, '2024-04-27', 'Procedimentos legais/burocráticos'),
(84, '2025-07-17', NULL),
(84, '2024-06-24', 'Avaria de transporte'),
(84, '2022-11-25', NULL),
(84, '2023-04-25', 'Doença súbita'),
(84, '2025-09-28', 'Avaria de transporte'),
(84, '2023-07-12', 'Avaria de transporte'),
(85, '2023-10-10', 'Doença súbita'),
(85, '2023-11-30', 'Apoio à família'),
(85, '2023-10-22', 'Doença súbita'),
(86, '2024-03-20', NULL),
(86, '2024-02-20', 'Consulta médica'),
(87, '2024-10-29', 'Doença súbita'),
(87, '2024-09-05', 'Doença súbita'),
(87, '2024-09-28', NULL),
(87, '2025-06-26', 'Assuntos pessoais urgentes'),
(88, '2024-09-16', NULL),
(88, '2022-12-07', 'Procedimentos legais/burocráticos'),
(88, '2025-01-01', NULL),
(89, '2025-04-23', 'Consulta médica'),
(89, '2024-09-04', 'Doença súbita'),
(90, '2022-12-07', 'Doença súbita'),
(90, '2024-08-20', NULL),
(90, '2025-10-10', 'Assuntos pessoais urgentes'),
(92, '2023-10-29', 'Avaria de transporte'),
(93, '2024-08-13', 'Assuntos pessoais urgentes'),
(93, '2024-05-03', 'Avaria de transporte'),
(93, '2024-06-30', 'Assuntos pessoais urgentes'),
(93, '2025-08-18', NULL),
(93, '2025-04-11', 'Assuntos pessoais urgentes'),
(94, '2024-10-15', 'Assuntos pessoais urgentes'),
(94, '2023-05-25', 'Apoio à família'),
(94, '2024-04-22', 'Assuntos pessoais urgentes'),
(94, '2024-02-10', NULL),
(94, '2025-04-21', NULL),
(94, '2025-06-30', 'Assuntos pessoais urgentes'),
(95, '2023-04-17', 'Procedimentos legais/burocráticos'),
(95, '2024-05-16', NULL),
(97, '2024-10-29', 'Consulta médica'),
(97, '2024-08-29', 'Doença súbita'),
(98, '2024-12-29', 'Apoio à família'),
(98, '2023-11-15', 'Assuntos pessoais urgentes'),
(98, '2023-06-12', 'Consulta médica'),
(99, '2023-08-09', NULL),
(99, '2025-07-02', 'Doença súbita'),
(99, '2023-09-11', NULL),
(100, '2024-06-12', 'Avaria de transporte'),
(100, '2025-10-05', NULL);

-- Dados para Historico_empresas
INSERT INTO Historico_empresas (ID_Fun, Nome_empresa, Cargo, Data_inicio, Data_fim) VALUES
(1, 'bd054', 'Supervisor de Atendimento ao Cliente', '2025-06-23', NULL),
(1, 'Gonçalves', 'Terapeuta da fala', '2019-12-03', '2024-11-25'),
(1, 'Pereira Lda.', 'Condutor de veículos de tração animal', '2016-09-14', '2019-01-05'),
(1, 'Soares', 'Técnico de análises clínicas', '2013-10-15', '2016-05-13'),
(2, 'bd054', 'Redator (Copywriter)', '2023-07-18', NULL),
(2, 'Miranda e Filhos', 'Eletricista de construções', '2021-06-05', '2023-01-23'),
(2, 'Pinto', 'Topógrafo', '2018-11-18', '2020-08-22'),
(2, 'Tavares Guerreiro e Filhos', 'Espalhador de betuminosos', '2014-10-05', '2018-03-13'),
(3, 'bd054', 'Analista de Dados', '2024-01-23', NULL),
(4, 'bd054', 'Especialista em Recrutamento', '2024-05-27', NULL),
(4, 'Lopes S.A.', 'Encarregados das indústrias metalúrgicas de base e fabrico de produtos metálicos', '2020-09-21', '2024-02-13'),
(5, 'bd054', 'Analista Financeiro', '2023-09-25', NULL),
(5, 'Branco e Filhos', 'Técnico de operação de instalações de tratamento de água', '2018-08-07', '2023-03-12'),
(6, 'bd054', 'Especialista em Marketing Digital', '2025-06-12', NULL),
(6, 'Valente', 'Diretor dos serviços de apoio social', '2020-04-25', '2024-12-21'),
(6, 'Pinheiro Anjos Lda.', 'Calceteiro', '2016-07-12', '2019-10-20'),
(7, 'bd054', 'Gerente de Marketing', '2021-08-21', NULL),
(7, 'Guerreiro Maia e Filhos', 'Diretor de produção florestal', '2016-03-05', '2020-10-23'),
(7, 'Pires e Filhos', 'Diretor de compras', '2011-05-24', '2015-09-25'),
(7, 'Almeida', 'Diretor dos serviços de cuidados a pessoas idosas', '2008-04-28', '2010-06-17'),
(8, 'bd054', 'Assistente Administrativo', '2022-08-09', NULL),
(8, 'Freitas', 'Montador de andaimes', '2017-08-31', '2022-06-10'),
(9, 'bd054', 'Engenheiro de DevOps', '2022-05-12', NULL),
(9, 'Freitas Pinto S/A', 'Enfermeiro especialista em saúde materna e obstétrica', '2017-10-21', '2021-12-31'),
(9, 'Valente S/A', 'Serralheiro civil', '2011-12-02', '2016-11-03'),
(9, 'Borges S/A', 'Operador de máquinas para trabalhar outros minerais', '2006-08-04', '2011-02-03'),
(10, 'bd054', 'Diretor de Operações (COO)', '2022-06-10', NULL),
(10, 'Pinho e Filhos', 'Construtor de casas rudimentares', '2019-07-02', '2022-01-26'),
(11, 'bd054', 'Assistente Jurídico', '2023-03-11', NULL),
(12, 'bd054', 'Especialista em Recrutamento', '2021-12-14', NULL),
(12, 'Mendes e Filhos', 'Designer de têxteis e moda', '2016-10-20', '2021-10-14'),
(12, 'Neves', 'Técnico de manutenção e reparação de motores de avião', '2012-12-15', '2016-01-03'),
(13, 'bd054', 'Desenvolvedor de Software Júnior', '2023-02-26', NULL),
(13, 'Reis', 'Rececionista, exceto de hotel', '2021-06-24', '2023-01-02'),
(13, 'Cardoso S/A', 'Instalador de sistemas solares térmicos', '2016-05-18', '2020-07-23'),
(14, 'bd054', 'Desenvolvedor de Software Júnior', '2021-03-29', NULL),
(15, 'bd054', 'Analista Financeiro', '2020-11-17', NULL),
(15, 'Assunção', 'Notário', '2016-04-28', '2019-11-24'),
(16, 'bd054', 'Representante de Vendas Interno', '2023-05-13', NULL),
(16, 'Faria Macedo Lda.', 'Cimenteiro', '2018-08-10', '2022-07-17'),
(17, 'bd054', 'Desenvolvedor de Software Sénior', '2021-10-03', NULL),
(17, 'Loureiro S.A.', 'Empregado de banca nos casinos e outros empregados de apostas', '2019-03-26', '2021-04-06'),
(17, 'Santos Monteiro e Filhos', 'Outro pessoal de apoio de tipo administrativo, n.e.', '2013-09-27', '2018-03-27'),
(17, 'Pinto', 'Agente funerário', '2008-07-29', '2012-10-14'),
(18, 'bd054', 'Especialista em Marketing Digital', '2021-07-01', NULL),
(18, 'Brito', 'Outro pessoal de apoio de tipo administrativo, n.e.', '2018-01-24', '2020-12-24'),
(18, 'Gonçalves S/A', 'Encarregado da indústria extrativa', '2014-10-30', '2017-11-13'),
(18, 'Nunes', 'Reparador de bicicletas', '2009-06-01', '2014-03-14'),
(19, 'bd054', 'Especialista em Recrutamento', '2023-02-22', NULL),
(19, 'Nunes Carvalho S.A.', 'Cabeleireiro e barbeiro', '2021-01-23', '2022-10-10'),
(19, 'Macedo', 'Filólogo', '2019-11-03', '2020-11-13'),
(20, 'bd054', 'Especialista em Recrutamento', '2021-11-18', NULL),
(20, 'Andrade', 'Técnico de nível intermédio de apoio social', '2019-07-11', '2021-10-12'),
(20, 'Neves Vieira S.A.', 'Trabalhador das pedreiras', '2016-04-07', '2019-04-19'),
(20, 'Costa', 'Engenheiro de obras de engenharia civil', '2011-09-06', '2015-05-19'),
(21, 'bd054', 'Assistente Administrativo', '2020-12-23', NULL),
(21, 'Fonseca S.A.', 'Governante doméstico', '2019-03-19', '2020-04-13'),
(21, 'Cunha Lda.', 'Encarregado da indústria extrativa', '2017-01-04', '2018-04-13'),
(21, 'Nascimento', 'Empregado de biblioteca', '2015-02-15', '2016-06-27'),
(22, 'bd054', 'Analista de Qualidade', '2023-07-25', NULL),
(22, 'Pereira Domingues Lda.', 'Técnico de telecomunicações', '2018-07-02', '2022-11-03'),
(23, 'bd054', 'Gerente Financeiro', '2023-12-20', NULL),
(24, 'bd054', 'Representante de Vendas Interno', '2024-06-04', NULL),
(24, 'Leal Guerreiro e Filhos', 'Tanoeiro, embutidor e outros similares a marceneiro', '2021-12-19', '2024-04-14'),
(25, 'bd054', 'Inspetor de Qualidade', '2023-04-02', NULL),
(25, 'Leal', 'Canalizador', '2017-12-31', '2022-04-19'),
(26, 'bd054', 'Desenvolvedor de Software Sénior', '2024-02-03', NULL),
(26, 'Cruz Lda.', 'Terapeuta e assistente dentário', '2019-11-29', '2023-08-13'),
(26, 'Gomes Branco S/A', 'Construtor de casas rudimentares', '2018-01-24', '2019-08-17'),
(27, 'bd054', 'Analista de Mídia Social', '2024-05-18', NULL),
(27, 'Loureiro', 'Técnico de radioterapia', '2018-10-05', '2023-06-21'),
(27, 'Branco e Filhos', 'Ministro de culto', '2013-09-18', '2018-04-05'),
(27, 'Costa S/A', 'Operador de máquinas para o fabrico de produtos de papel', '2009-05-21', '2013-04-21'),
(28, 'bd054', 'Gerente Financeiro', '2023-09-26', NULL),
(28, 'Barros', 'Limpador de chaminés e de outras estruturas de edifícios', '2019-05-12', '2023-03-12'),
(29, 'bd054', 'Especialista em Recrutamento', '2022-07-02', NULL),
(29, 'Freitas Jesus e Filhos', 'Desenhadores e técnicos afins', '2017-08-27', '2021-08-23'),
(29, 'Garcia S/A', 'Professor do ensino básico (1.º ciclo)', '2014-05-11', '2017-04-04'),
(29, 'Abreu Campos S.A.', 'Operador de máquinas e de equipamentos para trabalhar madeira', '2010-11-15', '2013-06-26'),
(30, 'bd054', 'Analista de Recursos Humanos', '2022-08-19', NULL),
(31, 'bd054', 'Especialista em Marketing Digital', '2021-09-11', NULL),
(31, 'Anjos Carneiro S.A.', 'Programador de aplicações', '2019-03-16', '2020-12-13'),
(32, 'bd054', 'Representante de Vendas Interno', '2024-03-22', NULL),
(32, 'Amaral Faria S/A', 'Confeiteiro', '2022-09-17', '2024-01-02'),
(33, 'bd054', 'Analista de Qualidade', '2023-06-14', NULL),
(34, 'bd054', 'Especialista em Recrutamento', '2023-08-23', NULL),
(34, 'Pires e Filhos', 'Operador de máquinas para trabalhar o cimento', '2020-04-29', '2023-04-13'),
(34, 'Azevedo', 'Assentador de tacos e afagador de madeira', '2017-02-20', '2019-06-01'),
(35, 'bd054', 'Recepcionista', '2024-01-28', NULL),
(36, 'bd054', 'Designer UI/UX', '2023-10-04', NULL),
(36, 'Pacheco', 'Operador de instalações e máquinas para tratamento térmico de produtos químicos', '2021-12-05', '2022-12-15'),
(37, 'bd054', 'Agente de Atendimento ao Cliente', '2021-05-04', NULL),
(37, 'Borges', 'Enfermeiro especialista em saúde materna e obstétrica', '2015-10-21', '2020-06-28'),
(37, 'Lourenço S/A', 'Operador de máquinas para trabalhar o cimento', '2013-12-23', '2015-03-26'),
(38, 'bd054', 'Analista Financeiro', '2021-02-07', NULL),
(39, 'bd054', 'Analista de Qualidade', '2024-08-12', NULL),
(39, 'Santos', 'Colocador de papel de parede, pintor decorador', '2020-08-21', '2023-12-06'),
(39, 'Melo', 'Encarregados das indústrias metalúrgicas de base e fabrico de produtos metálicos', '2017-07-20', '2019-09-28'),
(40, 'bd054', 'Inspetor de Qualidade', '2025-03-27', NULL),
(40, 'Sá Batista S.A.', 'Técnico de nível intermédio dos serviços jurídicos e relacionados', '2023-07-25', '2024-12-06'),
(40, 'Nogueira Lda.', 'Coletor de dinheiro em máquinas de venda automática', '2019-07-23', '2022-12-21'),
(41, 'bd054', 'Especialista em Sucesso do Cliente', '2025-10-03', NULL),
(41, 'Coelho S/A', 'Operador de gruas, guindastes', '2022-12-20', '2024-12-28'),
(41, 'Machado Lda.', 'Topógrafo', '2020-10-18', '2022-04-17'),
(42, 'bd054', 'Especialista em Recrutamento', '2021-05-08', NULL),
(42, 'Almeida', 'Diretor de compras', '2015-11-06', '2020-09-27'),
(42, 'Freitas Pinheiro S.A.', 'Distribuidor de mercadorias', '2013-07-16', '2015-05-09'),
(42, 'Amaral Sousa e Filhos', 'Regulador e operador de máquinas ferramentas convencionais para trabalhar metais', '2011-08-30', '2013-04-21'),
(43, 'bd054', 'Assistente Administrativo', '2022-03-23', NULL),
(43, 'Alves Mendes S/A', 'Operador de máquinas para trabalhar outros minerais', '2017-05-30', '2021-05-02'),
(43, 'Coelho', 'Artesão de artigos de couro', '2015-10-14', '2017-02-28'),
(44, 'bd054', 'Agente de Atendimento ao Cliente', '2023-03-03', NULL),
(44, 'Henriques', 'Regulador e operador de máquinas ferramentas de comando numérico computorizado', '2019-09-01', '2022-05-05'),
(45, 'bd054', 'Analista de Mídia Social', '2021-02-10', NULL),
(45, 'Ramos Cunha e Filhos', 'Empregado das agências de viagem', '2016-12-18', '2020-03-23'),
(45, 'Neves', 'Intérprete e outros linguistas', '2014-09-18', '2016-07-06'),
(46, 'bd054', 'Contador', '2022-11-20', NULL),
(46, 'Guerreiro', 'Carregadores e descarregadores não qualificados de mercadorias', '2017-09-01', '2021-11-24'),
(47, 'bd054', 'Gerente de Marketing', '2022-12-23', NULL),
(47, 'Nunes e Filhos', 'Operador de máquinas para trabalhar outros minerais', '2021-06-29', '2022-09-18'),
(48, 'bd054', 'Supervisor de Atendimento ao Cliente', '2024-01-10', NULL),
(48, 'Carneiro S/A', 'Assistente de médicos', '2021-10-11', '2023-04-03'),
(48, 'Ramos', 'Diretor de produção animal', '2019-06-12', '2020-10-19'),
(48, 'Cunha', 'Técnico de nível intermédio dos serviços jurídicos e relacionados', '2017-04-25', '2019-05-05'),
(49, 'bd054', 'Designer UI/UX', '2024-02-28', NULL),
(50, 'bd054', 'Analista de Sistemas', '2023-11-14', NULL),
(50, 'Araújo e Filhos', 'Técnico de nível intermédio dos serviços jurídicos e relacionados', '2021-12-17', '2023-04-11'),
(50, 'Oliveira', 'Ciclista profissional', '2017-10-03', '2021-04-25'),
(51, 'bd054', 'Assistente Jurídico', '2022-04-03', NULL),
(51, 'Reis Lda.', 'Cabeleireiro e barbeiro', '2017-05-30', '2021-12-01'),
(51, 'Freitas', 'Colocador de telhados e de coberturas', '2015-04-09', '2016-06-12'),
(52, 'bd054', 'Analista Financeiro', '2021-06-30', NULL),
(52, 'Machado S/A', 'Ator', '2019-12-18', '2021-03-03'),
(53, 'bd054', 'Técnico de Suporte de TI', '2020-12-30', NULL),
(53, 'Borges', 'Técnico de operação de instalações de produção de energia', '2018-05-20', '2020-04-03'),
(54, 'bd054', 'Designer UI/UX', '2024-07-29', NULL),
(54, 'Oliveira Lda.', 'Diretor dos serviços de educação', '2021-05-04', '2024-06-11'),
(54, 'Garcia e Filhos', 'Técnico dos serviços de saúde comunitária', '2017-06-09', '2020-12-10'),
(55, 'bd054', 'Contador', '2022-07-31', NULL),
(55, 'Leal S/A', 'Cabeleireiro e barbeiro', '2019-12-06', '2021-10-10'),
(56, 'bd054', 'Executivo de Contas', '2025-01-09', NULL),
(56, 'Lopes S/A', 'Eletricista de construções', '2023-06-05', '2024-06-06'),
(56, 'Santos', 'Especialista em recursos humanos', '2019-01-12', '2023-03-24'),
(56, 'Monteiro Lda.', 'Assistente de médicos', '2017-07-21', '2018-08-23'),
(57, 'bd054', 'Especialista em Marketing Digital', '2023-07-08', NULL),
(58, 'bd054', 'Contador', '2021-09-02', NULL),
(58, 'Esteves', 'Montador de andaimes', '2020-03-11', '2021-07-05'),
(58, 'Melo', 'Motorista de autocarros', '2015-04-16', '2019-05-19'),
(58, 'Machado Lda.', 'Oficial de convés e piloto de navios', '2010-08-07', '2014-10-17'),
(59, 'bd054', 'Assistente Administrativo', '2022-09-02', NULL),
(59, 'Figueiredo', 'Engenheiro de construção de edifícios', '2019-05-11', '2022-01-03'),
(59, 'Borges', 'Colocador de anúncios', '2015-05-21', '2018-10-24'),
(59, 'Pinto Carneiro e Filhos', 'Ajudante familiar', '2013-05-20', '2014-05-31'),
(60, 'bd054', 'Agente de Atendimento ao Cliente', '2022-07-04', NULL),
(60, 'Barros', 'Enfermeiro especialista em enfermagem comunitária', '2019-08-02', '2022-01-19'),
(60, 'Lopes', 'Operador de máquinas agrícolas e florestais, móveis', '2014-12-17', '2019-02-08'),
(61, 'bd054', 'Designer UI/UX', '2020-12-22', NULL),
(61, 'Fonseca Nogueira Lda.', 'Especialista em formação e desenvolvimento de recursos humanos', '2017-11-17', '2020-09-24'),
(62, 'bd054', 'Diretor de Operações (COO)', '2023-09-17', NULL),
(62, 'Teixeira', 'Agricultor e trabalhador qualificado de cereais e outras culturas extensivas', '2018-10-15', '2022-10-17'),
(62, 'Almeida', 'Operador de máquinas e de equipamentos para trabalhar madeira', '2015-07-06', '2018-03-19'),
(63, 'bd054', 'Assistente Administrativo', '2022-06-21', NULL),
(63, 'Fonseca e Filhos', 'Engenheiro de minas', '2019-06-19', '2021-10-23'),
(63, 'Magalhães', 'Estofador', '2016-12-12', '2018-12-12'),
(64, 'bd054', 'Engenheiro de DevOps', '2024-10-16', NULL),
(65, 'bd054', 'Desenvolvedor de Software Sénior', '2024-12-18', NULL),
(65, 'Paiva', 'Operador de máquinas para trabalhar a pedra', '2020-01-15', '2023-12-24'),
(65, 'Sousa', 'Operador de máquinas de revestimento, metalização e acabamento de metais', '2017-08-13', '2019-05-05'),
(66, 'bd054', 'Assistente Administrativo', '2021-02-05', NULL),
(66, 'Lopes', 'Espalhador de betuminosos', '2017-07-17', '2020-08-08'),
(66, 'Soares Lda.', 'Carteiro', '2014-10-11', '2017-03-12'),
(66, 'Cruz Rocha S/A', 'Profissional paramédico', '2013-07-25', '2014-09-08'),
(67, 'bd054', 'Especialista em Recrutamento', '2025-07-23', NULL),
(68, 'bd054', 'Inspetor de Qualidade', '2025-09-04', NULL),
(68, 'Vaz Pinho S.A.', 'Mecânico e reparador de veículos automóveis', '2021-03-05', '2025-02-16'),
(68, 'Abreu', 'Diretores dos serviços das tecnologias da informação e comunicação', '2016-12-29', '2020-07-30'),
(68, 'Carneiro S/A', 'Bate chapa de veículos automóveis', '2011-12-16', '2016-08-13'),
(69, 'bd054', 'Desenvolvedor de Software Júnior', '2020-12-26', NULL),
(69, 'Loureiro', 'Espalhador de betuminosos', '2017-01-28', '2020-02-27'),
(70, 'bd054', 'Analista Financeiro', '2021-05-22', NULL),
(70, 'Esteves S/A', 'Vendedor ambulante de produtos alimentares', '2018-09-10', '2020-08-19'),
(70, 'Sá S.A.', 'Operador de instalações de fornos de segunda fusão, vazadores e laminadores de metais.', '2015-02-24', '2017-11-07'),
(71, 'bd054', 'Analista Financeiro', '2021-12-02', NULL),
(71, 'Borges Nascimento S/A', 'Operador de máquinas para trabalhar outros minerais', '2018-11-16', '2021-01-05'),
(71, 'Rocha Lda.', 'Vendedor em loja (estabelecimento)', '2016-08-30', '2018-07-26'),
(72, 'bd054', 'Diretor de Operações (COO)', '2024-01-21', NULL),
(72, 'Vicente', 'Profissional paramédico', '2022-03-09', '2023-12-16'),
(72, 'Lopes Lda.', 'Piloto de aeronaves', '2016-08-21', '2021-03-20'),
(73, 'bd054', 'Executivo de Contas', '2021-03-26', NULL),
(73, 'Torres', 'Trabalhador da recolha de resíduos', '2017-01-17', '2020-12-26'),
(73, 'Machado', 'Operador de instalações para o fabrico de vidro', '2015-08-02', '2016-09-26'),
(74, 'bd054', 'Gerente de Projetos', '2025-03-21', NULL),
(74, 'Andrade', 'Operador de máquinas agrícolas e florestais, móveis', '2020-09-06', '2024-12-14'),
(74, 'Baptista Anjos S/A', 'Enfermeiro especialista em enfermagem médico cirúrgica', '2019-01-09', '2020-06-03'),
(74, 'Pacheco', 'Terapeuta da fala', '2016-04-13', '2018-03-30'),
(75, 'bd054', 'Desenvolvedor de Software Júnior', '2023-07-08', NULL),
(75, 'Mendes e Filhos', 'Funileiro e caldeireiro', '2020-06-14', '2023-04-24'),
(76, 'bd054', 'Assistente Jurídico', '2020-12-12', NULL),
(76, 'Andrade Figueiredo Lda.', 'Embalsamador', '2016-06-13', '2020-04-19'),
(76, 'Jesus Lda.', 'Supervisor de cargas e descargas', '2011-07-01', '2016-05-01'),
(76, 'Brito', 'Especialista em recursos humanos', '2007-08-22', '2010-08-15'),
(77, 'bd054', 'Analista de Mídia Social', '2021-04-15', NULL),
(77, 'Costa S/A', 'Riscador de moldes e cortador de tecidos', '2016-07-28', '2021-01-21'),
(77, 'Cruz', 'Oficial de convés e piloto de navios', '2014-01-15', '2016-01-01'),
(77, 'Lopes', 'Diretor de vendas', '2008-11-10', '2013-08-02'),
(78, 'bd054', 'Assistente Jurídico', '2025-09-29', NULL),
(79, 'bd054', 'Analista de Dados', '2025-05-08', NULL),
(79, 'Martins S.A.', 'Professor do ensino básico (1.º ciclo)', '2020-04-18', '2025-02-26'),
(80, 'bd054', 'Analista de Sistemas', '2024-03-30', NULL),
(80, 'Lima Lda.', 'Estafeta', '2022-03-03', '2023-07-27'),
(80, 'Correia S/A', 'Operador de contabilidade e escrituração comercial', '2018-04-28', '2021-03-16'),
(80, 'Sá Morais S/A', 'Técnico de inspeção de veículos', '2012-12-27', '2017-11-13'),
(81, 'bd054', 'Advogado Corporativo', '2023-01-25', NULL),
(82, 'bd054', 'Analista de Qualidade', '2021-06-02', NULL),
(82, 'Carneiro e Filhos', 'Especialista do trabalho social', '2018-02-22', '2020-10-05'),
(82, 'Barbosa Domingues S.A.', 'Administrador de sistemas', '2016-02-16', '2017-08-28'),
(82, 'Almeida', 'Controlador de transportes terrestres de passageiros', '2011-03-22', '2015-12-15'),
(83, 'bd054', 'Contador', '2021-10-08', NULL),
(84, 'bd054', 'Diretor de Operações (COO)', '2021-07-19', NULL),
(84, 'Vaz Lda.', 'Técnico de cardiopneumografia', '2019-07-26', '2020-11-30'),
(84, 'Correia Azevedo S/A', 'Engenheiro de construção de edifícios', '2015-10-31', '2018-11-07'),
(85, 'bd054', 'Analista Financeiro', '2025-03-07', NULL),
(85, 'Macedo', 'Treinador de desportos', '2021-05-15', '2024-09-08'),
(85, 'Rocha S/A', 'Encarregados das indústrias da pasta, papel, impressão', '2019-02-27', '2020-09-15'),
(85, 'Marques', 'Coveiro', '2014-09-14', '2018-03-22'),
(86, 'bd054', 'Especialista em Sucesso do Cliente', '2023-09-16', NULL),
(87, 'bd054', 'Desenvolvedor de Software Sénior', '2024-03-25', NULL),
(87, 'Silva', 'Bagageiro', '2020-11-10', '2023-03-28'),
(87, 'Alves', 'Terapeuta ocupacional', '2017-11-01', '2020-07-23'),
(88, 'bd054', 'Analista de Sistemas', '2021-07-03', NULL),
(89, 'bd054', 'Representante de Vendas Interno', '2022-07-13', NULL),
(89, 'Martins', 'Técnico de telecomunicações', '2019-06-17', '2021-07-20'),
(89, 'Alves', 'Técnico de gás', '2016-02-25', '2018-07-18'),
(90, 'bd054', 'Advogado Corporativo', '2023-04-24', NULL),
(90, 'Ribeiro Esteves e Filhos', 'Vendedor em loja (estabelecimento)', '2018-11-10', '2022-11-01'),
(91, 'bd054', 'Gerente de Vendas', '2021-03-25', NULL),
(91, 'Jesus', 'Vendedor ambulante de produtos alimentares', '2018-04-15', '2021-02-04'),
(91, 'Pinheiro S.A.', 'Coreógrafo', '2015-05-24', '2017-06-13'),
(92, 'bd054', 'Redator (Copywriter)', '2024-01-16', NULL),
(92, 'Fernandes', 'Especialista de redes informáticas', '2019-08-04', '2023-10-16'),
(92, 'Araújo Moura Lda.', 'Técnico de inspeção de veículos', '2014-06-18', '2018-11-22'),
(92, 'Neves Lda.', 'Trabalhador de limpeza em escritórios, hotéis', '2012-06-30', '2014-04-04'),
(93, 'bd054', 'Gerente de Vendas', '2022-08-11', NULL),
(93, 'Mendes S.A.', 'Perfurador de poços, sondador', '2018-09-24', '2022-03-22'),
(94, 'bd054', 'Assistente Jurídico', '2024-10-23', NULL),
(94, 'Valente', 'Piloto de aeronaves', '2022-09-17', '2024-09-13'),
(94, 'Teixeira', 'Técnico de análises clínicas', '2018-05-08', '2022-02-25'),
(94, 'Pinheiro', 'Oficial de convés e piloto de navios', '2014-02-05', '2017-11-25'),
(95, 'bd054', 'Inspetor de Qualidade', '2025-06-10', NULL),
(95, 'Santos Lda.', 'Organizador de conferências e eventos', '2020-04-10', '2024-12-09'),
(95, 'Campos', 'Motorista de autocarros', '2016-04-12', '2019-07-10'),
(95, 'Jesus', 'Trabalhador de limpeza em escritórios, hotéis', '2014-10-23', '2015-11-12'),
(96, 'bd054', 'Executivo de Contas', '2022-06-28', NULL),
(97, 'bd054', 'Desenvolvedor de Software Júnior', '2021-07-20', NULL),
(98, 'bd054', 'Analista de Dados', '2023-07-09', NULL),
(98, 'Esteves Fonseca Lda.', 'Pintor à pistola de superfícies', '2021-06-06', '2023-02-02'),
(98, 'Pereira', 'Operador de instalações de tratamento térmico de metais', '2017-05-20', '2020-08-07'),
(98, 'Monteiro Soares Lda.', 'Diretor de produção florestal', '2014-11-09', '2016-11-07'),
(99, 'bd054', 'Analista Financeiro', '2022-03-22', NULL),
(99, 'Esteves S.A.', 'Operador de instalações e máquinas para tratamento térmico de produtos químicos', '2017-05-05', '2022-01-07'),
(99, 'Esteves', 'Auxiliar de enfermagem', '2012-03-23', '2016-10-14'),
(99, 'Torres S/A', 'Técnico de emissões de televisão', '2008-11-14', '2011-07-06'),
(100, 'bd054', 'Diretor de Operações (COO)', '2022-03-06', NULL),
(100, 'Moreira e Filhos', 'Técnico de apoio aos utilizadores das TIC', '2016-11-28', '2021-04-04'),
(100, 'Gaspar', 'Operador de instalações de fornos de segunda fusão, vazadores e laminadores de metais.', '2011-08-22', '2016-05-17');

-- Dados para Candidatos
INSERT INTO Candidatos (ID_cand, Nome, Email, Telemovel, CV, carta_motivacao) VALUES
(1, 'Rita de Alves', 'vitor84@example.com', '(351) 965 552 069', NULL, NULL),
(2, 'Guilherme Vicente-Marques', 'irisnunes@example.org', '926 780 297', NULL, NULL),
(3, 'Vítor Torres', 'diegovaz@example.net', '(351) 235781230', NULL, NULL),
(4, 'Violeta Paiva', 'mendesjuliana@example.net', '(351) 931 923 395', NULL, NULL),
(5, 'Márcio Santos', 'antunesisaac@example.com', '(351) 967 444 987', NULL, NULL),
(6, 'Samuel Simões', 'xavierloureiro@example.net', '(351) 922383209', NULL, NULL),
(7, 'João Lourenço', 'dsousa@example.com', '(351) 939653879', NULL, NULL),
(8, 'Xavier Castro', 'micaelnascimento@example.org', '914677432', NULL, NULL),
(9, 'César Paiva', 'fabiana97@example.net', '(351) 915610875', NULL, NULL),
(10, 'Noa Fonseca', 'crocha@example.com', '+351201064676', NULL, NULL),
(11, 'Petra Matos', 'sandrosimoes@example.net', '928702314', NULL, NULL),
(12, 'Alexandre Fernandes', 'emmavalente@example.net', '+351930307739', NULL, NULL),
(13, 'Caetana Guerreiro', 'soraiacunha@example.net', '(351) 211186792', NULL, NULL),
(14, 'Caetana de Sousa', 'rui20@example.net', '(351) 967345378', NULL, NULL),
(15, 'Tomé Matos-Figueiredo', 'emanuel72@example.org', '(351) 962010052', NULL, NULL),
(16, 'Lara do Gonçalves', 'salarissa@example.com', '(351) 915496251', NULL, NULL),
(17, 'Gabriel Fernandes', 'jorge21@example.com', '(351) 911 292 070', NULL, NULL),
(18, 'Júlia da Pacheco', 'dnunes@example.net', '(351) 914 452 704', NULL, NULL),
(19, 'Matias Gaspar', 'valentericardo@example.net', '936599163', NULL, NULL),
(20, 'Cláudio Figueiredo', 'ribeirodiogo@example.org', '(351) 936 342 621', NULL, NULL),
(21, 'Matilde-Helena Gonçalves', 'ddomingues@example.org', '(351) 939679840', NULL, NULL),
(22, 'William da Matos', 'arianaamorim@example.com', '(351) 296137667', NULL, NULL),
(23, 'Diana Brito', 'dianafonseca@example.org', '922418059', NULL, NULL),
(24, 'Emma de Sá', 'andrademicael@example.com', '(351) 968633321', NULL, NULL),
(25, 'Cláudio Costa', 'camposariana@example.com', '934634434', NULL, NULL),
(26, 'Daniel Leite', 'valentinacorreia@example.org', '(351) 288658702', NULL, NULL),
(27, 'Mauro Vieira', 'ereis@example.org', '(351) 225 025 194', NULL, NULL),
(28, 'Ângela Borges-Amaral', 'beneditaalmeida@example.net', '(351) 916 201 374', NULL, NULL),
(29, 'Letícia de Cardoso', 'vmaia@example.org', '932 272 948', NULL, NULL),
(30, 'Sebastião Sá', 'xcorreia@example.net', '(351) 919762977', NULL, NULL),
(31, 'Cláudio Valente', 'victoriabrito@example.com', '913 057 623', NULL, NULL),
(32, 'Ângela-Luísa Machado', 'diogobranco@example.net', '(351) 965061754', NULL, NULL),
(33, 'Sofia Machado', 'denis51@example.net', '966 878 142', NULL, NULL),
(34, 'Érica Amorim', 'netorodrigo@example.org', '+351967017608', NULL, NULL),
(35, 'Rodrigo Leite', 'madalenasousa@example.com', '928650363', NULL, NULL),
(36, 'Mafalda Mendes', 'qleite@example.org', '(351) 937 392 161', NULL, NULL),
(37, 'Alexandra da Azevedo', 'icunha@example.com', '(351) 234208730', NULL, NULL),
(38, 'Rúben Nascimento', 'tomas28@example.net', '932 650 543', NULL, NULL),
(39, 'Wilson Reis', 'reisvicente@example.com', '(351) 933 900 907', NULL, NULL),
(40, 'Francisca Pires', 'mauromorais@example.net', '+351913987281', NULL, NULL),
(41, 'Xavier Carvalho', 'matiasjessica@example.org', '(351) 925 745 902', NULL, NULL),
(42, 'Paulo Pinto', 'costadaniela@example.org', '(351) 918 977 788', NULL, NULL),
(43, 'Fabiana Neto', 'gustavo01@example.net', '(351) 917 959 675', NULL, NULL),
(44, 'Nádia Lima-Jesus', 'isabela08@example.net', '(351) 277269707', NULL, NULL),
(45, 'Ismael Leite-Cardoso', 'nazevedo@example.org', '(351) 962 146 229', NULL, NULL),
(46, 'Mauro Lourenço', 'costagustavo@example.net', '(351) 924122206', NULL, NULL),
(47, 'Henrique Matos', 'smoura@example.org', '(351) 923906591', NULL, NULL),
(48, 'Francisco Gonçalves', 'estevesmarta@example.org', '(351) 967 720 184', NULL, NULL),
(49, 'Mário Garcia', 'fonsecamariana@example.net', '(351) 246 273 670', NULL, NULL),
(50, 'Lúcia de Ferreira', 'angelasimoes@example.org', '(351) 922337016', NULL, NULL);

-- Dados para Vagas
INSERT INTO Vagas (ID_vaga, Data_abertura, Estado, ID_depart) VALUES
(1, '2024-03-23', 'Fechada', 4),
(2, '2024-12-07', 'Suspensa', 4),
(3, '2024-01-27', 'Suspensa', 2),
(4, '2025-01-15', 'Aberta', 2),
(5, '2025-01-04', 'Fechada', 6),
(6, '2025-07-15', 'Suspensa', 6),
(7, '2024-07-17', 'Aberta', 4),
(8, '2025-03-19', 'Suspensa', 7),
(9, '2025-03-28', 'Fechada', 3),
(10, '2024-04-11', 'Fechada', 5),
(11, '2025-04-18', 'Fechada', 5),
(12, '2025-06-04', 'Suspensa', 5),
(13, '2025-05-22', 'Aberta', 5),
(14, '2024-12-06', 'Fechada', 3),
(15, '2023-12-16', 'Suspensa', 1),
(16, '2025-01-06', 'Fechada', 5),
(17, '2024-01-15', 'Suspensa', 2),
(18, '2024-03-12', 'Suspensa', 7),
(19, '2024-07-10', 'Fechada', 4),
(20, '2025-09-30', 'Aberta', 2);

-- Dados para Candidato_a
INSERT INTO Candidato_a (ID_cand, ID_Vaga, Data_cand, Estado, ID_recrutador) VALUES
(1, 19, '2025-09-05', 'Rejeitado', 67),
(1, 12, '2025-07-22', 'Rejeitado', 54),
(2, 10, '2024-05-14', 'Em análise', 44),
(2, 5, '2025-10-08', 'Entrevista', 66),
(2, 18, '2025-02-03', 'Rejeitado', 67),
(3, 14, '2025-01-31', 'Rejeitado', 67),
(3, 13, '2025-06-27', 'Entrevista', 67),
(3, 20, '2025-10-13', 'Rejeitado', 48),
(4, 10, '2024-08-12', 'Rejeitado', 94),
(5, 15, '2025-01-22', 'Submetido', 61),
(5, 5, '2025-07-05', 'Rejeitado', 61),
(5, 11, '2025-09-02', 'Contratado', 44),
(7, 9, '2025-06-21', 'Rejeitado', 89),
(7, 14, '2025-08-06', 'Entrevista', 67),
(7, 15, '2025-11-05', 'Rejeitado', 43),
(11, 2, '2025-06-16', 'Em análise', 48),
(12, 10, '2025-06-08', 'Rejeitado', 27),
(13, 2, '2025-08-28', 'Submetido', 99),
(13, 14, '2025-08-11', 'Em análise', 47),
(14, 13, '2025-09-13', 'Rejeitado', 67),
(15, 20, '2025-10-13', 'Rejeitado', 11),
(15, 15, '2024-05-22', 'Submetido', 66),
(15, 8, '2025-08-18', 'Submetido', 89),
(16, 11, '2025-08-13', 'Contratado', 47),
(16, 5, '2025-03-11', 'Rejeitado', 99),
(18, 15, '2024-11-10', 'Contratado', 61),
(19, 3, '2025-06-20', 'Rejeitado', 61),
(20, 16, '2025-09-21', 'Contratado', 17),
(20, 12, '2025-10-14', 'Rejeitado', 27),
(21, 13, '2025-09-13', 'Em análise', 66),
(21, 1, '2024-05-17', 'Rejeitado', 48),
(21, 2, '2025-04-11', 'Rejeitado', 99),
(22, 20, '2025-10-25', 'Submetido', 61),
(22, 9, '2025-06-23', 'Contratado', 47),
(22, 14, '2025-04-27', 'Submetido', 43),
(23, 13, '2025-08-28', 'Submetido', 66),
(23, 17, '2024-12-25', 'Rejeitado', 17),
(24, 2, '2025-01-05', 'Rejeitado', 66),
(25, 3, '2025-04-07', 'Em análise', 11),
(25, 17, '2025-08-06', 'Entrevista', 11),
(25, 8, '2025-10-22', 'Entrevista', 94),
(26, 19, '2025-10-10', 'Entrevista', 43),
(26, 7, '2025-08-02', 'Contratado', 48),
(26, 12, '2025-07-11', 'Entrevista', 94),
(27, 9, '2025-09-21', 'Rejeitado', 44),
(27, 5, '2025-02-01', 'Contratado', 11),
(27, 18, '2024-10-03', 'Em análise', 17),
(28, 8, '2025-05-18', 'Rejeitado', 67),
(29, 19, '2025-08-05', 'Submetido', 11),
(30, 10, '2024-10-09', 'Contratado', 47),
(31, 2, '2025-01-14', 'Rejeitado', 67),
(31, 3, '2024-06-12', 'Em análise', 43),
(32, 19, '2025-07-22', 'Submetido', 11),
(35, 17, '2025-01-31', 'Em análise', 94),
(36, 1, '2024-05-03', 'Contratado', 43),
(36, 10, '2024-10-18', 'Em análise', 27),
(37, 4, '2025-08-11', 'Entrevista', 67),
(37, 20, '2025-11-05', 'Em análise', 94),
(38, 13, '2025-06-20', 'Rejeitado', 94),
(39, 6, '2025-11-04', 'Em análise', 43),
(39, 4, '2025-04-14', 'Rejeitado', 67),
(41, 13, '2025-08-15', 'Entrevista', 99),
(42, 19, '2024-09-27', 'Rejeitado', 11),
(42, 4, '2025-08-22', 'Rejeitado', 54),
(42, 16, '2025-07-20', 'Entrevista', 43),
(43, 3, '2025-04-04', 'Em análise', 17),
(44, 13, '2025-06-20', 'Submetido', 27),
(44, 7, '2024-11-12', 'Submetido', 99),
(44, 6, '2025-07-24', 'Submetido', 99),
(45, 6, '2025-10-21', 'Rejeitado', 94),
(45, 2, '2025-08-01', 'Contratado', 66),
(45, 20, '2025-10-09', 'Rejeitado', 27),
(46, 16, '2025-07-17', 'Rejeitado', 99),
(46, 18, '2025-03-18', 'Rejeitado', 54),
(47, 8, '2025-03-30', 'Entrevista', 89),
(47, 7, '2025-06-26', 'Entrevista', 67),
(48, 9, '2025-03-29', 'Entrevista', 66),
(49, 7, '2024-09-07', 'Rejeitado', 89),
(49, 16, '2025-06-05', 'Rejeitado', 66),
(50, 19, '2025-01-03', 'Em análise', 61);

-- Dados para Requisitos_vaga
INSERT INTO Requisitos_vaga (ID_vaga, Requisito) VALUES
(1, 'Java'),
(1, 'Excel Avançado'),
(1, 'Python'),
(2, 'Análise de Dados'),
(2, 'Atendimento ao Cliente'),
(2, 'Java'),
(3, 'Inglês Fluente'),
(3, 'Marketing Digital'),
(4, 'Gestão de Projetos'),
(4, 'Análise de Dados'),
(4, 'SQL'),
(4, 'Inglês Fluente'),
(5, 'Inglês Fluente'),
(5, 'Comunicação'),
(5, 'Contabilidade'),
(6, 'SQL'),
(6, 'Atendimento ao Cliente'),
(6, 'Java'),
(7, 'SQL'),
(7, 'Contabilidade'),
(8, 'Análise de Dados'),
(8, 'Contabilidade'),
(9, 'Atendimento ao Cliente'),
(9, 'Excel Avançado'),
(9, 'Marketing Digital'),
(9, 'Liderança'),
(10, 'Marketing Digital'),
(10, 'Atendimento ao Cliente'),
(10, 'Python'),
(10, 'React'),
(11, 'Trabalho em Equipa'),
(11, 'Contabilidade'),
(11, 'Liderança'),
(12, 'Análise de Dados'),
(12, 'Liderança'),
(12, 'Python'),
(12, 'Marketing Digital'),
(13, 'Excel Avançado'),
(13, 'SQL'),
(13, 'Inglês Fluente'),
(13, 'Comunicação'),
(13, 'Liderança'),
(14, 'Python'),
(14, 'Trabalho em Equipa'),
(14, 'Análise de Dados'),
(15, 'Gestão de Projetos'),
(15, 'React'),
(15, 'Trabalho em Equipa'),
(15, 'Marketing Digital'),
(16, 'Contabilidade'),
(16, 'Java'),
(16, 'Atendimento ao Cliente'),
(16, 'Python'),
(16, 'Análise de Dados'),
(17, 'Análise de Dados'),
(17, 'Excel Avançado'),
(17, 'Gestão de Projetos'),
(17, 'Liderança'),
(18, 'Atendimento ao Cliente'),
(18, 'Marketing Digital'),
(18, 'SQL'),
(19, 'Inglês Fluente'),
(19, 'Python'),
(19, 'Excel Avançado'),
(19, 'Gestão de Projetos'),
(20, 'Excel Avançado'),
(20, 'Marketing Digital'),
(20, 'Python'),
(20, 'Liderança'),
(20, 'Análise de Dados');

-- Dados para Formacoes
INSERT INTO Formacoes (ID_for, Nome_formacao, Descricao, Data_inicio, Data_fim, Estado) VALUES
(1, 'Liderança e Gestão de Equipas', 'Desenvolver competências de liderança, motivação e gestão de conflitos para chefes de equipa.', '2023-10-05', '2023-10-10', 'Concluida'),
(2, 'Cibersegurança para Colaboradores', 'Sensibilizar para as melhores práticas de segurança digital, phishing e proteção de dados.', '2024-03-15', '2024-03-16', 'Concluida'),
(3, 'Análise de Dados com Python', 'Introdução à análise de dados utilizando as bibliotecas Pandas e Matplotlib.', '2024-09-02', '2024-09-13', 'Em curso'),
(4, 'Técnicas de Negociação e Vendas', 'Aperfeiçoar técnicas de comunicação, persuasão e fecho de negócios para a equipa comercial.', '2025-02-10', '2025-02-14', 'Planeada'),
(5, 'Inteligência Emocional no Trabalho', 'Gerir emoções, melhorar o autoconhecimento e a empatia nas relações interpessoais no trabalho.', '2025-05-19', '2025-05-20', 'Planeada');

-- Dados para Teve_Formacao
INSERT INTO Teve_Formacao (ID_Fun, ID_for, Certificado, Data_inicio, Data_fim) VALUES
(1, 4, NULL, '2025-02-11', '2025-02-13'),
(1, 1, NULL, '2023-10-05', '2023-10-08'),
(5, 2, NULL, '2024-03-15', '2024-03-15'),
(6, 3, NULL, '2024-09-12', '2024-09-12'),
(6, 2, NULL, '2024-03-15', '2024-03-15'),
(7, 1, NULL, '2023-10-09', '2023-10-09'),
(7, 5, NULL, '2025-05-19', '2025-05-19'),
(8, 5, NULL, '2025-05-19', '2025-05-19'),
(10, 3, NULL, '2024-09-02', '2024-09-05'),
(11, 4, NULL, '2025-02-11', '2025-02-13'),
(11, 3, NULL, '2024-09-07', '2024-09-10'),
(12, 3, NULL, '2024-09-02', '2024-09-04'),
(13, 3, NULL, '2024-09-07', '2024-09-10'),
(14, 2, NULL, '2024-03-15', '2024-03-15'),
(14, 3, NULL, '2024-09-02', '2024-09-04'),
(15, 5, NULL, '2025-05-19', '2025-05-19'),
(16, 4, NULL, '2025-02-10', '2025-02-10'),
(17, 5, NULL, '2025-05-19', '2025-05-19'),
(17, 2, NULL, '2024-03-15', '2024-03-15'),
(23, 3, NULL, '2024-09-06', '2024-09-11'),
(24, 5, NULL, '2025-05-19', '2025-05-19'),
(25, 3, NULL, '2024-09-06', '2024-09-12'),
(25, 5, NULL, '2025-05-19', '2025-05-19'),
(27, 4, NULL, '2025-02-12', '2025-02-12'),
(28, 1, NULL, '2023-10-07', '2023-10-09'),
(28, 5, NULL, '2025-05-19', '2025-05-19'),
(30, 4, NULL, '2025-02-11', '2025-02-12'),
(30, 5, NULL, '2025-05-19', '2025-05-19'),
(31, 1, NULL, '2023-10-09', '2023-10-09'),
(31, 3, NULL, '2024-09-03', '2024-09-10'),
(33, 2, NULL, '2024-03-15', '2024-03-15'),
(33, 4, NULL, '2025-02-11', '2025-02-13'),
(34, 4, NULL, '2025-02-13', '2025-02-13'),
(34, 5, NULL, '2025-05-19', '2025-05-19'),
(36, 4, NULL, '2025-02-13', '2025-02-13'),
(37, 1, NULL, '2023-10-05', '2023-10-05'),
(37, 2, NULL, '2024-03-15', '2024-03-15'),
(38, 4, NULL, '2025-02-12', '2025-02-13'),
(38, 1, NULL, '2023-10-06', '2023-10-09'),
(39, 1, NULL, '2023-10-09', '2023-10-09'),
(39, 2, NULL, '2024-03-15', '2024-03-15'),
(40, 1, NULL, '2023-10-08', '2023-10-08'),
(41, 2, NULL, '2024-03-15', '2024-03-15'),
(42, 3, NULL, '2024-09-02', '2024-09-11'),
(42, 2, NULL, '2024-03-15', '2024-03-15'),
(43, 4, NULL, '2025-02-12', '2025-02-13'),
(46, 2, NULL, '2024-03-15', '2024-03-15'),
(48, 1, NULL, '2023-10-09', '2023-10-09'),
(48, 4, NULL, '2025-02-11', '2025-02-11'),
(49, 5, NULL, '2025-05-19', '2025-05-19'),
(50, 1, NULL, '2023-10-06', '2023-10-08'),
(51, 3, NULL, '2024-09-10', '2024-09-10'),
(51, 1, NULL, '2023-10-05', '2023-10-09'),
(53, 1, NULL, '2023-10-08', '2023-10-08'),
(53, 2, NULL, '2024-03-15', '2024-03-15'),
(55, 1, NULL, '2023-10-05', '2023-10-07'),
(55, 3, NULL, '2024-09-03', '2024-09-05'),
(57, 4, NULL, '2025-02-13', '2025-02-13'),
(57, 5, NULL, '2025-05-19', '2025-05-19'),
(58, 1, NULL, '2023-10-09', '2023-10-09'),
(58, 3, NULL, '2024-09-04', '2024-09-04'),
(59, 4, NULL, '2025-02-11', '2025-02-12'),
(59, 5, NULL, '2025-05-19', '2025-05-19'),
(60, 2, NULL, '2024-03-15', '2024-03-15'),
(60, 3, NULL, '2024-09-10', '2024-09-12'),
(61, 4, NULL, '2025-02-11', '2025-02-11'),
(62, 4, NULL, '2025-02-10', '2025-02-10'),
(66, 4, NULL, '2025-02-10', '2025-02-10'),
(66, 1, NULL, '2023-10-08', '2023-10-09'),
(69, 2, NULL, '2024-03-15', '2024-03-15'),
(70, 3, NULL, '2024-09-09', '2024-09-09'),
(71, 3, NULL, '2024-09-02', '2024-09-02'),
(72, 3, NULL, '2024-09-03', '2024-09-12'),
(73, 2, NULL, '2024-03-15', '2024-03-15'),
(74, 2, NULL, '2024-03-15', '2024-03-15'),
(75, 4, NULL, '2025-02-13', '2025-02-13'),
(76, 2, NULL, '2024-03-15', '2024-03-15'),
(76, 1, NULL, '2023-10-05', '2023-10-08'),
(77, 1, NULL, '2023-10-09', '2023-10-09'),
(77, 2, NULL, '2024-03-15', '2024-03-15'),
(79, 1, NULL, '2023-10-05', '2023-10-08'),
(79, 5, NULL, '2025-05-19', '2025-05-19'),
(80, 5, NULL, '2025-05-19', '2025-05-19'),
(81, 5, NULL, '2025-05-19', '2025-05-19'),
(81, 4, NULL, '2025-02-10', '2025-02-11'),
(85, 5, NULL, '2025-05-19', '2025-05-19'),
(85, 1, NULL, '2023-10-08', '2023-10-08'),
(87, 4, NULL, '2025-02-11', '2025-02-12'),
(90, 2, NULL, '2024-03-15', '2024-03-15'),
(92, 1, NULL, '2023-10-09', '2023-10-09'),
(93, 2, NULL, '2024-03-15', '2024-03-15'),
(94, 3, NULL, '2024-09-09', '2024-09-12'),
(94, 4, NULL, '2025-02-13', '2025-02-13'),
(95, 4, NULL, '2025-02-10', '2025-02-12'),
(98, 1, NULL, '2023-10-05', '2023-10-07'),
(99, 5, NULL, '2025-05-19', '2025-05-19');

-- Dados para Avaliacoes
INSERT INTO Avaliacoes (ID_Fun, ID_avaliador, Data, Avaliacao, Criterios, Autoavaliacao, Avaliacao_Numerica) VALUES
(5, 46, '2025-08-05', NULL, 'Qualidade da comunicação com o cliente e stakeholders internos.', 'Tive alguma dificuldade em gerir o projeto Y, mas aprendi muito com o processo.', 4),
(14, 15, '2025-04-12', NULL, 'Avaliação da pontualidade e assiduidade no último semestre.', NULL, 2),
(80, 8, '2025-01-16', NULL, 'Desempenho nos projetos de equipa e capacidade de colaboração.', NULL, 1),
(63, 27, '2024-12-06', NULL, 'Desempenho nos projetos de equipa e capacidade de colaboração.', 'Sinto que atingi todos os meus objetivos principais este semestre.', 4),
(46, 30, '2023-12-12', NULL, 'Iniciativa e proatividade na sugestão de novas melhorias.', NULL, 1),
(95, 65, '2025-08-01', NULL, 'Gestão de tempo, cumprimento de prazos e organização.', 'Tive alguma dificuldade em gerir o projeto Y, mas aprendi muito com o processo.', 3),
(28, 18, '2023-09-10', NULL, 'Desempenho nos projetos de equipa e capacidade de colaboração.', NULL, 3),
(80, 68, '2025-09-02', NULL, 'Iniciativa e proatividade na sugestão de novas melhorias.', 'Sinto que atingi todos os meus objetivos principais este semestre.', 2),
(48, 32, '2024-08-23', NULL, 'Qualidade da comunicação com o cliente e stakeholders internos.', 'Sinto que atingi todos os meus objetivos principais este semestre.', 1),
(47, 50, '2023-07-26', NULL, 'Gestão de tempo, cumprimento de prazos e organização.', 'Consegui melhorar a minha organização e gestão de tempo, como foi discutido.', 5),
(69, 27, '2025-03-05', NULL, 'Capacidade de resolução de problemas e tomada de decisão.', 'Sinto que atingi todos os meus objetivos principais este semestre.', 4),
(6, 89, '2024-10-08', NULL, 'Desempenho nos projetos de equipa e capacidade de colaboração.', 'Preciso de focar-me em ser mais conciso nas reuniões de equipa.', 4),
(25, 73, '2024-02-03', NULL, 'Gestão de tempo, cumprimento de prazos e organização.', NULL, 2),
(55, 41, '2023-03-08', NULL, 'Avaliação da pontualidade e assiduidade no último semestre.', 'Completei a formação X e sinto-me mais confiante nas minhas tarefas.', 2),
(11, 52, '2025-01-02', NULL, 'Iniciativa e proatividade na sugestão de novas melhorias.', 'Sinto que atingi todos os meus objetivos principais este semestre.', 3),
(4, 91, '2023-09-04', NULL, 'Desempenho nos projetos de equipa e capacidade de colaboração.', NULL, 2),
(66, 45, '2024-12-20', NULL, 'Qualidade técnica do trabalho entregue e atenção ao detalhe.', 'Sinto que atingi todos os meus objetivos principais este semestre.', 4),
(77, 81, '2022-12-09', NULL, 'Avaliação da pontualidade e assiduidade no último semestre.', 'Consegui melhorar a minha organização e gestão de tempo, como foi discutido.', 4),
(97, 50, '2023-05-25', NULL, 'Iniciativa e proatividade na sugestão de novas melhorias.', 'Tive alguma dificuldade em gerir o projeto Y, mas aprendi muito com o processo.', 3),
(32, 85, '2024-04-18', NULL, 'Qualidade da comunicação com o cliente e stakeholders internos.', 'Completei a formação X e sinto-me mais confiante nas minhas tarefas.', 5),
(93, 92, '2024-09-29', NULL, 'Desempenho nos projetos de equipa e capacidade de colaboração.', 'Sinto que atingi todos os meus objetivos principais este semestre.', 1),
(19, 47, '2023-09-11', NULL, 'Qualidade técnica do trabalho entregue e atenção ao detalhe.', 'Completei a formação X e sinto-me mais confiante nas minhas tarefas.', 1),
(54, 50, '2024-01-29', NULL, 'Qualidade da comunicação com o cliente e stakeholders internos.', 'Sinto que atingi todos os meus objetivos principais este semestre.', 1),
(21, 19, '2025-01-30', NULL, 'Desempenho nos projetos de equipa e capacidade de colaboração.', 'Preciso de focar-me em ser mais conciso nas reuniões de equipa.', 4),
(88, 40, '2023-08-01', NULL, 'Qualidade da comunicação com o cliente e stakeholders internos.', 'Preciso de focar-me em ser mais conciso nas reuniões de equipa.', 1),
(32, 96, '2023-04-23', NULL, 'Iniciativa e proatividade na sugestão de novas melhorias.', NULL, 4),
(38, 51, '2025-06-23', NULL, 'Qualidade técnica do trabalho entregue e atenção ao detalhe.', 'Sinto que atingi todos os meus objetivos principais este semestre.', 1),
(53, 35, '2022-11-17', NULL, 'Avaliação da pontualidade e assiduidade no último semestre.', 'Tive alguma dificuldade em gerir o projeto Y, mas aprendi muito com o processo.', 2),
(5, 12, '2024-09-22', NULL, 'Avaliação da pontualidade e assiduidade no último semestre.', 'Completei a formação X e sinto-me mais confiante nas minhas tarefas.', 2),
(85, 47, '2024-06-27', NULL, 'Avaliação da pontualidade e assiduidade no último semestre.', 'Sinto que atingi todos os meus objetivos principais este semestre.', 3),
(71, 88, '2025-01-18', NULL, 'Iniciativa e proatividade na sugestão de novas melhorias.', 'Completei a formação X e sinto-me mais confiante nas minhas tarefas.', 1),
(67, 60, '2023-01-27', NULL, 'Capacidade de resolução de problemas e tomada de decisão.', NULL, 5),
(1, 22, '2023-09-10', NULL, 'Qualidade técnica do trabalho entregue e atenção ao detalhe.', 'Preciso de focar-me em ser mais conciso nas reuniões de equipa.', 3),
(72, 48, '2025-06-09', NULL, 'Desempenho nos projetos de equipa e capacidade de colaboração.', 'Consegui melhorar a minha organização e gestão de tempo, como foi discutido.', 3),
(65, 55, '2023-12-18', NULL, 'Qualidade da comunicação com o cliente e stakeholders internos.', 'Preciso de focar-me em ser mais conciso nas reuniões de equipa.', 2),
(77, 98, '2025-06-11', NULL, 'Gestão de tempo, cumprimento de prazos e organização.', 'Tive alguma dificuldade em gerir o projeto Y, mas aprendi muito com o processo.', 5),
(10, 52, '2023-02-28', NULL, 'Gestão de tempo, cumprimento de prazos e organização.', 'Gostaria de ter mais formação na área de análise de dados para contribuir melhor.', 4),
(52, 61, '2023-05-06', NULL, 'Qualidade técnica do trabalho entregue e atenção ao detalhe.', NULL, 1),
(60, 71, '2023-10-04', NULL, 'Iniciativa e proatividade na sugestão de novas melhorias.', 'Completei a formação X e sinto-me mais confiante nas minhas tarefas.', 1),
(31, 55, '2022-11-30', NULL, 'Desempenho nos projetos de equipa e capacidade de colaboração.', 'Consegui melhorar a minha organização e gestão de tempo, como foi discutido.', 4);

-- Dados para Utilizadores
INSERT INTO Utilizadores (ID_Fun, Password) VALUES
(1, 'NBESpl5Ky4RJ'),
(2, '4zMCEuarEtv4'),
(3, 'H9jDvKOp832h'),
(4, '7tHFYkgke6o8'),
(5, '8jVNqgTi2ldg'),
(6, '61fDiyLSKWkY'),
(7, 'k3fBdicb0KMC'),
(8, 'GE44UbfevQaY'),
(9, '5bsalIyfI0Lm'),
(10, 'GQ8lflhds1M1'),
(11, 'Yg5EBan39mGM'),
(12, 'g09FHxcR1WoP'),
(13, '11fJUdYEsw2z'),
(14, '09cNTvK65VsK'),
(15, '6Hzc93YNPGsH'),
(16, 's1UW8VjNgzbP'),
(17, '9QBVSOMplbZs'),
(18, '4UqNegcxLJ4g'),
(19, 'g9jVPXmb4kyU'),
(20, '7bIOnEMaTJkn'),
(21, 'DzsBjxFB6Az6'),
(22, 'MY6WtNEiSNrS'),
(23, '4BNCMnsch3Vd'),
(24, 'n7RJjrzzHWhf'),
(25, 'JrqFbEFj48xP'),
(26, 'QymGyE8jf92G'),
(27, 'SFdc2hki3QYj'),
(28, '7aWU4TEfk0O0'),
(29, 'CHFqAqXSbP6t'),
(30, 'u61w7QRmcVLI'),
(31, 'v6uVk9S2ekLd'),
(32, 'j9fKcC4l4pZn'),
(33, 'k7zPpqfh3I5q'),
(34, '3dM6Ey8bYK2p'),
(35, 'ufKYD9iCh1Zr'),
(36, 'HsEAEp3250NJ'),
(37, '1HNBjogfUGZE'),
(38, 'c4XHoIML9yHm'),
(39, 'Y8ITjobp77yY'),
(40, '1eFMGnts0VK6'),
(41, '5Cy4cFss5MeW'),
(42, 'mz0ypXpL94AA'),
(43, '61LBxdqvaVil'),
(44, 'l37sOnDwiZNp'),
(45, 'G6Okfut455F4'),
(46, '6bgsef33TBNM'),
(47, 'Il2Bsvtk1pMN'),
(48, 'bSMNCAufzG2M'),
(49, 'iPWPIjtWh3lF'),
(50, '5nDXOPxL3Jl2'),
(51, 'OUuLM3ml4nWv'),
(52, 'TCYqo9LA1DyU'),
(53, 'Y1smrotpREDs'),
(54, 'yF8QAfrO1Axm'),
(55, '1SRzIiZs3GOu'),
(56, 'K9FZDD0XP0iQ'),
(57, 'kPgfFKtP83sH'),
(58, '4QHVuP1312R4'),
(59, 'rmHzP5Cm0HE2'),
(60, 'KT1Lo7ao60SR'),
(61, '0gXXyZuC6QWe'),
(62, 'ngTYNGJyf3db'),
(63, 'vg09UOvOY0Wh'),
(64, 'bRMejabgw1Uv'),
(65, 'mR6hgALsQWUY'),
(66, 'fQGdYo1c6jZ1'),
(67, '5o7SxO4pIW4e'),
(68, '7nDrn3F8zMBM'),
(69, '1XUcPeTVPaER'),
(70, 'Yu4jZQHxNJJi'),
(71, 'jP97RuBYfTcR'),
(72, 'pBKtRBRt7YBm'),
(73, '19OCPuBKBZrB'),
(74, 'XyqUhCOq2z9a'),
(75, 'F6FelFkL24UW'),
(76, 'eO2EL2ndiIOG'),
(77, 'hpNNAapg2ZcG'),
(78, 'FA1J6PyE1g2G'),
(79, 'f86VcfM5tA3b'),
(80, '9tlBlykJZKeq'),
(81, 'j80d5DxwnV3M'),
(82, 'aISYUMFqQa1K'),
(83, 'AI6pr7oqB7Zj'),
(84, '8M09pggAouTT'),
(85, 'M9bMva1soFr4'),
(86, '1QFds3b5ersM'),
(87, 'p1NehMQlyodg'),
(88, '8CPTokqbiXgj'),
(89, 'NRprDAZp47Lr'),
(90, '9WbvvB82QCzs'),
(91, 'rYPpxjZbvJS4'),
(92, 'IL9RF1zLFO4M'),
(93, '7FDubsctm92S'),
(94, 'p64zBobLBLo5'),
(95, 'nOl0giz56RVo'),
(96, 'e2gAuywnYz9Q'),
(97, '1W8ufGgh8KQw'),
(98, 'yhDZaHrE2ntj'),
(99, 'g14aDtzRocDw'),
(100, '3U7lSt2aG4pw');

-- Dados para Permissoes
INSERT INTO Permissoes (ID_Fun, Permissao) VALUES
(1, 'Manager'),
(1, 'RH'),
(1, 'Funcionario'),
(2, 'Admin'),
(3, 'Manager'),
(3, 'RH'),
(4, 'Financeiro'),
(5, 'RH'),
(5, 'Manager'),
(5, 'Admin'),
(6, 'Manager'),
(7, 'Financeiro'),
(8, 'Manager'),
(8, 'Funcionario'),
(9, 'Admin'),
(9, 'Financeiro'),
(10, 'RH'),
(11, 'Manager'),
(12, 'Funcionario'),
(12, 'RH'),
(13, 'Manager'),
(14, 'Admin'),
(14, 'Financeiro'),
(14, 'Manager'),
(15, 'Financeiro'),
(15, 'Admin'),
(15, 'Funcionario'),
(16, 'RH'),
(17, 'Manager'),
(17, 'Financeiro'),
(18, 'RH'),
(19, 'RH'),
(19, 'Manager'),
(19, 'Admin'),
(20, 'Admin'),
(20, 'RH'),
(20, 'Financeiro'),
(21, 'Funcionario'),
(21, 'Admin'),
(21, 'RH'),
(22, 'Financeiro'),
(23, 'Manager'),
(23, 'RH'),
(24, 'RH'),
(24, 'Funcionario'),
(25, 'Manager'),
(25, 'RH'),
(26, 'RH'),
(26, 'Admin'),
(26, 'Manager'),
(27, 'Funcionario'),
(28, 'Manager'),
(29, 'Financeiro'),
(29, 'Admin'),
(30, 'Manager'),
(30, 'Admin'),
(30, 'Financeiro'),
(31, 'RH'),
(31, 'Manager'),
(32, 'Manager'),
(33, 'Manager'),
(33, 'Financeiro'),
(33, 'Admin'),
(34, 'RH'),
(34, 'Funcionario'),
(34, 'Manager'),
(35, 'RH'),
(35, 'Admin'),
(35, 'Financeiro'),
(36, 'RH'),
(37, 'Admin'),
(37, 'Manager'),
(37, 'RH'),
(38, 'Manager'),
(38, 'Admin'),
(38, 'Financeiro'),
(39, 'Admin'),
(39, 'Manager'),
(39, 'RH'),
(40, 'Manager'),
(40, 'Financeiro'),
(41, 'Manager'),
(41, 'Financeiro'),
(42, 'RH'),
(42, 'Funcionario'),
(43, 'Manager'),
(43, 'RH'),
(44, 'RH'),
(44, 'Admin'),
(44, 'Funcionario'),
(45, 'RH'),
(45, 'Manager'),
(46, 'RH'),
(46, 'Financeiro'),
(47, 'RH'),
(47, 'Manager'),
(48, 'Financeiro'),
(48, 'Manager'),
(49, 'Financeiro'),
(50, 'Manager'),
(51, 'Financeiro'),
(51, 'Funcionario'),
(51, 'Manager'),
(52, 'RH'),
(53, 'Funcionario'),
(54, 'Admin'),
(54, 'Manager'),
(54, 'Funcionario'),
(55, 'Funcionario'),
(55, 'Manager'),
(56, 'Manager'),
(56, 'Admin'),
(57, 'RH'),
(57, 'Manager'),
(58, 'Financeiro'),
(58, 'Manager'),
(59, 'Admin'),
(59, 'Manager'),
(60, 'RH'),
(61, 'RH'),
(61, 'Manager'),
(62, 'Funcionario'),
(63, 'Admin'),
(63, 'Funcionario'),
(64, 'Admin'),
(64, 'Funcionario'),
(65, 'Admin'),
(66, 'Funcionario'),
(66, 'Financeiro'),
(67, 'Financeiro'),
(67, 'Funcionario'),
(67, 'RH'),
(68, 'Funcionario'),
(68, 'RH'),
(69, 'Admin'),
(69, 'Funcionario'),
(69, 'Financeiro'),
(70, 'Funcionario'),
(70, 'Financeiro'),
(71, 'Manager'),
(71, 'Admin'),
(72, 'Manager'),
(73, 'Manager'),
(74, 'RH'),
(74, 'Financeiro'),
(74, 'Manager'),
(75, 'Admin'),
(76, 'Admin'),
(76, 'Manager'),
(76, 'RH'),
(77, 'Funcionario'),
(77, 'Manager'),
(77, 'Financeiro'),
(78, 'Manager'),
(78, 'Funcionario'),
(78, 'RH'),
(79, 'Financeiro'),
(79, 'RH'),
(79, 'Funcionario'),
(80, 'Admin'),
(80, 'Financeiro'),
(81, 'Manager'),
(81, 'Financeiro'),
(81, 'Admin'),
(82, 'Funcionario'),
(82, 'Admin'),
(83, 'Funcionario'),
(83, 'Admin'),
(84, 'RH'),
(84, 'Admin'),
(85, 'Financeiro'),
(85, 'Admin'),
(86, 'Funcionario'),
(86, 'Financeiro'),
(87, 'Manager'),
(88, 'Admin'),
(89, 'RH'),
(90, 'Funcionario'),
(90, 'Manager'),
(91, 'Funcionario'),
(91, 'Financeiro'),
(91, 'Admin'),
(92, 'Funcionario'),
(92, 'Admin'),
(92, 'Manager'),
(93, 'RH'),
(94, 'RH'),
(94, 'Manager'),
(95, 'Financeiro'),
(96, 'Funcionario'),
(96, 'Manager'),
(97, 'Admin'),
(98, 'Financeiro'),
(98, 'Manager'),
(98, 'RH'),
(99, 'RH'),
(99, 'Manager'),
(99, 'Funcionario'),
(100, 'Admin'),
(100, 'Funcionario'),
(100, 'Financeiro');
