-- Script de Inserção de Dados Gerado Automaticamente
set search_path TO bd054_schema, public; 

-- Dados para Departamentos
INSERT INTO Departamentos (ID_depart, Nome, ID_gerente) VALUES
(1, 'Recursos Humanos', NULL),
(2, 'Tecnologia da Informação', NULL),
(3, 'Financeiro', NULL),
(4, 'Marketing', NULL),
(5, 'Vendas', NULL),
(6, 'Qualidade', NULL),
(7, 'Atendimento ao Cliente', NULL),
(8, 'Jurídico', NULL);

-- Dados para Funcionarios
INSERT INTO Funcionarios (ID_fun, NIF, Primeiro_nome, Ultimo_nome, Nome_rua, Nome_localidade, Codigo_postal, Num_telemovel, Email, Data_nascimento, Cargo, ID_depart) VALUES
(1, '283684275', 'Ivo', 'Leal', 'Travessa de Figueiredo', 'Ponte de Sor', '7832-846', '(351) 962 539 601', 'zfigueiredo@example.org', '1987-10-14', 'Especialista em Recrutamento', 6),
(2, '283684276', 'Manuel', 'Ribeiro', 'Praça Torres', 'Sacavém', '4135-282', '(351) 914792150', 'juliaborges@example.net', '2002-12-03', 'Contador', 7),
(3, '283684277', 'Gustavo', 'Figueiredo', 'Avenida do Alto do Varejão', 'Figueira da Foz', '7409-686', '(351) 919497663', 'constanca94@example.net', '1994-04-23', 'Especialista em Marketing Digital', 5),
(4, '283684278', 'Vasco', 'Vaz', 'R. Daniela Almeida', 'Fiães', '6154-913', '935 257 716', 'melissa36@example.org', '2007-03-28', 'Analista Financeiro', 6),
(5, '283684279', 'Bruno', 'Borges', 'Praça de Fernandes', 'Oliveira do Hospital', '4982-539', '(351) 923 157 082', 'cardososalvador@example.org', '1992-02-19', 'Recepcionista', 3),
(6, '283684280', 'Lourenço', 'Ramos', 'Avenida de Augusto Gomes', 'Vendas Novas', '6348-919', '964 533 317', 'lucacampos@example.com', '1989-10-19', 'Supervisor de Atendimento ao Cliente', 6),
(7, '283684281', 'Alícia', 'Branco', 'Rua Almeida', 'Esmoriz', '9967-418', '(351) 918 318 964', 'joel56@example.org', '1999-06-09', 'Gerente Financeiro', 4),
(8, '283684282', 'Eva', 'Ferreira', 'Avenida Alexandra Valente', 'Seixal', '3957-380', '+351967013570', 'lmelo@example.org', '2000-04-15', 'Gerente Financeiro', 8),
(9, '283684283', 'Miguel', 'Borges', 'Avenida de Matias', 'Vizela', '9453-664', '(351) 916 286 742', 'mia75@example.net', '1984-06-28', 'Supervisor de Atendimento ao Cliente', 8),
(10, '283684284', 'Gabriela', 'Freitas', 'Alameda de Leal', 'Santarém', '2289-830', '927 486 992', 'vazsergio@example.com', '1989-10-14', 'Analista de Dados', 1),
(11, '283684285', 'Carolina', 'Antunes', 'R. Filipe Teixeira', 'Ourém', '1407-136', '(351) 910070056', 'luis69@example.com', '1988-04-30', 'Advogado Corporativo', 7),
(12, '283684286', 'Wilson', 'Vicente', 'Praça de Santa Clara', 'Chaves', '4723-696', '(351) 233 904 499', 'qpinho@example.com', '1981-01-23', 'Técnico de Suporte de TI', 3),
(13, '283684287', 'Margarida', 'Vaz', 'R. Iara Rodrigues', 'Tavira', '4494-475', '(351) 210 043 123', 'isabela68@example.com', '1959-12-11', 'Gerente de Marketing', 6),
(14, '283684288', 'Salomé', 'Amorim', 'Largo Goelas de Pau', 'Quarteira', '7484-889', '921191008', 'ylopes@example.net', '1966-02-20', 'Advogado Corporativo', 1),
(15, '283684289', 'Manuel', 'Cunha', 'Avenida de Barbosa', 'Porto', '7826-817', '910 723 511', 'dcampos@example.org', '1961-09-26', 'Gerente de Vendas', 2),
(16, '283684290', 'Diana', 'Monteiro', 'Travessa Rafaela Carneiro', 'Sines', '4006-110', '(351) 939 012 007', 'miriamvaz@example.com', '2003-02-15', 'Desenvolvedor de Software Júnior', 1),
(17, '283684291', 'Débora', 'Campos', 'R. de Marques', 'Lixa', '4435-871', '283676187', 'vmendes@example.com', '1995-01-05', 'Inspetor de Qualidade', 4),
(18, '283684292', 'Ângela', 'Antunes', 'Praça de Batista', 'Reguengos de Monsaraz', '1267-472', '922557941', 'teresamacedo@example.org', '1966-07-25', 'Contador', 2),
(19, '283684293', 'Leandro', 'Brito', 'Av Matos', 'Macedo de Cavaleiros', '0757-845', '(351) 938 035 055', 'margarida94@example.org', '1998-01-03', 'Analista de Recursos Humanos', 1),
(20, '283684294', 'Letícia', 'Tavares', 'Alameda de Brito', 'Cantanhede', '0889-557', '(351) 965 678 826', 'lealdiana@example.net', '1988-09-28', 'Gerente Financeiro', 3),
(21, '283684295', 'Miriam', 'Batista', 'Travessa Alice Andrade', 'Gondomar', '6046-536', '(351) 910 324 006', 'icunha@example.com', '1961-03-15', 'Diretor de Operações (COO)', 8),
(22, '283684296', 'Gil', 'Araújo', 'Travessa Erika Branco', 'Chaves', '9389-299', '(351) 925 036 481', 'nairfigueiredo@example.com', '1980-09-06', 'Designer UI/UX', 7),
(23, '283684297', 'Rita', 'Cunha', 'Praça de Magalhães', 'Serpa', '6219-974', '914 020 595', 'aliciavicente@example.com', '1960-02-09', 'Representante de Vendas Interno', 3),
(24, '283684298', 'Tomás', 'Pires', 'Largo Luciana Antunes', 'Montijo', '1188-806', '910 175 661', 'jteixeira@example.org', '1983-05-11', 'Recepcionista', 7),
(25, '283684299', 'Miriam', 'Machado', 'Largo de Domingues', 'Elvas', '7826-912', '(351) 231 391 134', 'artur32@example.org', '1982-06-30', 'Assistente Jurídico', 4),
(26, '283684300', 'Luana', 'Correia', 'Alameda Erica Vieira', 'Lixa', '2781-849', '+351291154783', 'irina41@example.org', '1984-11-24', 'Supervisor de Atendimento ao Cliente', 2),
(27, '283684301', 'Renata', 'Monteiro', 'R. Diana Tavares', 'Coimbra', '6478-603', '960831688', 'dfonseca@example.org', '1965-03-20', 'Analista de Mídia Social', 3),
(28, '283684302', 'Carlota', 'Amaral', 'Travessa dos Armazéns', 'Santo Tirso', '7409-245', '929 008 949', 'martinspetra@example.net', '1968-02-27', 'Recepcionista', 3),
(29, '283684303', 'Rodrigo', 'Lopes', 'Praça das Gaivotas ao Parque das Nações', 'Esposende', '9526-744', '204113285', 'malves@example.org', '1972-09-23', 'Assistente Jurídico', 8),
(30, '283684304', 'Afonso', 'Mendes', 'R. Ferreira', 'Vila Nova de Foz Côa', '2103-370', '(351) 920 183 532', 'rafael65@example.org', '1973-03-15', 'Inspetor de Qualidade', 8),
(31, '283684305', 'Carminho', 'Carvalho', 'Avenida Fernandes', 'Santo Tirso', '5393-519', '(351) 937754341', 'itorres@example.org', '1983-10-02', 'Assistente Jurídico', 3),
(32, '283684306', 'Juliana', 'Paiva', 'Travessa Amaral', 'Câmara de Lobos', '2679-933', '(351) 967 372 417', 'mendesemma@example.net', '1972-07-27', 'Gerente Financeiro', 3),
(33, '283684307', 'Ariana', 'Rocha', 'Alameda Lourenço Morais', 'Paços de Ferreira', '7721-173', '925 560 674', 'vicentehugo@example.org', '1964-10-18', 'Especialista em Recrutamento', 2),
(34, '283684308', 'Alice', 'Pinto', 'Rua Alves', 'Trancoso', '2629-149', '(351) 969554886', 'hloureiro@example.com', '1990-10-06', 'Representante de Vendas Interno', 1),
(35, '283684309', 'Ana', 'Simões', 'R. Vieira', 'Lixa', '1535-527', '(351) 251 701 470', 'claudiorodrigues@example.net', '1988-12-28', 'Recepcionista', 3),
(36, '283684310', 'Diego', 'Assunção', 'Avenida Artur Agostinho', 'Vila Real de Santo António', '1378-005', '+351263062540', 'gasparlopes@example.net', '2005-11-22', 'Analista Financeiro', 2),
(37, '283684311', 'Rui', 'Rodrigues', 'R. dos Rouxinóis', 'Vila Nova de Famalicão', '3278-283', '928795905', 'carlos22@example.org', '2006-02-19', 'Analista de Mídia Social', 7),
(38, '283684312', 'Ema', 'Vicente', 'Largo da Cova da Moura', 'Santa Cruz', '0282-412', '932 596 537', 'palves@example.org', '1982-09-20', 'Analista Financeiro', 1),
(39, '283684313', 'Catarina', 'Cruz', 'Travessa Fernandes', 'Évora', '6484-376', '(351) 932 456 825', 'brunocardoso@example.org', '1990-10-01', 'Assistente Administrativo', 5),
(40, '283684314', 'Eduardo', 'Freitas', 'Travessa Cardoso', 'Ponta Delgada', '7766-155', '924453386', 'pedro83@example.com', '1968-07-21', 'Designer UI/UX', 2),
(41, '283684315', 'Emília', 'Garcia', 'Alameda das Andrezas', 'Horta', '8745-692', '(351) 933 655 733', 'angelo18@example.net', '1966-12-28', 'Gerente de Projetos', 8),
(42, '283684316', 'Nicole', 'Antunes', 'Rua Violeta Vicente', 'Paredes', '7747-289', '+351965128077', 'yasmin87@example.com', '1975-06-17', 'Gerente Financeiro', 1),
(43, '283684317', 'Márcio', 'Henriques', 'Largo Anjos', 'Maia', '1351-574', '(351) 922123744', 'nascimentolourenco@example.net', '1976-10-20', 'Executivo de Contas', 5),
(44, '283684318', 'Maria', 'Sousa', 'Travessa Alves', 'Torres Vedras', '0418-409', '(351) 966909402', 'pilarmelo@example.net', '1996-04-04', 'Redator (Copywriter)', 8),
(45, '283684319', 'Emília', 'Lima', 'Praça do Colégio', 'Lourosa', '3648-042', '(351) 960442102', 'rochajulia@example.org', '1973-09-02', 'Executivo de Contas', 4),
(46, '283684320', 'Flor', 'Sousa', 'Alameda de Matias', 'Albufeira', '2820-453', '(351) 964 268 729', 'fernando76@example.org', '1983-01-29', 'Agente de Atendimento ao Cliente', 5),
(47, '283684321', 'Caetana', 'Mota', 'R. Torres', 'Santa Maria da Feira', '3821-379', '961 964 003', 'gomesjoao@example.org', '1992-12-02', 'Analista de Dados', 6),
(48, '283684322', 'Lia', 'Figueiredo', 'R. Alves', 'Valongo', '8136-437', '(351) 919 224 304', 'uferreira@example.net', '2000-07-15', 'Gerente de Marketing', 6),
(49, '283684323', 'Kelly', 'Coelho', 'Largo Maria Jesus', 'Quarteira', '5287-265', '(351) 220 782 725', 'gasparbrian@example.com', '1986-01-07', 'Agente de Atendimento ao Cliente', 4),
(50, '283684324', 'José', 'Reis', 'Largo Carolina Nunes', 'Ponte de Sor', '5912-775', '(351) 912 161 112', 'rmoreira@example.com', '1976-04-02', 'Gerente de Vendas', 1),
(51, '283684325', 'Letícia', 'Oliveira', 'Rua de Santos', 'Gafanha da Nazaré', '0676-463', '(351) 270997570', 'marquesedgar@example.org', '1994-10-29', 'Desenvolvedor de Software Júnior', 1),
(52, '283684326', 'André', 'Nogueira', 'Largo de José Régio', 'Bragança', '2938-904', '(351) 920 328 619', 'andradevitoria@example.com', '1967-07-31', 'Desenvolvedor de Software Júnior', 8),
(53, '283684327', 'Filipa', 'Esteves', 'Avenida Íris Vaz', 'Penafiel', '9593-737', '+351961121882', 'oliveiraalexandre@example.com', '2007-11-07', 'Especialista em Marketing Digital', 1),
(54, '283684328', 'Marta', 'Vicente', 'Alameda Filipa Neto', 'Vizela', '5755-254', '(351) 961 920 953', 'claudiomachado@example.net', '1965-09-18', 'Desenvolvedor de Software Júnior', 7),
(55, '283684329', 'Benedita', 'Pacheco', 'R. Mário Ferreira', 'Rebordosa', '5723-471', '(351) 928 517 171', 'gustavo32@example.org', '1968-03-05', 'Inspetor de Qualidade', 8),
(56, '283684330', 'Alexandre', 'Pinto', 'Travessa Mendes', 'Praia da Vitória', '1079-764', '(351) 913 943 546', 'julia46@example.org', '1982-01-15', 'Analista de Dados', 4),
(57, '283684331', 'Gil', 'Anjos', 'Avenida do Dr. Jaime Cortesão', 'Paços de Ferreira', '4173-908', '925547905', 'luanamelo@example.com', '1983-01-18', 'Gerente de Marketing', 2),
(58, '283684332', 'Paulo', 'Carvalho', 'Praça Pinto', 'Lamego', '4380-574', '960 781 930', 'rodriguesricardo@example.net', '1996-09-11', 'Contador', 5),
(59, '283684333', 'Erika', 'Moura', 'R. de Batista', 'Caniço', '2265-948', '(351) 202310710', 'afonsoborges@example.org', '1961-09-02', 'Inspetor de Qualidade', 7),
(60, '283684334', 'Leandro', 'Pereira', 'Av de Matos', 'Alcácer do Sal', '2442-562', '284762976', 'fonsecabernardo@example.net', '1968-12-20', 'Executivo de Contas', 4),
(61, '283684335', 'Gabriel', 'Macedo', 'Praça Barros', 'Mealhada', '8977-304', '+351256433048', 'xborges@example.net', '1982-02-06', 'Representante de Vendas Interno', 5),
(62, '283684336', 'Isabel', 'Loureiro', 'Travessa de Ferreira', 'Montijo', '0645-482', '911 826 586', 'lucasmota@example.net', '1975-01-29', 'Especialista em Recrutamento', 8),
(63, '283684337', 'Manuel', 'Teixeira', 'R. da Luz', 'Sintra', '2210-816', '(351) 271221860', 'vanjos@example.org', '1984-12-20', 'Gerente de Projetos', 3),
(64, '283684338', 'Catarina', 'Campos', 'Avenida Teixeira', 'Tondela', '2882-042', '(351) 914885339', 'irismartins@example.org', '1975-10-30', 'Assistente Administrativo', 3),
(65, '283684339', 'Fernando', 'Leite', 'Travessa Érica Costa', 'Queluz', '3011-114', '(351) 933 852 997', 'vieiramarco@example.org', '2006-05-13', 'Técnico de Suporte de TI', 2),
(66, '283684340', 'Dinis', 'Freitas', 'Avenida das Pirogas', 'Tomar', '1545-108', '919085109', 'xmatias@example.com', '2005-09-27', 'Especialista em Recrutamento', 3),
(67, '283684341', 'Nair', 'Vicente', 'Avenida de Guedes de Oliveira', 'Matosinhos', '8336-211', '(351) 965584479', 'araujofrancisco@example.net', '1988-01-18', 'Desenvolvedor de Software Sénior', 6),
(68, '283684342', 'Mara', 'Soares', 'Av Erika Morais', 'Vila Real de Santo António', '9687-962', '(351) 279174332', 'ruiandrade@example.org', '2004-06-09', 'Gerente Financeiro', 8),
(69, '283684343', 'Gustavo', 'Valente', 'R. de Esteves', 'Vizela', '2005-908', '(351) 200 851 250', 'edgarguerreiro@example.org', '1997-11-22', 'Analista de Dados', 8),
(70, '283684344', 'Isaac', 'Cunha', 'Alameda do Ródano', 'Valpaços', '8958-828', '(351) 297 673 937', 'upereira@example.com', '1998-03-10', 'Designer UI/UX', 2),
(71, '283684345', 'Constança', 'Neto', 'Largo Leal', 'Serpa', '7818-036', '(351) 924445820', 'pdomingues@example.org', '1960-09-23', 'Analista de Sistemas', 1),
(72, '283684346', 'Rafael', 'Valente', 'Av Ismael Marques', 'Vila Nova de Gaia', '9355-780', '939 258 324', 'kelly33@example.org', '1971-12-17', 'Analista de Qualidade', 4),
(73, '283684347', 'Leonor', 'Sá', 'Travessa de Grijó', 'Bragança', '9633-829', '270740001', 'santiago43@example.org', '1999-09-06', 'Analista de Qualidade', 2),
(74, '283684348', 'Sofia', 'Torres', 'Travessa de Rodrigues', 'Viseu', '5736-676', '927 122 957', 'andre42@example.com', '1984-09-01', 'Gerente de Vendas', 5),
(75, '283684349', 'Isaac', 'Leite', 'Av de Moreira', 'Torres Vedras', '8921-414', '(351) 967845839', 'marta65@example.org', '2001-09-23', 'Analista de Mídia Social', 8),
(76, '283684350', 'José', 'Jesus', 'Rua de Valente', 'Rio Maior', '2842-334', '+351917535331', 'mafalda58@example.net', '1997-09-30', 'Especialista em Recrutamento', 4),
(77, '283684351', 'Ângela', 'Pinto', 'Travessa Moura', 'Marco de Canaveses', '8826-177', '(351) 918 219 729', 'luana57@example.org', '1970-05-26', 'Especialista em Sucesso do Cliente', 5),
(78, '283684352', 'Violeta', 'Pinheiro', 'Travessa Vaz', 'Seia', '7873-853', '(351) 966545137', 'miriam00@example.com', '1971-02-08', 'Técnico de Suporte de TI', 1),
(79, '283684353', 'Matilde', 'Faria', 'R. das Cegonhas', 'Rebordosa', '6211-869', '927568635', 'inespires@example.org', '1993-10-07', 'Especialista em Sucesso do Cliente', 2),
(80, '283684354', 'Laura', 'Ferreira', 'Av de Henriques', 'Fafe', '9390-030', '(351) 927 778 683', 'yasmin33@example.org', '1973-09-07', 'Gerente de Projetos', 8),
(81, '283684355', 'Sérgio', 'Soares', 'Largo Azevedo', 'Seia', '5445-860', '930549280', 'carlos77@example.net', '1986-09-03', 'Técnico de Suporte de TI', 4),
(82, '283684356', 'Leonor', 'Neves', 'Alameda de Matos', 'Santiago do Cacém', '6274-151', '(351) 932684204', 'hugosa@example.net', '1969-05-31', 'Assistente Jurídico', 5),
(83, '283684357', 'Luísa', 'Coelho', 'R. de Ulisses', 'Fundão', '9091-401', '960 774 697', 'diego17@example.net', '1965-01-18', 'Recepcionista', 7),
(84, '283684358', 'Soraia', 'Borges', 'R. de Azevedo', 'Ourém', '6623-100', '935 304 807', 'agarcia@example.net', '1968-10-01', 'Supervisor de Atendimento ao Cliente', 5),
(85, '283684359', 'Jéssica', 'Torres', 'Av Clara Neto', 'Portalegre', '3237-841', '963 315 510', 'marasousa@example.net', '1968-08-15', 'Executivo de Contas', 7),
(86, '283684360', 'Pilar', 'Azevedo', 'Alameda Gerais', 'Vila Nova de Famalicão', '3988-551', '(351) 930602626', 'bsilva@example.com', '1983-04-11', 'Gerente de Marketing', 5),
(87, '283684361', 'Mariana', 'Correia', 'Praça Noah Lopes', 'Gondomar', '4012-535', '(351) 918 645 430', 'nascimentoerica@example.org', '1989-02-03', 'Recepcionista', 4),
(88, '283684362', 'Violeta', 'Barros', 'R. Artur Maia', 'Entroncamento', '4974-779', '(351) 963 811 821', 'emma03@example.org', '1967-03-22', 'Especialista em Marketing Digital', 7),
(89, '283684363', 'Sara', 'Vieira', 'Praça Prof. Francisco Caldeira Cabral', 'Porto', '1618-222', '918 096 832', 'carminho59@example.net', '1992-01-20', 'Assistente Administrativo', 7),
(90, '283684364', 'Eduardo', 'Guerreiro', 'R. Matias Paiva', 'Ovar', '9611-036', '(351) 967 928 502', 'valentediogo@example.net', '1960-07-06', 'Desenvolvedor de Software Sénior', 1),
(91, '283684365', 'Inês', 'Nunes', 'Praça Teixeira', 'Horta', '1275-979', '230 891 687', 'juliamarques@example.org', '2005-04-03', 'Recepcionista', 4),
(92, '283684366', 'Fernando', 'Amorim', 'Travessa das Bolas', 'Trofa', '9429-201', '(351) 969 046 243', 'ureis@example.com', '1989-03-18', 'Analista de Sistemas', 5),
(93, '283684367', 'Miguel', 'Correia', 'Av do Amazonas', 'Oliveira do Hospital', '4345-163', '919645064', 'manuel72@example.com', '2000-01-20', 'Desenvolvedor de Software Sénior', 4),
(94, '283684368', 'Lisandro', 'Miranda', 'Alameda Vieira', 'Estremoz', '3063-889', '(351) 964 874 355', 'madalena39@example.com', '2003-05-02', 'Redator (Copywriter)', 3),
(95, '283684369', 'José', 'Sá', 'Praça Jorge Nogueira', 'Amora', '9397-820', '(351) 220850798', 'ribeiroflor@example.org', '1971-11-17', 'Contador', 4),
(96, '283684370', 'Eva', 'Mota', 'Praça Beatriz Costa', 'Lisboa', '2725-833', '(351) 914096510', 'leandroramos@example.com', '1969-11-29', 'Analista de Sistemas', 7),
(97, '283684371', 'Miriam', 'Ferreira', 'R. Martins', 'Viseu', '2952-786', '963531579', 'duartevaz@example.net', '1972-01-15', 'Advogado Corporativo', 3),
(98, '283684372', 'Jorge', 'Abreu', 'Praça do Machado', 'Montijo', '5736-556', '935497826', 'sebastiaosa@example.net', '1975-10-27', 'Analista de Sistemas', 4),
(99, '283684373', 'Enzo', 'Fernandes', 'Praça de Loureiro', 'Ovar', '5061-446', '(351) 965791110', 'rcarvalho@example.org', '1984-08-31', 'Inspetor de Qualidade', 8),
(100, '283684374', 'Violeta', 'Barbosa', 'Praça de Rodrigues de Freitas', 'Barcelos', '7283-007', '(351) 938 022 946', 'lorena00@example.net', '1998-08-05', 'Gerente de Vendas', 6);

-- 3. Atualização dos Gerentes nos Departamentos
UPDATE Departamentos SET ID_gerente = 50 WHERE ID_depart = 1;
UPDATE Departamentos SET ID_gerente = 9 WHERE ID_depart = 2;
UPDATE Departamentos SET ID_gerente = 35 WHERE ID_depart = 3;
UPDATE Departamentos SET ID_gerente = 43 WHERE ID_depart = 4;
UPDATE Departamentos SET ID_gerente = 13 WHERE ID_depart = 5;
UPDATE Departamentos SET ID_gerente = 41 WHERE ID_depart = 6;
UPDATE Departamentos SET ID_gerente = 30 WHERE ID_depart = 7;
UPDATE Departamentos SET ID_gerente = 19 WHERE ID_depart = 8;

-- 4. Inserção das restantes tabelas

-- Dados para Remuneracoes
INSERT INTO Remuneracoes (ID_fun, Data_inicio, Data_fim) VALUES
(1, '2024-09-05', '2025-09-28'),
(1, '2025-09-29', '2025-12-31'),
(2, '2021-01-16', NULL),
(3, '2022-07-08', NULL),
(4, '2021-07-11', '2022-07-01'),
(4, '2022-07-02', '2023-07-19'),
(4, '2023-07-20', NULL),
(5, '2021-01-20', '2022-01-25'),
(5, '2022-01-26', '2023-02-08'),
(5, '2023-02-09', NULL),
(6, '2024-10-13', '2025-10-06'),
(6, '2025-10-07', '2025-12-31'),
(7, '2021-01-30', '2022-03-04'),
(7, '2022-03-05', NULL),
(8, '2022-10-17', '2023-10-13'),
(8, '2023-10-14', '2024-10-31'),
(8, '2024-11-01', '2025-11-25'),
(8, '2025-11-26', NULL),
(9, '2022-08-19', '2025-01-27'),
(10, '2024-09-04', '2025-08-19'),
(10, '2025-08-20', '2025-12-31'),
(11, '2024-01-15', '2025-01-10'),
(11, '2025-01-11', '2025-12-31'),
(12, '2023-06-06', NULL),
(13, '2021-02-22', '2022-03-07'),
(13, '2022-03-08', '2023-03-06'),
(13, '2023-03-07', '2024-04-04'),
(13, '2024-04-05', NULL),
(14, '2021-04-08', '2022-05-03'),
(14, '2022-05-04', '2025-05-05'),
(15, '2022-05-01', '2023-05-18'),
(15, '2023-05-19', NULL),
(16, '2023-02-26', '2024-03-25'),
(16, '2024-03-26', '2025-04-27'),
(16, '2025-04-28', '2025-08-22'),
(17, '2022-11-05', '2023-10-31'),
(17, '2023-11-01', '2024-11-11'),
(17, '2024-11-12', '2025-10-30'),
(17, '2025-10-31', '2025-11-28'),
(18, '2022-12-30', '2023-12-31'),
(18, '2024-01-01', NULL),
(19, '2024-04-26', '2025-04-18'),
(19, '2025-04-19', '2025-12-31'),
(20, '2023-09-05', '2024-09-08'),
(20, '2024-09-09', '2025-09-20'),
(20, '2025-09-21', '2025-12-15'),
(21, '2024-06-30', '2025-01-04'),
(22, '2023-11-28', '2024-12-08'),
(22, '2024-12-09', '2025-12-05'),
(22, '2025-12-06', '2025-12-31'),
(23, '2020-12-20', '2021-12-17'),
(23, '2021-12-18', '2025-05-21'),
(24, '2022-05-22', '2023-05-14'),
(24, '2023-05-15', '2024-06-01'),
(24, '2024-06-02', NULL),
(25, '2023-06-29', '2025-06-20'),
(26, '2024-04-06', '2025-05-10'),
(26, '2025-05-11', '2025-10-29'),
(27, '2024-08-05', '2025-12-27'),
(28, '2023-06-26', NULL),
(29, '2024-01-11', '2025-01-26'),
(29, '2025-01-27', '2025-12-31'),
(30, '2022-04-23', '2023-05-04'),
(30, '2023-05-05', NULL),
(31, '2021-01-31', '2022-02-05'),
(31, '2022-02-06', '2023-03-09'),
(31, '2023-03-10', '2025-07-08'),
(32, '2024-12-03', '2025-11-20'),
(32, '2025-11-21', NULL),
(33, '2024-10-07', '2025-10-23'),
(33, '2025-10-24', NULL),
(34, '2023-07-08', '2024-07-18'),
(34, '2024-07-19', '2025-08-07'),
(34, '2025-08-08', NULL),
(35, '2023-04-27', NULL),
(36, '2021-12-25', '2023-01-02'),
(36, '2023-01-03', NULL),
(37, '2021-09-16', '2025-05-25'),
(38, '2020-12-30', '2022-01-06'),
(38, '2022-01-07', '2023-01-20'),
(38, '2023-01-21', NULL),
(39, '2021-02-25', '2022-03-20'),
(39, '2022-03-21', '2023-04-11'),
(39, '2023-04-12', '2024-04-02'),
(39, '2024-04-03', '2025-09-05'),
(40, '2023-12-23', '2025-01-21'),
(40, '2025-01-22', NULL),
(41, '2024-07-07', NULL),
(42, '2022-05-12', '2023-04-30'),
(42, '2023-05-01', '2024-05-17'),
(42, '2024-05-18', '2025-05-30'),
(42, '2025-05-31', NULL),
(43, '2021-12-06', '2025-10-12'),
(44, '2021-12-07', '2025-06-13'),
(45, '2024-11-22', '2025-12-03'),
(45, '2025-12-04', '2025-12-31'),
(46, '2023-01-15', '2024-02-18'),
(46, '2024-02-19', '2025-03-19'),
(46, '2025-03-20', NULL),
(47, '2022-02-21', '2025-04-18'),
(48, '2024-08-21', '2025-09-08'),
(48, '2025-09-09', NULL),
(49, '2021-01-06', NULL),
(50, '2021-04-09', '2022-05-12'),
(50, '2022-05-13', '2023-04-30'),
(50, '2023-05-01', '2024-04-21'),
(50, '2024-04-22', NULL),
(51, '2022-02-28', '2023-03-09'),
(51, '2023-03-10', '2024-03-25'),
(51, '2024-03-26', NULL),
(52, '2021-10-01', '2022-10-13'),
(52, '2022-10-14', '2025-09-23'),
(53, '2024-09-09', '2025-10-09'),
(53, '2025-10-10', '2025-12-31'),
(54, '2024-03-28', '2025-04-10'),
(54, '2025-04-11', '2025-12-31'),
(55, '2022-12-27', '2025-01-12'),
(56, '2023-04-12', '2024-04-01'),
(56, '2024-04-02', NULL),
(57, '2024-05-03', '2025-04-28'),
(57, '2025-04-29', NULL),
(58, '2022-11-02', '2023-12-06'),
(58, '2023-12-07', '2024-11-20'),
(58, '2024-11-21', '2025-11-06'),
(58, '2025-11-07', '2025-11-11'),
(59, '2022-08-20', '2023-09-20'),
(59, '2023-09-21', '2024-10-03'),
(59, '2024-10-04', '2025-09-25'),
(59, '2025-09-26', NULL),
(60, '2021-06-23', '2022-06-18'),
(60, '2022-06-19', NULL),
(61, '2020-11-28', '2021-11-20'),
(61, '2021-11-21', '2022-11-19'),
(61, '2022-11-20', '2023-11-23'),
(61, '2023-11-24', '2025-04-07'),
(62, '2022-01-23', '2023-02-07'),
(62, '2023-02-08', '2024-02-25'),
(62, '2024-02-26', '2025-02-26'),
(63, '2023-02-05', '2024-01-29'),
(63, '2024-01-30', NULL),
(64, '2024-04-11', '2025-05-08'),
(64, '2025-05-09', '2025-12-31'),
(65, '2023-10-28', '2024-10-20'),
(65, '2024-10-21', '2025-10-26'),
(65, '2025-10-27', '2025-12-31'),
(66, '2023-10-07', '2024-09-29'),
(66, '2024-09-30', '2025-09-22'),
(66, '2025-09-23', '2025-10-19'),
(67, '2021-04-29', '2025-01-20'),
(68, '2024-08-17', '2025-09-14'),
(68, '2025-09-15', '2025-10-01'),
(69, '2023-04-13', '2024-05-07'),
(69, '2024-05-08', '2025-06-11'),
(69, '2025-06-12', '2025-07-17'),
(70, '2021-06-07', '2022-06-12'),
(70, '2022-06-13', '2023-07-13'),
(70, '2023-07-14', NULL),
(71, '2022-08-20', '2023-08-07'),
(71, '2023-08-08', '2025-07-29'),
(72, '2022-03-20', '2023-04-19'),
(72, '2023-04-20', '2024-05-01'),
(72, '2024-05-02', '2025-05-17'),
(72, '2025-05-18', '2025-10-25'),
(73, '2023-07-13', '2024-08-03'),
(73, '2024-08-04', '2025-08-05'),
(73, '2025-08-06', '2025-12-31'),
(74, '2021-04-30', '2022-05-16'),
(74, '2022-05-17', '2023-06-08'),
(74, '2023-06-09', '2024-07-01'),
(74, '2024-07-02', NULL),
(75, '2024-11-19', '2025-12-11'),
(75, '2025-12-12', '2025-12-31'),
(76, '2021-08-06', '2022-07-30'),
(76, '2022-07-31', '2023-08-29'),
(76, '2023-08-30', NULL),
(77, '2021-09-18', '2022-09-25'),
(77, '2022-09-26', NULL),
(78, '2022-04-09', '2023-04-11'),
(78, '2023-04-12', '2024-04-14'),
(78, '2024-04-15', NULL),
(79, '2022-03-23', '2023-04-02'),
(79, '2023-04-03', NULL),
(80, '2023-02-17', NULL),
(81, '2024-08-29', '2025-09-05'),
(81, '2025-09-06', '2025-12-31'),
(82, '2023-11-24', '2024-11-15'),
(82, '2024-11-16', '2025-12-06'),
(82, '2025-12-07', '2025-12-27'),
(83, '2024-09-02', '2025-07-23'),
(84, '2021-06-03', '2025-02-03'),
(85, '2021-03-04', '2022-03-15'),
(85, '2022-03-16', '2023-03-09'),
(85, '2023-03-10', '2024-04-06'),
(85, '2024-04-07', NULL),
(86, '2021-11-26', '2022-12-25'),
(86, '2022-12-26', '2025-08-06'),
(87, '2023-10-04', '2025-09-17'),
(88, '2023-04-20', '2024-04-16'),
(88, '2024-04-17', NULL),
(89, '2023-12-27', '2025-01-14'),
(89, '2025-01-15', '2025-11-29'),
(90, '2023-12-01', '2025-05-09'),
(91, '2022-02-07', '2023-02-21'),
(91, '2023-02-22', NULL),
(92, '2024-01-22', '2025-03-15'),
(93, '2024-12-18', '2025-12-31'),
(94, '2022-06-25', '2023-07-05'),
(94, '2023-07-06', '2024-07-18'),
(94, '2024-07-19', '2025-07-12'),
(94, '2025-07-13', NULL),
(95, '2021-08-05', '2022-09-06'),
(95, '2022-09-07', NULL),
(96, '2022-09-28', '2023-10-04'),
(96, '2023-10-05', '2024-09-21'),
(96, '2024-09-22', '2025-10-23'),
(96, '2025-10-24', '2025-12-28'),
(97, '2022-05-08', '2023-05-20'),
(97, '2023-05-21', '2024-06-06'),
(97, '2024-06-07', '2025-04-17'),
(98, '2022-05-04', '2023-05-05'),
(98, '2023-05-06', '2024-04-30'),
(98, '2024-05-01', NULL),
(99, '2023-05-08', '2024-05-01'),
(99, '2024-05-02', '2025-04-25'),
(99, '2025-04-26', '2025-12-31'),
(100, '2024-11-17', '2025-11-05'),
(100, '2025-11-06', '2025-12-31');

-- Dados para Salario
INSERT INTO Salario (ID_fun, Data_inicio, salario_bruto) VALUES
(1, '2024-09-05', 950.0),
(1, '2025-09-29', 1011.6),
(2, '2021-01-16', 950.0),
(3, '2022-07-08', 1388.81),
(4, '2021-07-11', 979.64),
(4, '2022-07-02', 1077.23),
(4, '2023-07-20', 1180.05),
(5, '2021-01-20', 1298.97),
(5, '2022-01-26', 1377.66),
(5, '2023-02-09', 1499.14),
(6, '2024-10-13', 1319.29),
(6, '2025-10-07', 1396.92),
(7, '2021-01-30', 1233.82),
(7, '2022-03-05', 1316.64),
(8, '2022-10-17', 950.0),
(8, '2023-10-14', 1007.03),
(8, '2024-11-01', 1036.47),
(8, '2025-11-26', 1099.38),
(9, '2022-08-19', 950.0),
(10, '2024-09-04', 1562.06),
(10, '2025-08-20', 1630.46),
(11, '2024-01-15', 950.0),
(11, '2025-01-11', 1024.36),
(12, '2023-06-06', 1215.47),
(13, '2021-02-22', 950.0),
(13, '2022-03-08', 989.82),
(13, '2023-03-07', 1075.64),
(13, '2024-04-05', 1135.49),
(14, '2021-04-08', 950.0),
(14, '2022-05-04', 994.94),
(15, '2022-05-01', 950.0),
(15, '2023-05-19', 1041.64),
(16, '2023-02-26', 1369.15),
(16, '2024-03-26', 1480.77),
(16, '2025-04-28', 1594.02),
(17, '2022-11-05', 950.0),
(17, '2023-11-01', 972.24),
(17, '2024-11-12', 1028.23),
(17, '2025-10-31', 1087.06),
(18, '2022-12-30', 1178.6),
(18, '2024-01-01', 1267.83),
(19, '2024-04-26', 1286.28),
(19, '2025-04-19', 1391.77),
(20, '2023-09-05', 1357.98),
(20, '2024-09-09', 1406.48),
(20, '2025-09-21', 1486.02),
(21, '2024-06-30', 1530.7),
(22, '2023-11-28', 1212.36),
(22, '2024-12-09', 1286.31),
(22, '2025-12-06', 1382.58),
(23, '2020-12-20', 1269.63),
(23, '2021-12-18', 1376.37),
(24, '2022-05-22', 950.0),
(24, '2023-05-15', 996.71),
(24, '2024-06-02', 1022.98),
(25, '2023-06-29', 961.85),
(26, '2024-04-06', 1218.4),
(26, '2025-05-11', 1245.21),
(27, '2024-08-05', 1675.79),
(28, '2023-06-26', 1648.09),
(29, '2024-01-11', 1406.66),
(29, '2025-01-27', 1528.44),
(30, '2022-04-23', 1814.65),
(30, '2023-05-05', 1966.09),
(31, '2021-01-31', 1162.8),
(31, '2022-02-06', 1218.0),
(31, '2023-03-10', 1272.4),
(32, '2024-12-03', 1689.24),
(32, '2025-11-21', 1772.62),
(33, '2024-10-07', 1155.61),
(33, '2025-10-24', 1244.31),
(34, '2023-07-08', 1490.88),
(34, '2024-07-19', 1560.66),
(34, '2025-08-08', 1642.23),
(35, '2023-04-27', 1086.81),
(36, '2021-12-25', 1046.86),
(36, '2023-01-03', 1091.85),
(37, '2021-09-16', 950.0),
(38, '2020-12-30', 950.0),
(38, '2022-01-07', 979.15),
(38, '2023-01-21', 1006.84),
(39, '2021-02-25', 1522.99),
(39, '2022-03-21', 1574.64),
(39, '2023-04-12', 1705.6),
(39, '2024-04-03', 1797.37),
(40, '2023-12-23', 1615.66),
(40, '2025-01-22', 1730.74),
(41, '2024-07-07', 1203.72),
(42, '2022-05-12', 1727.6),
(42, '2023-05-01', 1770.03),
(42, '2024-05-18', 1910.26),
(42, '2025-05-31', 2059.89),
(43, '2021-12-06', 1464.37),
(44, '2021-12-07', 1180.51),
(45, '2024-11-22', 1401.51),
(45, '2025-12-04', 1451.12),
(46, '2023-01-15', 950.0),
(46, '2024-02-19', 1030.77),
(46, '2025-03-20', 1102.59),
(47, '2022-02-21', 950.0),
(48, '2024-08-21', 950.0),
(48, '2025-09-09', 1021.45),
(49, '2021-01-06', 1500.63),
(50, '2021-04-09', 1192.53),
(50, '2022-05-13', 1303.68),
(50, '2023-05-01', 1350.74),
(50, '2024-04-22', 1425.15),
(51, '2022-02-28', 950.0),
(51, '2023-03-10', 993.75),
(51, '2024-03-26', 1054.6),
(52, '2021-10-01', 1576.71),
(52, '2022-10-14', 1721.53),
(53, '2024-09-09', 1671.06),
(53, '2025-10-10', 1824.94),
(54, '2024-03-28', 1003.1),
(54, '2025-04-11', 1029.09),
(55, '2022-12-27', 1564.7),
(56, '2023-04-12', 1132.1),
(56, '2024-04-02', 1238.61),
(57, '2024-05-03', 1298.22),
(57, '2025-04-29', 1327.51),
(58, '2022-11-02', 1858.38),
(58, '2023-12-07', 2005.22),
(58, '2024-11-21', 2188.79),
(58, '2025-11-07', 2329.75),
(59, '2022-08-20', 950.0),
(59, '2023-09-21', 1035.8),
(59, '2024-10-04', 1066.98),
(59, '2025-09-26', 1124.33),
(60, '2021-06-23', 1259.63),
(60, '2022-06-19', 1285.95),
(61, '2020-11-28', 1119.1),
(61, '2021-11-21', 1216.78),
(61, '2022-11-20', 1316.37),
(61, '2023-11-24', 1373.56),
(62, '2022-01-23', 1179.46),
(62, '2023-02-08', 1231.76),
(62, '2024-02-26', 1346.14),
(63, '2023-02-05', 1467.05),
(63, '2024-01-30', 1497.79),
(64, '2024-04-11', 1696.85),
(64, '2025-05-09', 1779.1),
(65, '2023-10-28', 1670.12),
(65, '2024-10-21', 1788.84),
(65, '2025-10-27', 1946.15),
(66, '2023-10-07', 1723.06),
(66, '2024-09-30', 1877.92),
(66, '2025-09-23', 2032.06),
(67, '2021-04-29', 1457.61),
(68, '2024-08-17', 1542.35),
(68, '2025-09-15', 1607.55),
(69, '2023-04-13', 1747.3),
(69, '2024-05-08', 1796.32),
(69, '2025-06-12', 1850.01),
(70, '2021-06-07', 1659.97),
(70, '2022-06-13', 1740.92),
(70, '2023-07-14', 1813.29),
(71, '2022-08-20', 950.0),
(71, '2023-08-08', 979.21),
(72, '2022-03-20', 1280.26),
(72, '2023-04-20', 1394.89),
(72, '2024-05-02', 1458.06),
(72, '2025-05-18', 1533.51),
(73, '2023-07-13', 950.0),
(73, '2024-08-04', 987.49),
(73, '2025-08-06', 1085.98),
(74, '2021-04-30', 1055.58),
(74, '2022-05-17', 1076.88),
(74, '2023-06-09', 1133.67),
(74, '2024-07-02', 1191.18),
(75, '2024-11-19', 952.88),
(75, '2025-12-12', 1047.8),
(76, '2021-08-06', 950.0),
(76, '2022-07-31', 999.72),
(76, '2023-08-30', 1042.73),
(77, '2021-09-18', 1445.58),
(77, '2022-09-26', 1521.11),
(78, '2022-04-09', 950.0),
(78, '2023-04-12', 1012.99),
(78, '2024-04-15', 1095.36),
(79, '2022-03-23', 1766.2),
(79, '2023-04-03', 1833.0),
(80, '2023-02-17', 1355.62),
(81, '2024-08-29', 1535.58),
(81, '2025-09-06', 1621.78),
(82, '2023-11-24', 1516.81),
(82, '2024-11-16', 1667.71),
(82, '2025-12-07', 1808.48),
(83, '2024-09-02', 1642.83),
(84, '2021-06-03', 1966.3),
(85, '2021-03-04', 1226.88),
(85, '2022-03-16', 1264.15),
(85, '2023-03-10', 1341.51),
(85, '2024-04-07', 1400.79),
(86, '2021-11-26', 1678.39),
(86, '2022-12-26', 1761.4),
(87, '2023-10-04', 1091.02),
(88, '2023-04-20', 950.0),
(88, '2024-04-17', 1006.89),
(89, '2023-12-27', 950.0),
(89, '2025-01-15', 978.42),
(90, '2023-12-01', 1248.93),
(91, '2022-02-07', 1366.41),
(91, '2023-02-22', 1398.63),
(92, '2024-01-22', 1569.22),
(93, '2024-12-18', 1800.02),
(94, '2022-06-25', 950.0),
(94, '2023-07-06', 979.66),
(94, '2024-07-19', 1026.45),
(94, '2025-07-13', 1108.6),
(95, '2021-08-05', 1601.37),
(95, '2022-09-07', 1722.91),
(96, '2022-09-28', 977.9),
(96, '2023-10-05', 1008.81),
(96, '2024-09-22', 1074.74),
(96, '2025-10-24', 1119.39),
(97, '2022-05-08', 1658.29),
(97, '2023-05-21', 1756.94),
(97, '2024-06-07', 1792.54),
(98, '2022-05-04', 950.0),
(98, '2023-05-06', 1015.84),
(98, '2024-05-01', 1074.45),
(99, '2023-05-08', 1945.4),
(99, '2024-05-02', 2135.46),
(99, '2025-04-26', 2251.9),
(100, '2024-11-17', 1449.39),
(100, '2025-11-06', 1556.67);

-- Dados para Beneficios
INSERT INTO Beneficios (ID_fun, Data_inicio, tipo, valor) VALUES
(1, '2024-09-05', 'Subsídio Transporte', 347.11),
(1, '2024-09-05', 'Seguro Saúde', 423.03),
(1, '2024-09-05', 'Carro Empresa', 91.55),
(1, '2025-09-29', 'Seguro Saúde', 111.35),
(3, '2022-07-08', 'Telemóvel Empresa', 448.62),
(3, '2022-07-08', 'Carro Empresa', 314.74),
(3, '2022-07-08', 'Seguro Saúde', 173.38),
(4, '2021-07-11', 'Subsídio Transporte', 433.01),
(4, '2021-07-11', 'Seguro Saúde', 352.07),
(4, '2021-07-11', 'Carro Empresa', 273.19),
(4, '2022-07-02', 'Subsídio Alimentação', 127.63),
(4, '2023-07-20', 'Subsídio Alimentação', 128.1),
(5, '2021-01-20', 'Carro Empresa', 340.1),
(5, '2022-01-26', 'Seguro Saúde', 52.65),
(5, '2022-01-26', 'Subsídio Alimentação', 443.95),
(5, '2023-02-09', 'Carro Empresa', 46.29),
(5, '2023-02-09', 'Telemóvel Empresa', 425.11),
(6, '2024-10-13', 'Carro Empresa', 426.75),
(6, '2024-10-13', 'Telemóvel Empresa', 396.98),
(7, '2021-01-30', 'Carro Empresa', 363.35),
(7, '2021-01-30', 'Subsídio Alimentação', 80.97),
(8, '2023-10-14', 'Telemóvel Empresa', 439.02),
(8, '2025-11-26', 'Seguro Saúde', 81.11),
(8, '2025-11-26', 'Carro Empresa', 176.92),
(10, '2024-09-04', 'Subsídio Transporte', 248.61),
(10, '2024-09-04', 'Seguro Saúde', 367.77),
(11, '2024-01-15', 'Carro Empresa', 157.74),
(11, '2024-01-15', 'Telemóvel Empresa', 85.25),
(11, '2025-01-11', 'Subsídio Alimentação', 50.11),
(11, '2025-01-11', 'Telemóvel Empresa', 342.4),
(12, '2023-06-06', 'Subsídio Alimentação', 189.6),
(12, '2023-06-06', 'Seguro Saúde', 267.28),
(13, '2023-03-07', 'Seguro Saúde', 98.06),
(13, '2023-03-07', 'Subsídio Transporte', 236.46),
(13, '2023-03-07', 'Subsídio Alimentação', 226.54),
(14, '2021-04-08', 'Telemóvel Empresa', 180.23),
(14, '2022-05-04', 'Carro Empresa', 389.81),
(14, '2022-05-04', 'Subsídio Transporte', 84.21),
(15, '2023-05-19', 'Seguro Saúde', 348.72),
(15, '2023-05-19', 'Subsídio Transporte', 342.2),
(16, '2024-03-26', 'Seguro Saúde', 89.16),
(16, '2025-04-28', 'Carro Empresa', 371.11),
(16, '2025-04-28', 'Seguro Saúde', 197.08),
(16, '2025-04-28', 'Subsídio Alimentação', 233.99),
(17, '2024-11-12', 'Subsídio Alimentação', 62.85),
(17, '2024-11-12', 'Carro Empresa', 349.41),
(17, '2024-11-12', 'Subsídio Transporte', 158.89),
(17, '2025-10-31', 'Seguro Saúde', 158.63),
(17, '2025-10-31', 'Telemóvel Empresa', 253.7),
(18, '2022-12-30', 'Seguro Saúde', 384.03),
(18, '2022-12-30', 'Telemóvel Empresa', 114.79),
(18, '2022-12-30', 'Subsídio Transporte', 117.4),
(18, '2024-01-01', 'Subsídio Transporte', 264.33),
(19, '2024-04-26', 'Subsídio Alimentação', 253.32),
(19, '2025-04-19', 'Telemóvel Empresa', 285.32),
(19, '2025-04-19', 'Carro Empresa', 270.94),
(19, '2025-04-19', 'Subsídio Transporte', 98.99),
(20, '2023-09-05', 'Subsídio Transporte', 304.97),
(20, '2023-09-05', 'Telemóvel Empresa', 260.69),
(20, '2023-09-05', 'Carro Empresa', 365.04),
(20, '2024-09-09', 'Subsídio Transporte', 138.5),
(20, '2024-09-09', 'Carro Empresa', 95.56),
(20, '2024-09-09', 'Subsídio Alimentação', 402.01),
(20, '2025-09-21', 'Carro Empresa', 179.12),
(22, '2023-11-28', 'Subsídio Transporte', 200.46),
(22, '2023-11-28', 'Seguro Saúde', 285.5),
(22, '2023-11-28', 'Subsídio Alimentação', 192.22),
(22, '2024-12-09', 'Subsídio Transporte', 376.31),
(22, '2025-12-06', 'Telemóvel Empresa', 100.17),
(22, '2025-12-06', 'Seguro Saúde', 168.78),
(22, '2025-12-06', 'Subsídio Alimentação', 349.67),
(23, '2020-12-20', 'Carro Empresa', 208.04),
(23, '2021-12-18', 'Carro Empresa', 243.87),
(23, '2021-12-18', 'Subsídio Alimentação', 153.17),
(23, '2021-12-18', 'Seguro Saúde', 355.86),
(24, '2022-05-22', 'Seguro Saúde', 65.68),
(24, '2022-05-22', 'Subsídio Alimentação', 377.4),
(24, '2022-05-22', 'Telemóvel Empresa', 76.56),
(25, '2023-06-29', 'Subsídio Alimentação', 407.3),
(25, '2023-06-29', 'Subsídio Transporte', 30.99),
(26, '2024-04-06', 'Carro Empresa', 434.27),
(26, '2024-04-06', 'Subsídio Alimentação', 258.3),
(26, '2025-05-11', 'Subsídio Transporte', 88.51),
(26, '2025-05-11', 'Seguro Saúde', 223.2),
(26, '2025-05-11', 'Telemóvel Empresa', 191.69),
(27, '2024-08-05', 'Subsídio Transporte', 50.05),
(28, '2023-06-26', 'Seguro Saúde', 348.0),
(28, '2023-06-26', 'Subsídio Alimentação', 313.69),
(28, '2023-06-26', 'Carro Empresa', 30.46),
(29, '2024-01-11', 'Seguro Saúde', 144.96),
(29, '2024-01-11', 'Subsídio Transporte', 382.61),
(29, '2025-01-27', 'Subsídio Alimentação', 252.51),
(29, '2025-01-27', 'Telemóvel Empresa', 328.54),
(29, '2025-01-27', 'Subsídio Transporte', 444.0),
(30, '2022-04-23', 'Seguro Saúde', 290.91),
(30, '2022-04-23', 'Telemóvel Empresa', 428.95),
(30, '2022-04-23', 'Subsídio Transporte', 312.57),
(30, '2023-05-05', 'Seguro Saúde', 195.89),
(30, '2023-05-05', 'Subsídio Alimentação', 185.01),
(31, '2021-01-31', 'Telemóvel Empresa', 78.7),
(31, '2021-01-31', 'Carro Empresa', 66.75),
(31, '2021-01-31', 'Subsídio Alimentação', 419.51),
(31, '2023-03-10', 'Seguro Saúde', 353.26),
(32, '2024-12-03', 'Subsídio Alimentação', 441.23),
(33, '2024-10-07', 'Seguro Saúde', 162.45),
(33, '2024-10-07', 'Subsídio Transporte', 174.65),
(33, '2025-10-24', 'Seguro Saúde', 93.34),
(33, '2025-10-24', 'Subsídio Alimentação', 120.75),
(34, '2023-07-08', 'Telemóvel Empresa', 117.26),
(34, '2023-07-08', 'Carro Empresa', 342.27),
(34, '2023-07-08', 'Seguro Saúde', 232.04),
(34, '2024-07-19', 'Subsídio Alimentação', 331.86),
(35, '2023-04-27', 'Carro Empresa', 308.6),
(35, '2023-04-27', 'Subsídio Transporte', 140.72),
(36, '2021-12-25', 'Telemóvel Empresa', 351.75),
(36, '2021-12-25', 'Seguro Saúde', 395.94),
(36, '2023-01-03', 'Subsídio Transporte', 306.71),
(37, '2021-09-16', 'Seguro Saúde', 425.93),
(37, '2021-09-16', 'Telemóvel Empresa', 173.65),
(38, '2020-12-30', 'Carro Empresa', 139.26),
(38, '2020-12-30', 'Subsídio Transporte', 280.88),
(38, '2022-01-07', 'Telemóvel Empresa', 54.39),
(38, '2022-01-07', 'Carro Empresa', 247.92),
(38, '2023-01-21', 'Telemóvel Empresa', 397.38),
(39, '2022-03-21', 'Subsídio Transporte', 79.13),
(39, '2022-03-21', 'Carro Empresa', 340.19),
(39, '2022-03-21', 'Subsídio Alimentação', 108.8),
(39, '2024-04-03', 'Telemóvel Empresa', 69.49),
(40, '2023-12-23', 'Telemóvel Empresa', 242.09),
(41, '2024-07-07', 'Subsídio Transporte', 35.43),
(41, '2024-07-07', 'Subsídio Alimentação', 75.88),
(41, '2024-07-07', 'Telemóvel Empresa', 125.83),
(42, '2022-05-12', 'Subsídio Transporte', 420.15),
(42, '2023-05-01', 'Subsídio Transporte', 145.41),
(42, '2023-05-01', 'Carro Empresa', 423.67),
(42, '2024-05-18', 'Subsídio Transporte', 385.94),
(42, '2024-05-18', 'Telemóvel Empresa', 290.92),
(42, '2024-05-18', 'Seguro Saúde', 40.46),
(42, '2025-05-31', 'Seguro Saúde', 405.34),
(42, '2025-05-31', 'Subsídio Transporte', 171.62),
(42, '2025-05-31', 'Subsídio Alimentação', 226.65),
(43, '2021-12-06', 'Carro Empresa', 369.75),
(43, '2021-12-06', 'Subsídio Alimentação', 432.27),
(44, '2021-12-07', 'Carro Empresa', 294.74),
(44, '2021-12-07', 'Seguro Saúde', 317.14),
(45, '2024-11-22', 'Subsídio Transporte', 114.58),
(45, '2024-11-22', 'Subsídio Alimentação', 406.81),
(45, '2024-11-22', 'Telemóvel Empresa', 289.64),
(45, '2025-12-04', 'Subsídio Alimentação', 374.55),
(46, '2023-01-15', 'Telemóvel Empresa', 140.6),
(46, '2023-01-15', 'Carro Empresa', 363.96),
(46, '2023-01-15', 'Subsídio Transporte', 343.25),
(46, '2024-02-19', 'Seguro Saúde', 308.36),
(46, '2025-03-20', 'Subsídio Alimentação', 153.1),
(48, '2024-08-21', 'Subsídio Transporte', 194.79),
(48, '2025-09-09', 'Subsídio Transporte', 183.15),
(49, '2021-01-06', 'Subsídio Transporte', 168.58),
(49, '2021-01-06', 'Seguro Saúde', 327.16),
(49, '2021-01-06', 'Telemóvel Empresa', 251.16),
(50, '2021-04-09', 'Telemóvel Empresa', 235.82),
(50, '2021-04-09', 'Carro Empresa', 437.09),
(50, '2022-05-13', 'Subsídio Transporte', 133.31),
(50, '2023-05-01', 'Telemóvel Empresa', 100.35),
(50, '2024-04-22', 'Telemóvel Empresa', 223.21),
(51, '2023-03-10', 'Seguro Saúde', 392.2),
(51, '2023-03-10', 'Carro Empresa', 262.18),
(51, '2023-03-10', 'Telemóvel Empresa', 78.38),
(51, '2024-03-26', 'Telemóvel Empresa', 342.73),
(51, '2024-03-26', 'Carro Empresa', 377.72),
(51, '2024-03-26', 'Subsídio Transporte', 432.21),
(52, '2021-10-01', 'Telemóvel Empresa', 148.4),
(52, '2022-10-14', 'Telemóvel Empresa', 295.37),
(52, '2022-10-14', 'Subsídio Transporte', 375.5),
(52, '2022-10-14', 'Subsídio Alimentação', 206.9),
(53, '2024-09-09', 'Seguro Saúde', 237.98),
(54, '2024-03-28', 'Subsídio Transporte', 247.41),
(54, '2024-03-28', 'Telemóvel Empresa', 167.29),
(56, '2023-04-12', 'Carro Empresa', 421.53),
(56, '2023-04-12', 'Subsídio Alimentação', 280.49),
(56, '2024-04-02', 'Telemóvel Empresa', 256.69),
(56, '2024-04-02', 'Subsídio Transporte', 68.81),
(56, '2024-04-02', 'Carro Empresa', 297.71),
(57, '2024-05-03', 'Subsídio Transporte', 195.92),
(57, '2025-04-29', 'Subsídio Transporte', 298.75),
(57, '2025-04-29', 'Carro Empresa', 385.53),
(58, '2024-11-21', 'Seguro Saúde', 382.95),
(58, '2024-11-21', 'Subsídio Transporte', 355.97),
(58, '2024-11-21', 'Subsídio Alimentação', 327.73),
(58, '2025-11-07', 'Subsídio Transporte', 407.23),
(58, '2025-11-07', 'Carro Empresa', 147.07),
(58, '2025-11-07', 'Subsídio Alimentação', 66.45),
(59, '2022-08-20', 'Subsídio Alimentação', 298.46),
(59, '2022-08-20', 'Carro Empresa', 412.02),
(59, '2022-08-20', 'Seguro Saúde', 180.53),
(59, '2025-09-26', 'Subsídio Transporte', 75.52),
(60, '2022-06-19', 'Subsídio Transporte', 317.92),
(61, '2020-11-28', 'Subsídio Transporte', 56.51),
(61, '2020-11-28', 'Subsídio Alimentação', 356.09),
(61, '2022-11-20', 'Telemóvel Empresa', 336.86),
(61, '2022-11-20', 'Subsídio Transporte', 299.54),
(61, '2023-11-24', 'Telemóvel Empresa', 397.88),
(61, '2023-11-24', 'Carro Empresa', 60.15),
(62, '2022-01-23', 'Carro Empresa', 31.36),
(62, '2022-01-23', 'Subsídio Transporte', 434.84),
(62, '2023-02-08', 'Subsídio Transporte', 429.24),
(62, '2024-02-26', 'Subsídio Transporte', 254.45),
(62, '2024-02-26', 'Subsídio Alimentação', 253.17),
(62, '2024-02-26', 'Seguro Saúde', 324.3),
(63, '2023-02-05', 'Subsídio Transporte', 385.73),
(63, '2023-02-05', 'Seguro Saúde', 398.61),
(63, '2024-01-30', 'Subsídio Alimentação', 72.21),
(63, '2024-01-30', 'Subsídio Transporte', 298.93),
(63, '2024-01-30', 'Telemóvel Empresa', 232.45),
(64, '2024-04-11', 'Seguro Saúde', 346.78),
(64, '2024-04-11', 'Subsídio Alimentação', 224.38),
(64, '2024-04-11', 'Carro Empresa', 86.56),
(64, '2025-05-09', 'Seguro Saúde', 296.7),
(65, '2023-10-28', 'Subsídio Transporte', 429.53),
(65, '2024-10-21', 'Seguro Saúde', 367.71),
(65, '2024-10-21', 'Telemóvel Empresa', 367.38),
(65, '2025-10-27', 'Subsídio Transporte', 35.93),
(66, '2023-10-07', 'Telemóvel Empresa', 208.11),
(66, '2024-09-30', 'Subsídio Transporte', 385.52),
(66, '2024-09-30', 'Seguro Saúde', 155.78),
(66, '2024-09-30', 'Subsídio Alimentação', 379.92),
(67, '2021-04-29', 'Seguro Saúde', 247.75),
(67, '2021-04-29', 'Telemóvel Empresa', 288.92),
(67, '2021-04-29', 'Subsídio Alimentação', 303.28),
(68, '2024-08-17', 'Carro Empresa', 217.11),
(68, '2025-09-15', 'Subsídio Transporte', 427.89),
(68, '2025-09-15', 'Carro Empresa', 324.47),
(68, '2025-09-15', 'Telemóvel Empresa', 364.46),
(69, '2025-06-12', 'Subsídio Transporte', 185.01),
(69, '2025-06-12', 'Seguro Saúde', 253.04),
(70, '2021-06-07', 'Seguro Saúde', 447.25),
(70, '2022-06-13', 'Subsídio Alimentação', 208.75),
(70, '2022-06-13', 'Carro Empresa', 264.68),
(70, '2023-07-14', 'Seguro Saúde', 241.13),
(70, '2023-07-14', 'Subsídio Transporte', 356.44),
(70, '2023-07-14', 'Carro Empresa', 320.49),
(71, '2022-08-20', 'Carro Empresa', 135.23),
(71, '2022-08-20', 'Telemóvel Empresa', 174.84),
(71, '2022-08-20', 'Subsídio Transporte', 254.11),
(71, '2023-08-08', 'Seguro Saúde', 291.09),
(72, '2022-03-20', 'Seguro Saúde', 247.74),
(72, '2022-03-20', 'Telemóvel Empresa', 244.5),
(72, '2023-04-20', 'Carro Empresa', 131.95),
(72, '2023-04-20', 'Seguro Saúde', 235.75),
(72, '2023-04-20', 'Telemóvel Empresa', 50.56),
(73, '2023-07-13', 'Seguro Saúde', 69.6),
(73, '2023-07-13', 'Carro Empresa', 436.15),
(73, '2023-07-13', 'Subsídio Alimentação', 322.16),
(73, '2024-08-04', 'Subsídio Alimentação', 200.93),
(73, '2024-08-04', 'Subsídio Transporte', 89.79),
(73, '2024-08-04', 'Seguro Saúde', 175.12),
(74, '2021-04-30', 'Carro Empresa', 39.11),
(74, '2021-04-30', 'Telemóvel Empresa', 242.25),
(74, '2021-04-30', 'Subsídio Alimentação', 150.77),
(74, '2022-05-17', 'Subsídio Transporte', 153.0),
(74, '2022-05-17', 'Telemóvel Empresa', 258.46),
(74, '2024-07-02', 'Carro Empresa', 90.39),
(75, '2024-11-19', 'Carro Empresa', 400.61),
(75, '2025-12-12', 'Carro Empresa', 114.05),
(75, '2025-12-12', 'Seguro Saúde', 394.61),
(76, '2021-08-06', 'Subsídio Alimentação', 392.54),
(76, '2022-07-31', 'Subsídio Transporte', 75.08),
(76, '2023-08-30', 'Carro Empresa', 324.58),
(76, '2023-08-30', 'Subsídio Alimentação', 348.77),
(76, '2023-08-30', 'Seguro Saúde', 185.22),
(77, '2022-09-26', 'Seguro Saúde', 72.91),
(77, '2022-09-26', 'Subsídio Transporte', 184.52),
(77, '2022-09-26', 'Telemóvel Empresa', 101.71),
(78, '2024-04-15', 'Carro Empresa', 286.7),
(78, '2024-04-15', 'Seguro Saúde', 355.14),
(79, '2022-03-23', 'Subsídio Transporte', 409.1),
(79, '2022-03-23', 'Telemóvel Empresa', 272.35),
(79, '2022-03-23', 'Carro Empresa', 267.51),
(79, '2023-04-03', 'Subsídio Transporte', 94.75),
(79, '2023-04-03', 'Seguro Saúde', 287.72),
(80, '2023-02-17', 'Subsídio Transporte', 209.02),
(80, '2023-02-17', 'Telemóvel Empresa', 353.9),
(80, '2023-02-17', 'Carro Empresa', 204.86),
(81, '2024-08-29', 'Subsídio Transporte', 226.8),
(81, '2024-08-29', 'Telemóvel Empresa', 86.13),
(81, '2025-09-06', 'Subsídio Alimentação', 71.85),
(82, '2023-11-24', 'Subsídio Transporte', 67.84),
(82, '2024-11-16', 'Telemóvel Empresa', 319.21),
(82, '2025-12-07', 'Telemóvel Empresa', 387.07),
(83, '2024-09-02', 'Seguro Saúde', 202.2),
(83, '2024-09-02', 'Telemóvel Empresa', 146.12),
(83, '2024-09-02', 'Subsídio Transporte', 279.77),
(84, '2021-06-03', 'Subsídio Alimentação', 161.56),
(84, '2021-06-03', 'Telemóvel Empresa', 174.03),
(85, '2021-03-04', 'Telemóvel Empresa', 218.32),
(85, '2021-03-04', 'Seguro Saúde', 392.44),
(85, '2021-03-04', 'Carro Empresa', 272.58),
(85, '2022-03-16', 'Subsídio Alimentação', 62.34),
(85, '2022-03-16', 'Telemóvel Empresa', 208.73),
(85, '2023-03-10', 'Subsídio Alimentação', 317.79),
(85, '2024-04-07', 'Seguro Saúde', 423.83),
(86, '2021-11-26', 'Subsídio Transporte', 374.85),
(86, '2021-11-26', 'Subsídio Alimentação', 138.84),
(86, '2022-12-26', 'Subsídio Alimentação', 390.38),
(86, '2022-12-26', 'Seguro Saúde', 99.02),
(87, '2023-10-04', 'Seguro Saúde', 82.3),
(88, '2023-04-20', 'Carro Empresa', 336.61),
(88, '2023-04-20', 'Subsídio Transporte', 353.79),
(88, '2024-04-17', 'Seguro Saúde', 420.63),
(89, '2023-12-27', 'Carro Empresa', 363.85),
(89, '2023-12-27', 'Seguro Saúde', 43.33),
(89, '2023-12-27', 'Subsídio Transporte', 382.08),
(91, '2022-02-07', 'Subsídio Transporte', 371.89),
(91, '2022-02-07', 'Telemóvel Empresa', 154.97),
(92, '2024-01-22', 'Telemóvel Empresa', 427.94),
(92, '2024-01-22', 'Subsídio Transporte', 141.57),
(94, '2022-06-25', 'Telemóvel Empresa', 228.85),
(94, '2022-06-25', 'Subsídio Alimentação', 98.75),
(94, '2022-06-25', 'Seguro Saúde', 186.17),
(94, '2023-07-06', 'Seguro Saúde', 54.59),
(94, '2023-07-06', 'Subsídio Alimentação', 74.38),
(94, '2023-07-06', 'Telemóvel Empresa', 133.82),
(94, '2024-07-19', 'Subsídio Transporte', 248.4),
(95, '2021-08-05', 'Subsídio Transporte', 296.94),
(95, '2021-08-05', 'Carro Empresa', 247.32),
(95, '2022-09-07', 'Subsídio Alimentação', 86.54),
(96, '2022-09-28', 'Subsídio Transporte', 47.46),
(96, '2022-09-28', 'Telemóvel Empresa', 94.41),
(96, '2022-09-28', 'Carro Empresa', 283.58),
(96, '2023-10-05', 'Seguro Saúde', 405.49),
(96, '2024-09-22', 'Subsídio Transporte', 423.91),
(96, '2025-10-24', 'Subsídio Alimentação', 48.87),
(97, '2022-05-08', 'Subsídio Alimentação', 326.64),
(97, '2023-05-21', 'Telemóvel Empresa', 157.02),
(97, '2024-06-07', 'Subsídio Alimentação', 389.99),
(98, '2022-05-04', 'Carro Empresa', 162.1),
(98, '2023-05-06', 'Telemóvel Empresa', 282.56),
(98, '2024-05-01', 'Subsídio Transporte', 267.58),
(98, '2024-05-01', 'Telemóvel Empresa', 147.11),
(98, '2024-05-01', 'Carro Empresa', 192.02),
(99, '2023-05-08', 'Telemóvel Empresa', 51.02),
(99, '2025-04-26', 'Telemóvel Empresa', 435.94),
(100, '2024-11-17', 'Telemóvel Empresa', 191.59),
(100, '2024-11-17', 'Subsídio Alimentação', 341.81),
(100, '2024-11-17', 'Seguro Saúde', 429.16),
(100, '2025-11-06', 'Carro Empresa', 153.86),
(100, '2025-11-06', 'Subsídio Alimentação', 212.52),
(100, '2025-11-06', 'Subsídio Transporte', 318.67);

-- Dados para Ferias
INSERT INTO Ferias (ID_fun, data_inicio, data_fim, num_dias, estado_aprov) VALUES
(1, '2025-10-22', '2025-10-29', 7, 'Aprovado'),
(2, '2024-07-05', '2024-07-10', 5, 'Rejeitado'),
(2, '2025-10-15', '2025-10-21', 6, 'Aprovado'),
(3, '2025-05-21', '2025-05-28', 7, 'Por aprovar'),
(3, '2023-07-03', '2023-07-17', 14, 'Aprovado'),
(3, '2023-11-07', '2023-11-14', 7, 'Por aprovar'),
(4, '2023-12-17', '2023-12-25', 8, 'Aprovado'),
(5, '2025-02-14', '2025-02-19', 5, 'Aprovado'),
(5, '2023-06-06', '2023-06-19', 13, 'Aprovado'),
(5, '2025-07-12', '2025-07-25', 13, 'Aprovado'),
(6, '2024-05-20', '2024-06-02', 13, 'Aprovado'),
(8, '2025-06-11', '2025-06-19', 8, 'Por aprovar'),
(8, '2023-10-05', '2023-10-09', 4, 'Aprovado'),
(8, '2024-07-29', '2024-08-01', 3, 'Aprovado'),
(8, '2025-08-20', '2025-08-25', 5, 'Aprovado'),
(9, '2025-03-26', '2025-04-06', 11, 'Por aprovar'),
(10, '2025-05-24', '2025-06-01', 8, 'Aprovado'),
(10, '2025-06-24', '2025-06-30', 6, 'Aprovado'),
(10, '2023-07-03', '2023-07-09', 6, 'Aprovado'),
(10, '2024-11-06', '2024-11-14', 8, 'Aprovado'),
(11, '2023-11-19', '2023-11-30', 11, 'Aprovado'),
(11, '2024-10-01', '2024-10-13', 12, 'Aprovado'),
(12, '2024-01-13', '2024-01-28', 15, 'Aprovado'),
(13, '2024-08-12', '2024-08-22', 10, 'Aprovado'),
(13, '2023-09-13', '2023-09-24', 11, 'Aprovado'),
(13, '2023-01-26', '2023-02-08', 13, 'Aprovado'),
(13, '2025-10-14', '2025-10-27', 13, 'Por aprovar'),
(14, '2023-08-10', '2023-08-23', 13, 'Por aprovar'),
(15, '2025-06-16', '2025-06-23', 7, 'Aprovado'),
(15, '2024-12-21', '2025-01-01', 11, 'Rejeitado'),
(15, '2024-12-15', '2024-12-21', 6, 'Aprovado'),
(16, '2023-12-20', '2023-12-27', 7, 'Aprovado'),
(17, '2024-11-30', '2024-12-03', 3, 'Por aprovar'),
(17, '2022-12-11', '2022-12-21', 10, 'Aprovado'),
(17, '2023-05-16', '2023-05-29', 13, 'Aprovado'),
(17, '2025-03-23', '2025-03-31', 8, 'Aprovado'),
(18, '2023-11-14', '2023-11-17', 3, 'Rejeitado'),
(18, '2025-03-27', '2025-04-03', 7, 'Aprovado'),
(18, '2024-08-03', '2024-08-09', 6, 'Aprovado'),
(18, '2023-06-03', '2023-06-16', 13, 'Aprovado'),
(19, '2025-03-24', '2025-03-28', 4, 'Por aprovar'),
(19, '2023-08-23', '2023-09-03', 11, 'Aprovado'),
(19, '2025-06-07', '2025-06-18', 11, 'Rejeitado'),
(20, '2023-02-25', '2023-03-05', 8, 'Aprovado'),
(20, '2025-06-27', '2025-07-06', 9, 'Aprovado'),
(20, '2024-08-04', '2024-08-10', 6, 'Aprovado'),
(20, '2024-09-03', '2024-09-13', 10, 'Aprovado'),
(21, '2023-02-12', '2023-02-22', 10, 'Por aprovar'),
(22, '2023-08-22', '2023-09-03', 12, 'Aprovado'),
(23, '2024-04-25', '2024-05-02', 7, 'Rejeitado'),
(23, '2023-10-01', '2023-10-07', 6, 'Aprovado'),
(23, '2024-10-15', '2024-10-27', 12, 'Aprovado'),
(24, '2022-12-23', '2022-12-30', 7, 'Rejeitado'),
(24, '2024-11-13', '2024-11-24', 11, 'Por aprovar'),
(24, '2024-02-03', '2024-02-10', 7, 'Por aprovar'),
(24, '2023-12-27', '2024-01-02', 6, 'Rejeitado'),
(25, '2023-04-13', '2023-04-26', 13, 'Aprovado'),
(25, '2025-04-11', '2025-04-13', 2, 'Aprovado'),
(27, '2023-04-27', '2023-05-04', 7, 'Aprovado'),
(27, '2024-01-23', '2024-01-29', 6, 'Aprovado'),
(27, '2023-09-12', '2023-09-26', 14, 'Aprovado'),
(27, '2024-03-03', '2024-03-07', 4, 'Aprovado'),
(28, '2024-12-14', '2024-12-20', 6, 'Aprovado'),
(28, '2023-08-29', '2023-09-01', 3, 'Aprovado'),
(28, '2023-01-17', '2023-01-20', 3, 'Aprovado'),
(28, '2024-01-04', '2024-01-06', 2, 'Aprovado'),
(29, '2023-03-08', '2023-03-10', 2, 'Aprovado'),
(30, '2025-04-23', '2025-05-01', 8, 'Aprovado'),
(30, '2023-04-25', '2023-05-08', 13, 'Aprovado'),
(30, '2024-12-02', '2024-12-04', 2, 'Por aprovar'),
(30, '2023-08-25', '2023-08-27', 2, 'Aprovado'),
(31, '2023-07-08', '2023-07-16', 8, 'Rejeitado'),
(32, '2023-09-04', '2023-09-19', 15, 'Aprovado'),
(32, '2024-02-15', '2024-02-27', 12, 'Por aprovar'),
(32, '2025-04-19', '2025-04-24', 5, 'Aprovado'),
(33, '2024-06-19', '2024-06-27', 8, 'Aprovado'),
(33, '2025-09-17', '2025-10-01', 14, 'Por aprovar'),
(33, '2025-08-06', '2025-08-12', 6, 'Rejeitado'),
(33, '2024-07-08', '2024-07-20', 12, 'Aprovado'),
(34, '2023-11-06', '2023-11-11', 5, 'Aprovado'),
(34, '2024-03-11', '2024-03-25', 14, 'Aprovado'),
(35, '2024-04-08', '2024-04-22', 14, 'Rejeitado'),
(35, '2023-02-01', '2023-02-12', 11, 'Rejeitado'),
(35, '2023-05-21', '2023-05-30', 9, 'Aprovado'),
(35, '2025-05-04', '2025-05-06', 2, 'Por aprovar'),
(36, '2024-12-23', '2024-12-29', 6, 'Rejeitado'),
(36, '2024-01-28', '2024-01-31', 3, 'Aprovado'),
(37, '2023-12-31', '2024-01-04', 4, 'Rejeitado'),
(37, '2025-03-30', '2025-04-08', 9, 'Aprovado'),
(37, '2025-08-16', '2025-08-20', 4, 'Aprovado'),
(37, '2023-10-03', '2023-10-09', 6, 'Aprovado'),
(38, '2025-05-20', '2025-06-03', 14, 'Aprovado'),
(38, '2023-12-17', '2023-12-30', 13, 'Aprovado'),
(39, '2023-11-22', '2023-12-01', 9, 'Aprovado'),
(39, '2024-11-06', '2024-11-08', 2, 'Aprovado'),
(39, '2025-08-31', '2025-09-05', 5, 'Por aprovar'),
(39, '2023-10-25', '2023-11-06', 12, 'Aprovado'),
(40, '2025-09-10', '2025-09-14', 4, 'Aprovado'),
(40, '2025-10-07', '2025-10-10', 3, 'Aprovado'),
(41, '2025-08-26', '2025-08-30', 4, 'Aprovado'),
(42, '2025-04-25', '2025-05-10', 15, 'Aprovado'),
(42, '2025-07-23', '2025-08-01', 9, 'Aprovado'),
(43, '2024-12-19', '2025-01-02', 14, 'Por aprovar'),
(43, '2024-01-10', '2024-01-12', 2, 'Aprovado'),
(43, '2025-10-27', '2025-11-09', 13, 'Aprovado'),
(43, '2022-11-17', '2022-12-02', 15, 'Aprovado'),
(45, '2023-01-22', '2023-02-05', 14, 'Por aprovar'),
(45, '2023-12-25', '2024-01-04', 10, 'Aprovado'),
(45, '2024-03-07', '2024-03-21', 14, 'Aprovado'),
(46, '2025-09-06', '2025-09-12', 6, 'Aprovado'),
(46, '2023-07-23', '2023-08-06', 14, 'Aprovado'),
(47, '2024-12-02', '2024-12-17', 15, 'Aprovado'),
(48, '2025-02-11', '2025-02-18', 7, 'Aprovado'),
(49, '2025-09-26', '2025-09-29', 3, 'Aprovado'),
(49, '2023-04-09', '2023-04-17', 8, 'Aprovado'),
(49, '2024-09-11', '2024-09-21', 10, 'Rejeitado'),
(50, '2025-08-31', '2025-09-02', 2, 'Aprovado'),
(50, '2025-10-03', '2025-10-06', 3, 'Por aprovar'),
(51, '2024-06-27', '2024-07-03', 6, 'Por aprovar'),
(51, '2025-02-08', '2025-02-17', 9, 'Por aprovar'),
(52, '2025-07-19', '2025-07-24', 5, 'Aprovado'),
(52, '2024-08-19', '2024-08-27', 8, 'Aprovado'),
(53, '2024-03-15', '2024-03-19', 4, 'Aprovado'),
(53, '2025-04-01', '2025-04-12', 11, 'Rejeitado'),
(53, '2025-03-31', '2025-04-06', 6, 'Aprovado'),
(54, '2022-12-31', '2023-01-15', 15, 'Aprovado'),
(54, '2023-01-05', '2023-01-07', 2, 'Aprovado'),
(54, '2024-08-04', '2024-08-17', 13, 'Aprovado'),
(55, '2024-10-16', '2024-10-19', 3, 'Por aprovar'),
(55, '2025-09-28', '2025-10-13', 15, 'Aprovado'),
(55, '2023-10-02', '2023-10-06', 4, 'Rejeitado'),
(56, '2023-04-13', '2023-04-24', 11, 'Aprovado'),
(57, '2023-06-18', '2023-06-27', 9, 'Por aprovar'),
(57, '2025-05-29', '2025-06-03', 5, 'Aprovado'),
(58, '2023-09-15', '2023-09-19', 4, 'Aprovado'),
(58, '2025-01-08', '2025-01-22', 14, 'Aprovado'),
(59, '2023-04-24', '2023-05-02', 8, 'Rejeitado'),
(59, '2024-07-10', '2024-07-19', 9, 'Aprovado'),
(59, '2025-05-30', '2025-06-08', 9, 'Aprovado'),
(59, '2025-05-20', '2025-05-28', 8, 'Aprovado'),
(60, '2024-10-15', '2024-10-23', 8, 'Rejeitado'),
(61, '2023-08-13', '2023-08-26', 13, 'Por aprovar'),
(61, '2025-08-03', '2025-08-14', 11, 'Aprovado'),
(61, '2025-09-04', '2025-09-08', 4, 'Rejeitado'),
(62, '2023-10-10', '2023-10-21', 11, 'Aprovado'),
(62, '2023-10-09', '2023-10-16', 7, 'Aprovado'),
(62, '2025-07-30', '2025-08-04', 5, 'Aprovado'),
(63, '2024-10-04', '2024-10-14', 10, 'Aprovado'),
(64, '2024-02-11', '2024-02-15', 4, 'Aprovado'),
(64, '2023-01-08', '2023-01-21', 13, 'Aprovado'),
(64, '2024-01-30', '2024-02-03', 4, 'Aprovado'),
(65, '2023-12-04', '2023-12-17', 13, 'Por aprovar'),
(65, '2024-04-06', '2024-04-08', 2, 'Por aprovar'),
(65, '2024-05-28', '2024-06-03', 6, 'Aprovado'),
(65, '2024-01-08', '2024-01-19', 11, 'Rejeitado'),
(66, '2023-05-07', '2023-05-21', 14, 'Aprovado'),
(66, '2023-01-11', '2023-01-22', 11, 'Aprovado'),
(66, '2024-02-19', '2024-02-26', 7, 'Rejeitado'),
(66, '2023-08-15', '2023-08-19', 4, 'Aprovado'),
(67, '2023-01-30', '2023-02-08', 9, 'Aprovado'),
(67, '2022-11-26', '2022-12-01', 5, 'Aprovado'),
(67, '2023-05-23', '2023-05-30', 7, 'Aprovado'),
(67, '2024-05-05', '2024-05-13', 8, 'Aprovado'),
(68, '2025-02-02', '2025-02-06', 4, 'Aprovado'),
(68, '2024-05-25', '2024-05-30', 5, 'Aprovado'),
(68, '2023-09-12', '2023-09-27', 15, 'Aprovado'),
(68, '2022-12-25', '2023-01-07', 13, 'Aprovado'),
(69, '2025-02-03', '2025-02-18', 15, 'Aprovado'),
(69, '2023-10-30', '2023-11-03', 4, 'Aprovado'),
(69, '2024-01-09', '2024-01-12', 3, 'Aprovado'),
(69, '2025-01-25', '2025-01-30', 5, 'Aprovado'),
(70, '2022-12-05', '2022-12-20', 15, 'Aprovado'),
(70, '2025-09-13', '2025-09-26', 13, 'Aprovado'),
(70, '2025-05-01', '2025-05-07', 6, 'Rejeitado'),
(70, '2024-11-26', '2024-12-03', 7, 'Aprovado'),
(71, '2023-04-12', '2023-04-24', 12, 'Por aprovar'),
(72, '2024-06-18', '2024-06-26', 8, 'Rejeitado'),
(73, '2022-12-04', '2022-12-12', 8, 'Rejeitado'),
(73, '2025-10-06', '2025-10-09', 3, 'Rejeitado'),
(73, '2025-02-12', '2025-02-14', 2, 'Aprovado'),
(75, '2024-12-09', '2024-12-13', 4, 'Aprovado'),
(75, '2023-11-04', '2023-11-18', 14, 'Aprovado'),
(78, '2025-06-22', '2025-07-05', 13, 'Aprovado'),
(79, '2024-12-14', '2024-12-24', 10, 'Por aprovar'),
(79, '2024-03-29', '2024-04-07', 9, 'Rejeitado'),
(80, '2024-03-13', '2024-03-27', 14, 'Por aprovar'),
(81, '2023-01-23', '2023-02-03', 11, 'Aprovado'),
(82, '2024-08-14', '2024-08-20', 6, 'Aprovado'),
(83, '2023-12-05', '2023-12-15', 10, 'Por aprovar'),
(83, '2024-01-27', '2024-02-02', 6, 'Aprovado'),
(83, '2024-03-29', '2024-04-13', 15, 'Aprovado'),
(85, '2025-10-16', '2025-10-18', 2, 'Rejeitado'),
(85, '2024-03-01', '2024-03-07', 6, 'Por aprovar'),
(86, '2023-03-06', '2023-03-15', 9, 'Aprovado'),
(87, '2025-04-14', '2025-04-24', 10, 'Rejeitado'),
(87, '2025-09-28', '2025-10-10', 12, 'Aprovado'),
(88, '2023-09-10', '2023-09-20', 10, 'Aprovado'),
(88, '2025-04-28', '2025-05-04', 6, 'Aprovado'),
(88, '2025-07-15', '2025-07-17', 2, 'Por aprovar'),
(88, '2023-10-03', '2023-10-05', 2, 'Aprovado'),
(89, '2025-10-08', '2025-10-16', 8, 'Aprovado'),
(89, '2025-08-15', '2025-08-17', 2, 'Aprovado'),
(89, '2024-04-28', '2024-05-09', 11, 'Aprovado'),
(90, '2024-03-13', '2024-03-24', 11, 'Rejeitado'),
(90, '2025-09-03', '2025-09-13', 10, 'Por aprovar'),
(92, '2024-06-08', '2024-06-17', 9, 'Aprovado'),
(93, '2023-01-08', '2023-01-16', 8, 'Aprovado'),
(94, '2023-07-04', '2023-07-08', 4, 'Aprovado'),
(94, '2024-11-19', '2024-12-04', 15, 'Aprovado'),
(95, '2024-05-11', '2024-05-22', 11, 'Aprovado'),
(96, '2025-08-07', '2025-08-20', 13, 'Aprovado'),
(96, '2024-02-04', '2024-02-16', 12, 'Aprovado'),
(96, '2024-09-24', '2024-10-01', 7, 'Rejeitado'),
(96, '2023-11-23', '2023-11-28', 5, 'Aprovado'),
(97, '2025-04-06', '2025-04-18', 12, 'Aprovado'),
(97, '2024-04-16', '2024-04-26', 10, 'Rejeitado'),
(97, '2024-04-28', '2024-05-12', 14, 'Rejeitado'),
(97, '2024-09-11', '2024-09-21', 10, 'Por aprovar'),
(98, '2023-07-24', '2023-07-27', 3, 'Aprovado'),
(98, '2024-07-25', '2024-08-05', 11, 'Aprovado'),
(98, '2024-01-07', '2024-01-22', 15, 'Rejeitado'),
(99, '2023-04-02', '2023-04-09', 7, 'Aprovado'),
(100, '2023-07-12', '2023-07-26', 14, 'Aprovado'),
(100, '2024-01-16', '2024-01-18', 2, 'Por aprovar'),
(100, '2024-12-29', '2025-01-02', 4, 'Aprovado');

-- Dados para Dependentes
INSERT INTO Dependentes (ID_Fun, nome, sexo, data_nascimento, parentesco) VALUES
(3, 'Duarte Gomes', 'Masculino', '1971-08-18', 'Pai/Mãe'),
(7, 'Caetana Branco', 'Masculino', '1954-04-03', 'Pai/Mãe'),
(9, 'Duarte Oliveira', 'Masculino', '1940-09-08', 'Pai/Mãe'),
(12, 'José Monteiro', 'Feminino', '1945-06-07', 'Pai/Mãe'),
(14, 'Mia Batista', 'Feminino', '1933-07-03', 'Pai/Mãe'),
(22, 'Fabiana da Faria', 'Feminino', '1941-04-19', 'Pai/Mãe'),
(25, 'Erica Mendes', 'Outro', '1960-02-14', 'Pai/Mãe'),
(29, 'José do Baptista', 'Masculino', '1942-10-08', 'Pai/Mãe'),
(31, 'Miguel do Soares', 'Masculino', '1965-09-17', 'Pai/Mãe'),
(40, 'Gabriel Amaral', 'Feminino', '1937-12-14', 'Pai/Mãe'),
(42, 'Catarina Barbosa', 'Feminino', '1930-04-27', 'Pai/Mãe'),
(46, 'Amélia-Luana Pinto', 'Outro', '1961-01-18', 'Pai/Mãe'),
(47, 'Mafalda Soares', 'Feminino', '1965-05-23', 'Pai/Mãe'),
(48, 'Laura Pereira', 'Masculino', '1967-10-12', 'Pai/Mãe'),
(54, 'Mariana Henriques', 'Feminino', '1942-10-09', 'Pai/Mãe'),
(57, 'Francisca Azevedo', 'Masculino', '1947-02-02', 'Pai/Mãe'),
(58, 'Ivo Nogueira', 'Masculino', '1966-12-15', 'Pai/Mãe'),
(61, 'Luca Araújo', 'Outro', '1932-09-01', 'Pai/Mãe'),
(73, 'Ariana Ramos', 'Feminino', '1969-04-26', 'Pai/Mãe'),
(76, 'Frederico Ribeiro', 'Feminino', '1968-06-01', 'Pai/Mãe'),
(80, 'Yasmin Pinho', 'Feminino', '1937-07-22', 'Pai/Mãe'),
(83, 'Gil Marques', 'Masculino', '1927-02-16', 'Pai/Mãe'),
(85, 'Luna Antunes', 'Masculino', '1929-05-25', 'Pai/Mãe'),
(87, 'Iara Teixeira', 'Masculino', '1962-07-17', 'Pai/Mãe'),
(89, 'Petra Maia', 'Outro', '1965-11-29', 'Pai/Mãe'),
(91, 'Soraia Neves', 'Outro', '1975-06-14', 'Pai/Mãe'),
(94, 'Eduarda do Freitas', 'Masculino', '1984-02-09', 'Pai/Mãe'),
(95, 'Francisco Rocha', 'Outro', '1930-07-06', 'Pai/Mãe'),
(1, 'Manuel do Carvalho', 'Outro', '1973-11-27', 'Enteado(a)'),
(2, 'Constança da Cunha', 'Feminino', '2025-04-02', 'Cônjuge'),
(3, 'Kelly Reis', 'Outro', '1997-06-01', 'Filho(a)'),
(4, 'Lia Reis', 'Outro', '2023-02-13', 'Filho(a)'),
(4, 'Leonor Vaz', 'Outro', '2018-01-31', 'Filho(a)'),
(4, 'Edgar Oliveira', 'Outro', '2012-05-31', 'Filho(a)'),
(4, 'Soraia Sá', 'Outro', '1994-09-06', 'Cônjuge'),
(7, 'Andreia Pinho', 'Masculino', '1990-06-06', 'Cônjuge'),
(8, 'Débora Maia', 'Outro', '2013-09-30', 'Filho(a)'),
(9, 'Matias Martins', 'Masculino', '1968-01-04', 'Enteado(a)'),
(9, 'Dinis Sá', 'Masculino', '2006-12-20', 'Cônjuge'),
(12, 'Carlota Almeida-Vicente', 'Outro', '2005-09-01', 'Filho(a)'),
(12, 'Letícia Morais-Castro', 'Feminino', '1993-07-31', 'Filho(a)'),
(14, 'Luciana Costa', 'Feminino', '1952-07-30', 'Enteado(a)'),
(17, 'Maria Gomes', 'Feminino', '2012-01-23', 'Filho(a)'),
(17, 'Constança Neves-Magalhães', 'Feminino', '1997-01-24', 'Cônjuge'),
(18, 'Isabel Alves', 'Feminino', '1975-04-16', 'Enteado(a)'),
(18, 'Marcos Nogueira', 'Outro', '1985-07-05', 'Filho(a)'),
(19, 'Naiara Amaral', 'Feminino', '1998-08-09', 'Enteado(a)'),
(19, 'Sara Marques', 'Feminino', '2006-08-26', 'Filho(a)'),
(20, 'Denis Nunes', 'Outro', '1992-02-05', 'Filho(a)'),
(20, 'Violeta Pacheco-Campos', 'Feminino', '2013-03-01', 'Filho(a)'),
(20, 'Larissa Domingues', 'Feminino', '1994-12-22', 'Filho(a)'),
(22, 'Alice Soares', 'Masculino', '2015-07-09', 'Filho(a)'),
(23, 'Ângelo Batista', 'Outro', '1966-02-21', 'Filho(a)'),
(23, 'Lourenço Leal', 'Masculino', '2018-05-20', 'Filho(a)'),
(23, 'Iara Soares', 'Outro', '1981-06-04', 'Cônjuge'),
(23, 'Rodrigo Oliveira', 'Outro', '1955-02-20', 'Cônjuge'),
(25, 'Tatiana de Machado', 'Masculino', '2009-04-09', 'Enteado(a)'),
(25, 'Bianca de Fernandes', 'Outro', '1987-11-20', 'Filho(a)'),
(26, 'Eva de Nascimento', 'Outro', '2003-02-14', 'Filho(a)'),
(26, 'Micael Figueiredo', 'Outro', '2023-04-03', 'Filho(a)'),
(26, 'Hugo Araújo', 'Feminino', '2002-05-06', 'Filho(a)'),
(29, 'Violeta Barros', 'Outro', '1993-07-01', 'Cônjuge'),
(31, 'Renata Pinto', 'Masculino', '1945-11-27', 'Enteado(a)'),
(31, 'Ana Ramos-Vieira', 'Feminino', '2019-07-05', 'Filho(a)'),
(31, 'Diana Ferreira', 'Feminino', '1965-06-18', 'Cônjuge'),
(34, 'Francisco de Soares', 'Masculino', '2008-02-06', 'Filho(a)'),
(34, 'Luísa Brito-Antunes', 'Outro', '1974-11-03', 'Enteado(a)'),
(34, 'Luciana Almeida', 'Feminino', '1991-12-03', 'Filho(a)'),
(34, 'Diogo Ferreira', 'Masculino', '2007-10-29', 'Filho(a)'),
(35, 'Ivan Araújo', 'Masculino', '2008-01-26', 'Filho(a)'),
(36, 'Luana Magalhães', 'Outro', '1976-10-27', 'Enteado(a)'),
(36, 'Erika Gonçalves-Nogueira', 'Outro', '2019-03-29', 'Filho(a)'),
(37, 'Ema Lourenço', 'Feminino', '1978-08-08', 'Cônjuge'),
(37, 'Erica Antunes', 'Feminino', '2025-03-05', 'Cônjuge'),
(38, 'Frederico da Borges', 'Masculino', '1991-05-10', 'Enteado(a)'),
(40, 'André Amorim', 'Outro', '1973-03-19', 'Filho(a)'),
(40, 'Mariana Figueiredo', 'Masculino', '2020-01-12', 'Enteado(a)'),
(41, 'Emanuel Machado-Moreira', 'Masculino', '2006-05-09', 'Filho(a)'),
(41, 'José Correia', 'Feminino', '2022-04-07', 'Filho(a)'),
(41, 'Ana-Carminho Cunha', 'Feminino', '1984-09-10', 'Filho(a)'),
(41, 'Bruno Carvalho', 'Feminino', '1994-08-19', 'Enteado(a)'),
(42, 'Sandro Loureiro', 'Outro', '1963-01-27', 'Enteado(a)'),
(42, 'Afonso Almeida', 'Outro', '1946-12-08', 'Enteado(a)'),
(44, 'Letícia Matias', 'Feminino', '1980-07-15', 'Enteado(a)'),
(46, 'Leonor Marques', 'Masculino', '1993-11-18', 'Filho(a)'),
(46, 'Márcio Faria', 'Masculino', '1945-07-29', 'Enteado(a)'),
(47, 'Francisco Lopes', 'Feminino', '1995-09-02', 'Filho(a)'),
(47, 'Rúben Cunha', 'Feminino', '2012-07-16', 'Filho(a)'),
(48, 'Luís de Carvalho', 'Feminino', '1993-11-09', 'Enteado(a)'),
(48, 'Íris Valente', 'Masculino', '2008-02-17', 'Filho(a)'),
(49, 'Nuno Magalhães', 'Outro', '2009-06-20', 'Filho(a)'),
(51, 'Emília do Magalhães', 'Masculino', '2019-12-07', 'Filho(a)'),
(52, 'Kyara Batista', 'Masculino', '1970-10-24', 'Enteado(a)'),
(53, 'João Marques', 'Masculino', '1970-12-23', 'Cônjuge'),
(54, 'Mara de Faria', 'Outro', '2021-05-18', 'Cônjuge'),
(56, 'Valentina Garcia', 'Masculino', '2015-12-17', 'Filho(a)'),
(57, 'Samuel Lourenço', 'Masculino', '1999-05-12', 'Cônjuge'),
(58, 'Yara Jesus', 'Masculino', '1973-08-20', 'Enteado(a)'),
(59, 'Diana Jesus', 'Feminino', '2015-08-18', 'Filho(a)'),
(59, 'Diogo Anjos', 'Masculino', '1979-01-10', 'Filho(a)'),
(59, 'Débora Macedo', 'Masculino', '1982-05-24', 'Filho(a)'),
(59, 'Benjamim Assunção', 'Outro', '1998-04-03', 'Filho(a)'),
(61, 'Isabela Lopes', 'Outro', '2003-01-29', 'Filho(a)'),
(62, 'Benedita Henriques', 'Masculino', '1983-12-19', 'Cônjuge'),
(65, 'Joana Monteiro', 'Masculino', '2023-07-18', 'Filho(a)'),
(65, 'Luísa Brito-Macedo', 'Outro', '1987-03-07', 'Cônjuge'),
(69, 'Carlota Abreu', 'Outro', '2002-09-13', 'Filho(a)'),
(70, 'Diogo Pinto', 'Outro', '1998-11-01', 'Filho(a)'),
(70, 'David Neto', 'Masculino', '2014-03-08', 'Filho(a)'),
(70, 'Benjamim Baptista-Ribeiro', 'Feminino', '2008-02-09', 'Filho(a)'),
(71, 'Samuel Branco', 'Outro', '2020-03-07', 'Filho(a)'),
(72, 'Kelly Matias', 'Outro', '1969-03-08', 'Enteado(a)'),
(72, 'Jéssica-Yasmin Soares', 'Masculino', '2002-04-17', 'Enteado(a)'),
(72, 'Vasco Cruz', 'Outro', '1984-12-05', 'Filho(a)'),
(73, 'Teresa Maia', 'Outro', '2003-11-20', 'Filho(a)'),
(73, 'Matilde Freitas', 'Outro', '2019-11-29', 'Filho(a)'),
(76, 'Emília Moreira', 'Feminino', '1991-02-07', 'Cônjuge'),
(76, 'Brian Correia', 'Feminino', '2018-07-23', 'Enteado(a)'),
(76, 'Petra Rodrigues-Neto', 'Outro', '1991-11-19', 'Cônjuge'),
(80, 'Noa Neves', 'Feminino', '1974-11-03', 'Filho(a)'),
(80, 'Nicole Amaral', 'Feminino', '1986-07-21', 'Cônjuge'),
(81, 'Tomás Marques', 'Feminino', '2017-12-07', 'Filho(a)'),
(81, 'Joel Santos', 'Feminino', '2011-10-05', 'Filho(a)'),
(82, 'Wilson Figueiredo', 'Feminino', '1992-04-17', 'Filho(a)'),
(82, 'Luca Lopes', 'Masculino', '2002-11-10', 'Filho(a)'),
(82, 'Joana Lima', 'Feminino', '1976-09-17', 'Cônjuge'),
(83, 'Ângelo de Nunes', 'Feminino', '2014-08-07', 'Enteado(a)'),
(83, 'Bernardo de Morais', 'Feminino', '1981-06-12', 'Cônjuge'),
(83, 'Nádia Monteiro', 'Outro', '2023-12-22', 'Enteado(a)'),
(85, 'Gonçalo Barbosa', 'Feminino', '1978-08-02', 'Cônjuge'),
(89, 'Mélanie-Salomé Soares', 'Feminino', '1999-12-17', 'Filho(a)'),
(89, 'Lorena da Antunes', 'Feminino', '2008-03-31', 'Enteado(a)'),
(89, 'Mariana-Inês Brito', 'Feminino', '1983-04-26', 'Enteado(a)'),
(90, 'Érica do Vaz', 'Outro', '1960-06-04', 'Cônjuge'),
(91, 'Samuel Alves', 'Feminino', '2011-12-08', 'Filho(a)'),
(91, 'Violeta Barros', 'Masculino', '1957-09-16', 'Enteado(a)'),
(92, 'Iara Anjos', 'Outro', '2021-04-13', 'Cônjuge'),
(95, 'Noa do Silva', 'Masculino', '1965-06-06', 'Enteado(a)'),
(96, 'Filipe Pinho-Pires', 'Outro', '1974-07-02', 'Enteado(a)'),
(97, 'Jéssica Domingues', 'Feminino', '1946-02-25', 'Cônjuge'),
(97, 'Kévim Matias', 'Masculino', '1974-02-10', 'Filho(a)'),
(98, 'Francisco do Neto', 'Masculino', '1977-06-23', 'Filho(a)'),
(98, 'Samuel de Henriques', 'Feminino', '2000-06-16', 'Filho(a)'),
(98, 'Rita Cruz', 'Outro', '1980-12-14', 'Filho(a)'),
(98, 'Ivo Tavares', 'Masculino', '2007-12-05', 'Cônjuge');

-- Dados para Faltas
INSERT INTO Faltas (ID_Fun, Data, Justificacao) VALUES
(1, '2023-06-09', 'Apoio à família'),
(1, '2024-10-10', 'Assuntos pessoais urgentes'),
(1, '2023-11-28', 'Avaria de transporte'),
(2, '2023-04-14', 'Apoio à família'),
(2, '2024-04-28', NULL),
(3, '2023-10-31', NULL),
(3, '2025-09-06', NULL),
(4, '2024-04-03', 'Assuntos pessoais urgentes'),
(4, '2022-12-05', 'Procedimentos legais/burocráticos'),
(4, '2024-07-12', 'Apoio à família'),
(4, '2023-08-08', 'Assuntos pessoais urgentes'),
(4, '2024-05-29', 'Consulta médica'),
(5, '2023-02-15', 'Consulta médica'),
(7, '2022-12-16', 'Avaria de transporte'),
(7, '2024-09-15', 'Avaria de transporte'),
(8, '2023-01-23', 'Consulta médica'),
(9, '2022-12-13', 'Procedimentos legais/burocráticos'),
(10, '2023-09-29', NULL),
(10, '2023-12-18', 'Doença súbita'),
(10, '2023-06-28', 'Procedimentos legais/burocráticos'),
(10, '2025-01-01', 'Procedimentos legais/burocráticos'),
(10, '2024-11-16', 'Avaria de transporte'),
(11, '2023-07-05', 'Assuntos pessoais urgentes'),
(11, '2025-02-01', NULL),
(11, '2024-05-30', 'Apoio à família'),
(11, '2022-12-06', 'Apoio à família'),
(12, '2024-02-10', NULL),
(12, '2023-12-13', 'Avaria de transporte'),
(12, '2025-03-29', 'Apoio à família'),
(13, '2023-09-18', 'Consulta médica'),
(13, '2023-05-28', NULL),
(13, '2023-07-19', 'Assuntos pessoais urgentes'),
(14, '2023-01-24', 'Consulta médica'),
(14, '2022-12-15', 'Avaria de transporte'),
(16, '2025-09-03', NULL),
(16, '2025-05-14', 'Assuntos pessoais urgentes'),
(16, '2023-08-09', NULL),
(16, '2022-11-22', 'Assuntos pessoais urgentes'),
(16, '2024-10-29', 'Procedimentos legais/burocráticos'),
(16, '2025-05-18', 'Apoio à família'),
(16, '2024-10-24', 'Avaria de transporte'),
(16, '2025-05-31', NULL),
(17, '2025-07-20', 'Assuntos pessoais urgentes'),
(17, '2024-03-30', 'Doença súbita'),
(17, '2023-12-20', NULL),
(17, '2023-07-24', 'Procedimentos legais/burocráticos'),
(17, '2023-06-24', 'Doença súbita'),
(18, '2024-11-07', 'Apoio à família'),
(18, '2024-05-03', 'Avaria de transporte'),
(18, '2024-12-08', NULL),
(18, '2023-02-23', 'Apoio à família'),
(20, '2023-08-05', NULL),
(20, '2023-02-28', 'Avaria de transporte'),
(20, '2024-10-01', 'Avaria de transporte'),
(20, '2023-04-27', 'Assuntos pessoais urgentes'),
(21, '2025-01-23', 'Assuntos pessoais urgentes'),
(21, '2023-10-22', 'Consulta médica'),
(21, '2024-04-03', NULL),
(21, '2025-09-25', 'Procedimentos legais/burocráticos'),
(21, '2024-11-24', 'Assuntos pessoais urgentes'),
(21, '2024-01-14', 'Avaria de transporte'),
(22, '2025-09-22', NULL),
(22, '2024-03-29', NULL),
(23, '2024-09-26', 'Avaria de transporte'),
(23, '2025-02-08', 'Avaria de transporte'),
(23, '2025-03-19', 'Apoio à família'),
(24, '2024-06-08', 'Consulta médica'),
(24, '2024-08-19', NULL),
(25, '2024-07-11', NULL),
(25, '2025-06-25', 'Assuntos pessoais urgentes'),
(25, '2023-06-28', 'Apoio à família'),
(25, '2024-03-25', NULL),
(25, '2025-06-29', NULL),
(26, '2024-04-05', NULL),
(26, '2024-12-13', 'Assuntos pessoais urgentes'),
(26, '2025-07-22', 'Consulta médica'),
(26, '2024-04-12', 'Assuntos pessoais urgentes'),
(26, '2024-07-27', 'Assuntos pessoais urgentes'),
(27, '2025-07-26', 'Apoio à família'),
(28, '2024-02-08', NULL),
(29, '2024-12-16', 'Avaria de transporte'),
(29, '2023-03-02', 'Avaria de transporte'),
(29, '2024-05-21', 'Procedimentos legais/burocráticos'),
(30, '2024-02-09', 'Doença súbita'),
(30, '2025-08-25', NULL),
(30, '2023-04-26', 'Avaria de transporte'),
(30, '2025-06-18', 'Assuntos pessoais urgentes'),
(31, '2023-01-20', 'Assuntos pessoais urgentes'),
(31, '2025-08-26', 'Doença súbita'),
(31, '2025-04-11', 'Consulta médica'),
(31, '2024-10-30', 'Apoio à família'),
(32, '2024-07-22', NULL),
(33, '2024-07-11', 'Assuntos pessoais urgentes'),
(33, '2025-09-02', NULL),
(33, '2025-09-23', NULL),
(33, '2023-06-11', 'Consulta médica'),
(34, '2024-07-10', 'Apoio à família'),
(35, '2024-07-23', NULL),
(35, '2023-11-02', 'Avaria de transporte'),
(37, '2025-03-12', 'Avaria de transporte'),
(37, '2025-09-28', 'Procedimentos legais/burocráticos'),
(38, '2023-10-30', 'Procedimentos legais/burocráticos'),
(38, '2023-05-28', 'Avaria de transporte'),
(38, '2024-08-04', 'Avaria de transporte'),
(39, '2022-11-09', NULL),
(39, '2024-03-23', 'Procedimentos legais/burocráticos'),
(40, '2025-01-19', 'Procedimentos legais/burocráticos'),
(40, '2025-08-12', 'Doença súbita'),
(40, '2025-07-19', NULL),
(40, '2025-10-13', 'Consulta médica'),
(41, '2024-05-28', 'Avaria de transporte'),
(42, '2025-04-03', 'Apoio à família'),
(42, '2023-01-25', 'Avaria de transporte'),
(42, '2025-02-20', 'Consulta médica'),
(42, '2024-03-21', 'Consulta médica'),
(43, '2024-04-09', 'Consulta médica'),
(44, '2024-11-06', NULL),
(44, '2024-08-08', 'Consulta médica'),
(44, '2024-01-16', 'Assuntos pessoais urgentes'),
(44, '2023-03-18', 'Assuntos pessoais urgentes'),
(44, '2024-10-08', 'Apoio à família'),
(45, '2024-10-20', 'Consulta médica'),
(45, '2025-02-26', NULL),
(45, '2025-03-06', 'Consulta médica'),
(45, '2025-04-27', 'Assuntos pessoais urgentes'),
(46, '2024-08-28', NULL),
(46, '2024-11-17', 'Procedimentos legais/burocráticos'),
(46, '2024-02-20', 'Procedimentos legais/burocráticos'),
(46, '2024-01-09', NULL),
(47, '2025-08-07', 'Apoio à família'),
(47, '2024-04-23', 'Doença súbita'),
(47, '2023-03-28', NULL),
(47, '2023-06-03', 'Assuntos pessoais urgentes'),
(48, '2024-04-08', 'Consulta médica'),
(49, '2023-12-31', 'Procedimentos legais/burocráticos'),
(49, '2023-01-03', 'Avaria de transporte'),
(50, '2023-05-09', 'Assuntos pessoais urgentes'),
(50, '2024-08-27', 'Procedimentos legais/burocráticos'),
(50, '2024-08-09', NULL),
(51, '2023-02-03', 'Assuntos pessoais urgentes'),
(51, '2025-01-12', NULL),
(52, '2025-06-09', 'Apoio à família'),
(52, '2022-12-19', 'Assuntos pessoais urgentes'),
(53, '2025-08-06', 'Doença súbita'),
(53, '2022-12-27', NULL),
(54, '2025-09-23', 'Procedimentos legais/burocráticos'),
(54, '2024-02-15', 'Apoio à família'),
(54, '2023-10-28', NULL),
(55, '2025-10-07', 'Consulta médica'),
(55, '2023-06-04', 'Avaria de transporte'),
(55, '2024-09-03', 'Avaria de transporte'),
(55, '2024-09-27', NULL),
(56, '2025-08-05', 'Apoio à família'),
(56, '2025-09-13', NULL),
(56, '2025-08-18', 'Consulta médica'),
(56, '2023-02-13', NULL),
(57, '2023-07-10', 'Consulta médica'),
(57, '2025-02-24', 'Avaria de transporte'),
(57, '2025-09-05', NULL),
(57, '2025-03-12', NULL),
(57, '2025-10-16', 'Avaria de transporte'),
(58, '2025-06-27', 'Procedimentos legais/burocráticos'),
(59, '2025-07-25', 'Procedimentos legais/burocráticos'),
(59, '2025-07-20', 'Apoio à família'),
(59, '2024-03-06', 'Doença súbita'),
(59, '2022-11-14', 'Doença súbita'),
(60, '2023-04-12', 'Avaria de transporte'),
(60, '2024-03-20', 'Consulta médica'),
(60, '2025-07-10', 'Assuntos pessoais urgentes'),
(62, '2025-10-08', 'Avaria de transporte'),
(62, '2025-09-13', 'Procedimentos legais/burocráticos'),
(62, '2023-02-18', 'Consulta médica'),
(64, '2024-04-04', NULL),
(66, '2024-06-11', 'Consulta médica'),
(66, '2024-01-22', 'Avaria de transporte'),
(66, '2023-05-21', 'Consulta médica'),
(66, '2023-08-12', 'Assuntos pessoais urgentes'),
(67, '2023-04-23', NULL),
(67, '2025-11-07', 'Consulta médica'),
(67, '2024-04-24', NULL),
(67, '2023-03-18', 'Consulta médica'),
(67, '2024-04-02', NULL),
(68, '2023-04-13', 'Doença súbita'),
(68, '2025-01-31', 'Assuntos pessoais urgentes'),
(68, '2024-05-10', 'Consulta médica'),
(68, '2024-05-22', 'Procedimentos legais/burocráticos'),
(68, '2025-07-28', 'Apoio à família'),
(68, '2024-06-14', 'Doença súbita'),
(70, '2023-04-24', 'Consulta médica'),
(71, '2025-10-02', NULL),
(71, '2025-08-13', 'Consulta médica'),
(71, '2023-04-01', 'Apoio à família'),
(71, '2024-04-24', NULL),
(71, '2025-02-28', 'Apoio à família'),
(72, '2024-01-23', 'Consulta médica'),
(72, '2023-01-23', NULL),
(73, '2024-08-15', NULL),
(74, '2024-08-21', 'Assuntos pessoais urgentes'),
(74, '2024-07-26', 'Doença súbita'),
(74, '2024-03-01', NULL),
(76, '2024-09-24', 'Consulta médica'),
(76, '2023-05-18', NULL),
(76, '2024-10-05', 'Apoio à família'),
(77, '2024-04-07', 'Assuntos pessoais urgentes'),
(77, '2025-08-31', 'Assuntos pessoais urgentes'),
(78, '2023-06-21', 'Doença súbita'),
(78, '2023-02-12', 'Assuntos pessoais urgentes'),
(78, '2024-02-24', 'Procedimentos legais/burocráticos'),
(78, '2024-10-27', NULL),
(78, '2023-04-25', 'Avaria de transporte'),
(79, '2023-07-04', 'Apoio à família'),
(79, '2025-10-27', 'Apoio à família'),
(80, '2023-05-16', NULL),
(80, '2023-04-29', 'Doença súbita'),
(81, '2024-02-01', NULL),
(81, '2025-04-02', 'Avaria de transporte'),
(82, '2024-01-02', 'Apoio à família'),
(82, '2023-02-12', 'Consulta médica'),
(82, '2023-02-18', 'Doença súbita'),
(82, '2025-01-17', NULL),
(83, '2023-07-04', 'Avaria de transporte'),
(83, '2025-08-18', 'Avaria de transporte'),
(83, '2023-10-11', NULL),
(83, '2025-02-19', 'Consulta médica'),
(83, '2024-03-11', 'Procedimentos legais/burocráticos'),
(84, '2023-09-08', NULL),
(84, '2023-05-22', NULL),
(84, '2024-10-12', 'Assuntos pessoais urgentes'),
(85, '2025-10-16', 'Consulta médica'),
(85, '2023-11-20', 'Doença súbita'),
(85, '2023-10-28', 'Apoio à família'),
(86, '2023-02-26', NULL),
(86, '2023-07-15', 'Avaria de transporte'),
(86, '2025-05-13', 'Assuntos pessoais urgentes'),
(87, '2025-03-31', 'Consulta médica'),
(87, '2023-03-03', 'Procedimentos legais/burocráticos'),
(87, '2023-03-04', 'Assuntos pessoais urgentes'),
(87, '2025-09-18', 'Procedimentos legais/burocráticos'),
(89, '2023-01-30', NULL),
(89, '2025-01-29', NULL),
(89, '2022-12-04', 'Doença súbita'),
(89, '2023-02-24', 'Consulta médica'),
(90, '2025-09-08', 'Apoio à família'),
(92, '2024-12-14', 'Apoio à família'),
(92, '2024-02-06', 'Avaria de transporte'),
(92, '2022-11-19', 'Apoio à família'),
(93, '2024-05-22', 'Doença súbita'),
(93, '2023-09-02', 'Consulta médica'),
(93, '2025-01-06', 'Avaria de transporte'),
(93, '2024-12-12', 'Apoio à família'),
(94, '2022-12-16', NULL),
(94, '2025-09-13', 'Apoio à família'),
(94, '2024-11-24', NULL),
(94, '2025-08-09', 'Apoio à família'),
(94, '2024-05-26', 'Consulta médica'),
(95, '2024-05-03', 'Procedimentos legais/burocráticos'),
(96, '2023-07-04', 'Assuntos pessoais urgentes'),
(96, '2024-08-14', 'Avaria de transporte'),
(96, '2023-04-20', NULL),
(96, '2023-07-03', 'Consulta médica'),
(96, '2024-07-09', 'Avaria de transporte'),
(98, '2023-04-23', NULL),
(98, '2025-09-15', 'Consulta médica'),
(99, '2023-04-08', NULL),
(99, '2024-10-22', 'Assuntos pessoais urgentes'),
(99, '2022-12-22', 'Apoio à família'),
(99, '2025-03-26', 'Procedimentos legais/burocráticos'),
(100, '2023-04-03', NULL),
(100, '2023-05-11', NULL),
(100, '2023-12-27', NULL);

-- Dados para Historico_empresas
INSERT INTO Historico_empresas (ID_Fun, Nome_empresa, Cargo, Data_inicio, Data_fim) VALUES
(1, 'bd054', 'Especialista em Recrutamento', '2025-01-03', NULL),
(1, 'Ribeiro Santos Lda.', 'Ciclista profissional', '2021-08-29', '2024-07-30'),
(2, 'bd054', 'Contador', '2021-03-23', NULL),
(2, 'Simões Lda.', 'Preparador de refeições rápidas', '2017-03-29', '2021-01-31'),
(3, 'bd054', 'Especialista em Marketing Digital', '2023-12-17', NULL),
(3, 'Mendes Lda.', 'Coveiro', '2018-12-25', '2023-08-15'),
(3, 'Pinto', 'Treinador de desportos', '2013-08-30', '2018-04-28'),
(4, 'bd054', 'Analista Financeiro', '2024-02-26', NULL),
(4, 'Simões', 'Trabalhador não qualificado das pedreiras', '2021-03-05', '2023-07-05'),
(4, 'Barros', 'Trabalhador não qualificado das pedreiras', '2019-01-12', '2020-07-30'),
(5, 'bd054', 'Recepcionista', '2024-11-09', NULL),
(6, 'bd054', 'Supervisor de Atendimento ao Cliente', '2023-11-16', NULL),
(6, 'Vicente', 'Colocador de anúncios', '2018-08-09', '2023-02-20'),
(6, 'Batista Mendes Lda.', 'Lapidador e gravador, de vidro, cerâmica e outros materiais', '2015-02-17', '2017-10-10'),
(7, 'bd054', 'Gerente Financeiro', '2024-09-05', NULL),
(7, 'Santos', 'Técnico de emissões de rádio', '2022-11-06', '2024-02-02'),
(7, 'Leal', 'Técnico de operação de instalações de tratamento de água', '2020-12-25', '2022-03-25'),
(7, 'Ramos', 'Escultor', '2018-11-29', '2020-01-13'),
(8, 'bd054', 'Gerente Financeiro', '2023-12-14', NULL),
(8, 'Santos', 'Cortador de carne', '2018-11-06', '2022-12-22'),
(8, 'Tavares S.A.', 'Trabalhador do fabrico de produtos lácteos', '2016-11-21', '2018-01-28'),
(8, 'Valente Fonseca e Filhos', 'Operador de máquinas para preparação de vinhos e outras bebidas', '2014-04-29', '2016-02-14'),
(9, 'bd054', 'Supervisor de Atendimento ao Cliente', '2021-08-18', NULL),
(9, 'Soares e Filhos', 'Cozinheiro', '2019-09-22', '2021-05-05'),
(9, 'Paiva', 'Colocador de anúncios', '2014-08-09', '2019-02-14'),
(10, 'bd054', 'Analista de Dados', '2022-04-09', NULL),
(11, 'bd054', 'Advogado Corporativo', '2022-10-28', NULL),
(11, 'Faria S.A.', 'Correeiro', '2019-07-06', '2022-06-03'),
(11, 'Castro S.A.', 'Farmacologista e outros especialistas relacionados', '2018-02-22', '2019-03-15'),
(11, 'Melo Torres S/A', 'Instalador de ar condicionado e de sistemas de refrigeração', '2016-01-19', '2017-07-13'),
(12, 'bd054', 'Técnico de Suporte de TI', '2022-10-17', NULL),
(12, 'Lima Lda.', 'Secretário da área da medicina', '2021-02-26', '2022-08-17'),
(13, 'bd054', 'Gerente de Marketing', '2021-08-10', NULL),
(13, 'Campos Jesus Lda.', 'Operador de instalações e máquinas para moagem de substâncias químicas', '2016-06-24', '2020-10-31'),
(13, 'Rodrigues', 'Operador de instalações e máquinas, para reação e verificação de produtos químicos', '2014-08-27', '2015-12-04'),
(14, 'bd054', 'Advogado Corporativo', '2023-08-06', NULL),
(14, 'Mota Anjos S/A', 'Especialista em relações públicas', '2021-08-27', '2023-05-09'),
(15, 'bd054', 'Gerente de Vendas', '2023-09-25', NULL),
(15, 'Barbosa', 'Embalsamador', '2018-11-06', '2022-10-14'),
(15, 'Batista Nunes S.A.', 'Técnico florestal (inclui cinegético)', '2016-05-16', '2018-05-11'),
(16, 'bd054', 'Desenvolvedor de Software Júnior', '2025-09-01', NULL),
(16, 'Campos S.A.', 'Enfermeiro especialista em saúde mental e psiquiátrica', '2021-01-30', '2025-05-05'),
(16, 'Cunha', 'Operador de máquinas de branquear, tingir e limpar, tecidos e outros têxteis', '2018-12-22', '2020-08-10'),
(16, 'Azevedo', 'Operador de máquinas para o fabrico de produtos de matérias plásticas', '2015-09-15', '2018-09-28'),
(17, 'bd054', 'Inspetor de Qualidade', '2024-07-25', NULL),
(17, 'Neves', 'Condutor de veículos acionados à mão ou ao pé', '2019-09-15', '2024-01-24'),
(18, 'bd054', 'Contador', '2025-03-20', NULL),
(18, 'Gomes', 'Mergulhador', '2022-08-12', '2024-05-13'),
(18, 'Gomes', 'Farmacologista e outros especialistas relacionados', '2018-12-11', '2022-04-22'),
(18, 'Sá S/A', 'Técnico de telecomunicações', '2015-09-03', '2018-06-23'),
(19, 'bd054', 'Analista de Recursos Humanos', '2020-12-08', NULL),
(20, 'bd054', 'Gerente Financeiro', '2024-06-29', NULL),
(20, 'Pereira Lda.', 'Serralheiro civil', '2019-07-07', '2023-12-10'),
(20, 'Ramos Almeida e Filhos', 'Assentador de tacos e afagador de madeira', '2013-12-07', '2018-08-23'),
(20, 'Rodrigues', 'Motorista de autocarros', '2010-02-20', '2013-01-20'),
(21, 'bd054', 'Diretor de Operações (COO)', '2024-09-11', NULL),
(21, 'Nogueira S.A.', 'Diretor e gerente do comércio por grosso', '2020-06-30', '2024-02-14'),
(21, 'Sá', 'Motorista de autocarros', '2017-10-27', '2019-07-17'),
(22, 'bd054', 'Designer UI/UX', '2021-03-10', NULL),
(22, 'Pinheiro', 'Caricaturista', '2018-10-17', '2020-11-20'),
(22, 'Campos Simões Lda.', 'Operador de instalações e máquinas,', '2016-04-17', '2018-07-03'),
(23, 'bd054', 'Representante de Vendas Interno', '2023-05-14', NULL),
(23, 'Magalhães', 'Padeiro', '2019-04-15', '2023-01-30'),
(24, 'bd054', 'Recepcionista', '2021-11-22', NULL),
(24, 'Fernandes Ramos S/A', 'Secretário administrativo e executivo', '2019-11-19', '2021-05-16'),
(24, 'Assunção', 'Vendedor ao domicílio', '2014-08-04', '2018-12-28'),
(25, 'bd054', 'Assistente Jurídico', '2023-08-29', NULL),
(26, 'bd054', 'Supervisor de Atendimento ao Cliente', '2022-11-23', NULL),
(26, 'Pinheiro S/A', 'Enfermeiro de cuidados gerais', '2018-01-11', '2022-08-02'),
(26, 'Almeida e Filhos', 'Programador de software', '2014-01-06', '2017-04-26'),
(26, 'Castro', 'Diretores dos serviços das tecnologias da informação e comunicação', '2010-02-03', '2013-09-17'),
(27, 'bd054', 'Analista de Mídia Social', '2024-02-09', NULL),
(27, 'Vicente S.A.', 'Marceneiro', '2018-07-14', '2023-04-24'),
(27, 'Ramos Andrade S.A.', 'Professor dos ensinos básico (2.º e 3.º ciclos) e secundário', '2015-12-14', '2017-11-05'),
(27, 'Melo Matos e Filhos', 'Riscador de moldes e cortador de tecidos', '2010-10-10', '2015-07-11'),
(28, 'bd054', 'Recepcionista', '2023-02-06', NULL),
(28, 'Gomes', 'Produtor e trabalhador qualificado na produção de suínos', '2020-12-19', '2022-09-26'),
(29, 'bd054', 'Assistente Jurídico', '2023-11-28', NULL),
(29, 'Matos Fonseca S/A', 'Canteiro', '2020-09-01', '2023-08-26'),
(29, 'Jesus Gonçalves Lda.', 'Supervisor de cargas e descargas', '2019-02-17', '2020-02-24'),
(30, 'bd054', 'Inspetor de Qualidade', '2020-12-27', NULL),
(30, 'Alves', 'Bate chapa de veículos automóveis', '2017-03-01', '2020-02-28'),
(30, 'Coelho Pereira S/A', 'Técnico de anatomia patológica, citológica e tanatológica', '2012-02-12', '2016-07-10'),
(31, 'bd054', 'Assistente Jurídico', '2025-09-18', NULL),
(31, 'Castro', 'Coletor de dinheiro em máquinas de venda automática', '2023-01-29', '2025-03-04'),
(32, 'bd054', 'Gerente Financeiro', '2021-03-06', NULL),
(32, 'Almeida Araújo S/A', 'Correeiro', '2016-01-30', '2020-12-17'),
(32, 'Baptista', 'Diretor de compras', '2012-07-17', '2015-12-10'),
(32, 'Brito', 'Técnico de controlo de instalações da indústria química', '2009-07-18', '2012-04-24'),
(33, 'bd054', 'Especialista em Recrutamento', '2023-01-09', NULL),
(33, 'Almeida Morais S.A.', 'Trabalhador da triagem de resíduos', '2018-02-08', '2022-11-05'),
(33, 'Amorim S/A', 'Operador de máquinas de produção e refinação de açúcar', '2013-06-17', '2017-09-14'),
(33, 'Correia e Filhos', 'Operador de máquinas de tecer e tricotar', '2009-01-19', '2012-11-06'),
(34, 'bd054', 'Representante de Vendas Interno', '2024-02-15', NULL),
(34, 'Maia Pacheco S.A.', 'Fotógrafo', '2019-10-25', '2023-09-20'),
(34, 'Correia', 'Forjador e ferreiro', '2016-05-02', '2019-04-15'),
(35, 'bd054', 'Recepcionista', '2025-05-17', NULL),
(35, 'Pinho S/A', 'Motosserrista', '2021-05-01', '2024-11-13'),
(35, 'Coelho Lda.', 'Especialista em relações públicas', '2016-05-05', '2020-08-21'),
(36, 'bd054', 'Analista Financeiro', '2023-07-10', NULL),
(36, 'Vieira S/A', 'Operador de máquinas para o fabrico de produtos de papel', '2020-08-08', '2022-07-26'),
(37, 'bd054', 'Analista de Mídia Social', '2024-11-19', NULL),
(37, 'Freitas', 'Guarda freios, agulheiro e agente de manobras de caminhos de ferro', '2022-05-18', '2024-08-21'),
(37, 'Torres e Filhos', 'Eletromecânico, eletricista e outros instaladores de máquinas e equipamentos elétricos', '2019-10-20', '2022-04-14'),
(37, 'Rocha', 'Empregado de serviço de pessoal', '2018-01-04', '2019-02-24'),
(38, 'bd054', 'Analista Financeiro', '2024-09-01', NULL),
(38, 'Melo e Filhos', 'Escrivão', '2020-08-07', '2024-05-19'),
(38, 'Pinto Branco Lda.', 'Terapeuta ocupacional', '2015-06-29', '2020-01-04'),
(39, 'bd054', 'Assistente Administrativo', '2024-05-09', NULL),
(39, 'Coelho', 'Produtor e trabalhador qualificado na produção de ovinos e caprinos', '2021-11-02', '2023-07-08'),
(40, 'bd054', 'Designer UI/UX', '2025-04-25', NULL),
(40, 'Lima', 'Pessoal de informação administrativa', '2023-08-29', '2025-01-20'),
(40, 'Leal e Filhos', 'Segurança (vigilante privado), outros porteiros', '2019-02-01', '2023-01-20'),
(41, 'bd054', 'Gerente de Projetos', '2023-12-19', NULL),
(41, 'Cruz Cunha Lda.', 'Corretor de bolsa, cambista', '2021-04-20', '2023-05-25'),
(42, 'bd054', 'Gerente Financeiro', '2024-07-22', NULL),
(42, 'Vieira', 'Técnico de manutenção e reparação de motores de avião', '2020-12-16', '2023-12-25'),
(42, 'Cunha S/A', 'Polidor e acabador de artigos de vidro', '2016-06-04', '2020-09-08'),
(42, 'Paiva Figueiredo S/A', 'Bordador', '2013-12-09', '2015-09-15'),
(43, 'bd054', 'Executivo de Contas', '2025-07-29', NULL),
(43, 'Campos', 'Engenheiro metalúrgico', '2021-03-16', '2025-02-18'),
(43, 'Henriques Barros S.A.', 'Retificador de rodas, polidor e afiador de metais', '2016-02-27', '2021-01-18'),
(44, 'bd054', 'Redator (Copywriter)', '2021-06-29', NULL),
(44, 'Carneiro S/A', 'Intérprete e outros linguistas', '2018-06-08', '2020-08-11'),
(44, 'Barbosa', 'Organizador de conferências e eventos', '2016-01-07', '2018-01-11'),
(45, 'bd054', 'Executivo de Contas', '2021-06-11', NULL),
(46, 'bd054', 'Agente de Atendimento ao Cliente', '2024-12-22', NULL),
(46, 'Batista Freitas e Filhos', 'Curtidor de peles', '2020-09-08', '2024-01-16'),
(47, 'bd054', 'Analista de Dados', '2025-10-11', NULL),
(47, 'Araújo e Filhos', 'Oceanógrafo', '2020-08-30', '2025-02-24'),
(48, 'bd054', 'Gerente de Marketing', '2025-05-19', NULL),
(48, 'Anjos', 'Operador de máquinas para fabrico de produtos de arame', '2020-05-24', '2024-08-14'),
(48, 'Garcia', 'Operador de pré-impressão', '2014-09-22', '2019-09-09'),
(49, 'bd054', 'Agente de Atendimento ao Cliente', '2022-05-20', NULL),
(49, 'Nascimento', 'Motosserrista', '2020-12-06', '2021-12-13'),
(49, 'Barbosa', 'Riscador de moldes e cortador de tecidos', '2017-08-20', '2019-12-26'),
(50, 'bd054', 'Gerente de Vendas', '2025-11-04', NULL),
(50, 'Guerreiro', 'Técnico de gravação audiovisual', '2021-09-28', '2024-12-20'),
(50, 'Loureiro', 'Alfaiate e costureiro', '2018-01-17', '2020-11-18'),
(51, 'bd054', 'Desenvolvedor de Software Júnior', '2023-02-21', NULL),
(51, 'Fonseca', 'Estafeta', '2020-02-17', '2022-12-29'),
(51, 'Domingues', 'Pintor de construções', '2017-02-07', '2019-08-17'),
(52, 'bd054', 'Desenvolvedor de Software Júnior', '2023-03-05', NULL),
(52, 'Alves Moura S/A', 'Terapeuta ocupacional', '2018-07-08', '2023-01-06'),
(52, 'Pinto S.A.', 'Trabalhador da triagem de resíduos', '2013-10-21', '2018-04-18'),
(52, 'Leite', 'Outro pessoal de receção e de informação a clientes', '2011-11-28', '2012-12-05'),
(53, 'bd054', 'Especialista em Marketing Digital', '2023-12-21', NULL),
(53, 'Gaspar S.A.', 'Cortador de carne', '2019-03-10', '2023-07-08'),
(53, 'Faria Domingues Lda.', 'Trabalhador do tratamento da madeira', '2016-04-05', '2018-05-15'),
(54, 'bd054', 'Desenvolvedor de Software Júnior', '2022-10-18', NULL),
(55, 'bd054', 'Inspetor de Qualidade', '2021-09-20', NULL),
(55, 'Valente e Filhos', 'Artesão de artigos em madeira', '2017-04-21', '2021-02-28'),
(55, 'Cardoso Lda.', 'Outro preparador e montador de estruturas metálicas', '2012-01-27', '2016-06-18'),
(56, 'bd054', 'Analista de Dados', '2022-02-19', NULL),
(56, 'Valente Branco e Filhos', 'Preparador e conservador de peixe', '2017-05-20', '2021-04-20'),
(56, 'Abreu Figueiredo e Filhos', 'Artesão de artigos de couro', '2016-02-04', '2017-03-12'),
(56, 'Neves Paiva S.A.', 'Diretor de compras', '2013-06-26', '2015-07-23'),
(57, 'bd054', 'Gerente de Marketing', '2022-11-07', NULL),
(57, 'Vicente', 'Botânico', '2020-01-07', '2022-03-09'),
(58, 'bd054', 'Contador', '2021-12-01', NULL),
(58, 'Gonçalves Torres S.A.', 'Operador de máquinas de produção e refinação de açúcar', '2017-10-09', '2021-03-23'),
(59, 'bd054', 'Inspetor de Qualidade', '2022-02-28', NULL),
(60, 'bd054', 'Executivo de Contas', '2022-08-16', NULL),
(60, 'Ribeiro', 'Preparador e conservador de peixe', '2020-03-07', '2022-02-19'),
(61, 'bd054', 'Representante de Vendas Interno', '2022-04-24', NULL),
(61, 'Neto Abreu S/A', 'Instalador e reparador de linhas elétricas', '2020-05-28', '2022-02-12'),
(61, 'Domingues Lda.', 'Trabalhador do tratamento da madeira', '2017-03-05', '2019-12-04'),
(62, 'bd054', 'Especialista em Recrutamento', '2023-05-06', NULL),
(62, 'Pereira e Filhos', 'Carregadores e descarregadores não qualificados de mercadorias', '2020-06-29', '2022-08-02'),
(62, 'Cruz Henriques Lda.', 'Vendedor ao domicílio', '2016-11-10', '2020-03-10'),
(63, 'bd054', 'Gerente de Projetos', '2025-02-16', NULL),
(63, 'Leal', 'Lapidador e gravador, de vidro, cerâmica e outros materiais', '2022-03-08', '2024-08-25'),
(64, 'bd054', 'Assistente Administrativo', '2024-01-25', NULL),
(64, 'Leite Lda.', 'Cortador de vidro', '2022-03-12', '2023-08-01'),
(65, 'bd054', 'Técnico de Suporte de TI', '2025-06-07', NULL),
(65, 'Guerreiro', 'Colocador de papel de parede, pintor decorador', '2023-04-11', '2024-12-31'),
(65, 'Domingues Carneiro S/A', 'Corretor comercial', '2019-04-15', '2022-12-15'),
(66, 'bd054', 'Especialista em Recrutamento', '2023-07-23', NULL),
(67, 'bd054', 'Desenvolvedor de Software Sénior', '2021-04-06', NULL),
(68, 'bd054', 'Gerente Financeiro', '2025-04-05', NULL),
(68, 'Vicente', 'Técnico dos serviços de saúde comunitária', '2021-09-30', '2024-07-15'),
(68, 'Marques S.A.', 'Espalhador de betuminosos', '2016-11-29', '2020-12-15'),
(69, 'bd054', 'Analista de Dados', '2020-11-29', NULL),
(69, 'Pereira', 'Mecânico e reparador de veículos automóveis', '2018-04-27', '2020-05-23'),
(69, 'Simões Lda.', 'Notário', '2016-09-25', '2018-03-26'),
(70, 'bd054', 'Designer UI/UX', '2023-12-19', NULL),
(70, 'Oliveira', 'Intérprete e outros linguistas', '2019-12-03', '2023-10-09'),
(70, 'Gaspar', 'Notário', '2018-09-19', '2019-10-25'),
(70, 'Moura', 'Operador de máquinas de branquear, tingir e limpar, tecidos e outros têxteis', '2016-11-21', '2018-04-26'),
(71, 'bd054', 'Analista de Sistemas', '2022-04-03', NULL),
(71, 'Barros e Filhos', 'Montador de alvenarias e de pré', '2017-05-01', '2021-12-15'),
(71, 'Miranda', 'Auxiliar de saúde', '2015-04-30', '2017-01-13'),
(71, 'Brito Lda.', 'Operador de instalações de tratamento térmico de metais', '2011-05-23', '2015-02-03'),
(72, 'bd054', 'Analista de Qualidade', '2021-07-16', NULL),
(73, 'bd054', 'Analista de Qualidade', '2021-06-19', NULL),
(74, 'bd054', 'Gerente de Vendas', '2022-10-14', NULL),
(74, 'Lima', 'Técnico da Web', '2019-11-14', '2022-02-27'),
(75, 'bd054', 'Analista de Mídia Social', '2025-10-09', NULL),
(75, 'Miranda e Filhos', 'Trabalhador do fabrico de produtos lácteos', '2020-06-02', '2025-04-25'),
(75, 'Guerreiro', 'Cimenteiro', '2018-06-20', '2019-10-06'),
(76, 'bd054', 'Especialista em Recrutamento', '2023-07-31', NULL),
(76, 'Fonseca', 'Condutor de motociclos', '2021-06-04', '2023-03-26'),
(76, 'Ribeiro Leal Lda.', 'Operador de instalações e máquinas, para reação e verificação de produtos químicos', '2019-06-21', '2021-01-12'),
(77, 'bd054', 'Especialista em Sucesso do Cliente', '2023-07-15', NULL),
(78, 'bd054', 'Técnico de Suporte de TI', '2021-08-30', NULL),
(78, 'Tavares', 'Professor do ensino básico (1.º ciclo)', '2019-08-18', '2021-05-25'),
(79, 'bd054', 'Especialista em Sucesso do Cliente', '2023-11-15', NULL),
(79, 'Azevedo Andrade e Filhos', 'Cozinheiro', '2021-09-06', '2023-04-04'),
(79, 'Freitas S/A', 'Técnico de nível intermédio de apoio social', '2019-11-24', '2021-01-29'),
(79, 'Castro', 'Operador de instalações de processamento de minérios', '2017-01-29', '2019-05-11'),
(80, 'bd054', 'Gerente de Projetos', '2021-03-13', NULL),
(80, 'Pinho', 'Administrador e especialista de conceção de base de dados', '2016-04-09', '2020-12-01'),
(80, 'Freitas', 'Operador de máquinas de escavação, terraplenagem', '2011-01-12', '2015-06-08'),
(80, 'Melo', 'Curtidor de peles', '2007-09-05', '2010-07-11'),
(81, 'bd054', 'Técnico de Suporte de TI', '2025-06-27', NULL),
(81, 'Branco', 'Audiologista', '2021-03-14', '2024-12-28'),
(81, 'Nascimento', 'Polidor e acabador de artigos de vidro', '2016-09-11', '2020-10-30'),
(81, 'Assunção', 'Motorista de táxis', '2011-12-28', '2016-04-10'),
(82, 'bd054', 'Assistente Jurídico', '2024-01-15', NULL),
(82, 'Loureiro S.A.', 'Confeiteiro', '2020-11-02', '2023-06-16'),
(82, 'Andrade Silva e Filhos', 'Diretor das indústrias transformadoras', '2017-07-15', '2020-04-07'),
(82, 'Melo', 'Alfaiate e costureiro', '2014-12-19', '2016-10-11'),
(83, 'bd054', 'Recepcionista', '2021-06-16', NULL),
(83, 'Antunes', 'Peleiro', '2019-03-31', '2020-06-24'),
(83, 'Vicente', 'Técnico de operação de instalações de refinação de petróleo e gás natural', '2017-01-23', '2018-11-28'),
(83, 'Pinheiro', 'Operador de máquinas a vapor e caldeiras', '2014-02-04', '2016-05-28'),
(84, 'bd054', 'Supervisor de Atendimento ao Cliente', '2023-08-13', NULL),
(85, 'bd054', 'Executivo de Contas', '2023-05-03', NULL),
(86, 'bd054', 'Gerente de Marketing', '2024-10-25', NULL),
(87, 'bd054', 'Recepcionista', '2025-10-15', NULL),
(87, 'Guerreiro Pacheco S.A.', 'Cozinheiro', '2024-05-06', '2025-07-05'),
(88, 'bd054', 'Especialista em Marketing Digital', '2023-02-12', NULL),
(88, 'Melo', 'Controlador de tráfego aéreo', '2018-08-09', '2022-09-12'),
(89, 'bd054', 'Assistente Administrativo', '2023-07-05', NULL),
(89, 'Martins', 'Audiologista', '2019-02-19', '2023-02-09'),
(89, 'Rodrigues Branco S.A.', 'Limpador de chaminés e de outras estruturas de edifícios', '2013-12-29', '2018-11-12'),
(90, 'bd054', 'Desenvolvedor de Software Sénior', '2023-02-17', NULL),
(90, 'Assunção', 'Montador de tubagens', '2020-03-09', '2022-09-02'),
(90, 'Cruz', 'Terapeuta da fala', '2015-03-13', '2019-09-25'),
(90, 'Mendes', 'Operador de máquinas de tecer e tricotar', '2011-10-05', '2014-08-06'),
(91, 'bd054', 'Recepcionista', '2023-12-04', NULL),
(91, 'Magalhães e Filhos', 'Ciclista profissional', '2021-08-09', '2023-06-02'),
(91, 'Loureiro Batista S/A', 'Serralheiro civil', '2018-12-26', '2021-04-13'),
(91, 'Faria Vicente e Filhos', 'Empregado de aprovisionamento', '2014-11-02', '2018-08-16'),
(92, 'bd054', 'Analista de Sistemas', '2023-01-11', NULL),
(92, 'Araújo Andrade e Filhos', 'Terapeuta da fala', '2017-12-19', '2022-02-02'),
(93, 'bd054', 'Desenvolvedor de Software Sénior', '2023-07-14', NULL),
(94, 'bd054', 'Redator (Copywriter)', '2023-08-02', NULL),
(95, 'bd054', 'Contador', '2024-07-19', NULL),
(95, 'Barbosa Melo e Filhos', 'Operador de máquinas de revestimento, metalização e acabamento de metais', '2020-12-29', '2024-02-23'),
(95, 'Valente', 'Bate chapa de veículos automóveis', '2017-04-26', '2020-10-17'),
(96, 'bd054', 'Analista de Sistemas', '2022-09-03', NULL),
(96, 'Marques', 'Profissionais de nível intermédio da medicina tradicional e complementar', '2019-11-19', '2022-04-06'),
(96, 'Gonçalves Matias e Filhos', 'Coveiro', '2016-11-17', '2019-03-10'),
(97, 'bd054', 'Advogado Corporativo', '2022-06-11', NULL),
(97, 'Araújo Campos S.A.', 'Operador de instalações de tratamento térmico de metais', '2019-11-23', '2021-09-08'),
(97, 'Borges', 'Operador de fundição', '2016-01-25', '2019-07-28'),
(97, 'Domingues', 'Vidraceiro', '2013-08-20', '2015-09-06'),
(98, 'bd054', 'Analista de Sistemas', '2024-06-24', NULL),
(98, 'Araújo', 'Programador Web e de multimédia', '2022-12-10', '2024-03-18'),
(98, 'Sousa e Filhos', 'Joalheiro', '2017-12-16', '2022-03-10'),
(98, 'Nogueira', 'Pessoal de ambulâncias', '2013-11-02', '2017-06-26'),
(99, 'bd054', 'Inspetor de Qualidade', '2021-10-10', NULL),
(99, 'Domingues', 'Operador de máquinas para o fabrico de produtos de matérias plásticas', '2016-02-29', '2020-12-18'),
(99, 'Loureiro Sá S.A.', 'Reparador de bicicletas', '2010-11-13', '2015-04-26'),
(99, 'Tavares Freitas Lda.', 'Serralheiro de moldes, cunhos, cortantes', '2007-05-14', '2010-06-13'),
(100, 'bd054', 'Gerente de Vendas', '2022-03-01', NULL);

-- Dados para Candidatos
INSERT INTO Candidatos (ID_cand, Nome, Email, Telemovel, CV, carta_motivacao) VALUES
(1, 'Ângelo Miranda', 'hpires@example.com', '(351) 297 607 159', NULL, NULL),
(2, 'Gabriela Martins', 'limatatiana@example.net', '(351) 249649633', NULL, NULL),
(3, 'Érica Mota', 'lfreitas@example.com', '914 863 883', NULL, NULL),
(4, 'Patrícia Sá', 'fcunha@example.org', '(351) 910898385', NULL, NULL),
(5, 'Erica Coelho', 'carvalholucia@example.com', '+351934346366', NULL, NULL),
(6, 'Mariana Fonseca', 'dominguesmadalena@example.org', '+351927844848', NULL, NULL),
(7, 'Clara-Teresa Alves', 'ecruz@example.org', '(351) 203694741', NULL, NULL),
(8, 'Duarte Vicente-Pinho', 'pinheiroclaudio@example.org', '(351) 921605062', NULL, NULL),
(9, 'Gabriela Anjos', 'alvesdebora@example.net', '960520859', NULL, NULL),
(10, 'Micael Ribeiro', 'angelabatista@example.org', '962602815', NULL, NULL),
(11, 'Martim Ribeiro', 'mateus32@example.com', '+351929845065', NULL, NULL),
(12, 'Frederico Branco', 'carlota90@example.net', '+351961290625', NULL, NULL),
(13, 'Petra Paiva-Carneiro', 'mlourenco@example.net', '(351) 281310725', NULL, NULL),
(14, 'Gonçalo Fernandes', 'lmonteiro@example.com', '(351) 280 049 612', NULL, NULL),
(15, 'Afonso Oliveira', 'mara77@example.com', '(351) 966143208', NULL, NULL),
(16, 'Rodrigo Nunes', 'csimoes@example.com', '+351289696210', NULL, NULL),
(17, 'Ângela Gaspar', 'paivaangela@example.com', '271 006 414', NULL, NULL),
(18, 'Marco Teixeira', 'melanie31@example.net', '(351) 966 129 593', NULL, NULL),
(19, 'Brian de Morais', 'debora41@example.net', '931 575 667', NULL, NULL),
(20, 'Matilde Reis', 'costaerica@example.net', '+351939595862', NULL, NULL),
(21, 'Samuel Pinho', 'sfernandes@example.org', '(351) 933446802', NULL, NULL),
(22, 'Anita Pinho', 'noa95@example.org', '916547097', NULL, NULL),
(23, 'Ariana Cardoso-Cruz', 'britobenedita@example.org', '960 335 391', NULL, NULL),
(24, 'Tomás Matos', 'ribeirotatiana@example.org', '(351) 966404147', NULL, NULL),
(25, 'Simão Tavares', 'vazsandro@example.org', '(351) 968 115 000', NULL, NULL),
(26, 'Luana Matias', 'nairabreu@example.org', '(351) 931523285', NULL, NULL),
(27, 'Gustavo Baptista', 'antunesmatilde@example.org', '935 000 615', NULL, NULL),
(28, 'Mafalda Vicente', 'xassuncao@example.net', '+351934134966', NULL, NULL),
(29, 'Jéssica Gaspar', 'carlosmoreira@example.org', '+351254762837', NULL, NULL),
(30, 'Vera Araújo', 'vvalente@example.net', '925273275', NULL, NULL),
(31, 'Manuel Maia', 'qmatos@example.org', '(351) 920 517 227', NULL, NULL),
(32, 'Isaac Lourenço-Gonçalves', 'castromafalda@example.net', '(351) 928 144 791', NULL, NULL),
(33, 'Mateus Leal-Amaral', 'ismaelsimoes@example.com', '+351965531554', NULL, NULL),
(34, 'Renato Batista', 'catarina35@example.org', '(351) 938 000 460', NULL, NULL),
(35, 'Matias Garcia', 'silvavictoria@example.net', '+351928087425', NULL, NULL),
(36, 'David Sá', 'henrique33@example.net', '935 482 848', NULL, NULL),
(37, 'Marco Monteiro', 'kevinmarques@example.net', '(351) 936 838 401', NULL, NULL),
(38, 'Valentina Garcia', 'ameliapaiva@example.com', '233578021', NULL, NULL),
(39, 'Luca Monteiro', 'imachado@example.com', '(351) 910542835', NULL, NULL),
(40, 'Rafael Pires', 'cunharenato@example.net', '939 842 384', NULL, NULL),
(41, 'Mauro Barros', 'tdomingues@example.org', '+351960842851', NULL, NULL),
(42, 'Raquel Magalhães', 'rafaelcunha@example.org', '(351) 937 272 504', NULL, NULL),
(43, 'Brian Sousa-Sousa', 'lucianaassuncao@example.net', '(351) 207675224', NULL, NULL),
(44, 'Jorge Reis', 'gabriel38@example.net', '(351) 962214878', NULL, NULL),
(45, 'Noah Cardoso-Assunção', 'carvalhosantiago@example.com', '965371735', NULL, NULL),
(46, 'Marta Campos', 'joseleal@example.net', '934 627 729', NULL, NULL),
(47, 'Valentina Leal', 'nmota@example.com', '(351) 913961291', NULL, NULL),
(48, 'Miguel Branco-Matias', 'bmaia@example.com', '(351) 910 712 709', NULL, NULL),
(49, 'Nuno Barros', 'leandro46@example.org', '(351) 966 062 685', NULL, NULL),
(50, 'Hugo Vicente', 'petra71@example.net', '(351) 965593084', NULL, NULL);

-- Dados para Vagas
INSERT INTO Vagas (ID_vaga, Data_abertura, Estado, ID_depart) VALUES
(1, '2023-11-23', 'Aberta', 6),
(2, '2024-09-22', 'Fechada', 4),
(3, '2024-02-06', 'Fechada', 5),
(4, '2023-12-25', 'Fechada', 2),
(5, '2025-10-13', 'Fechada', 4),
(6, '2025-05-10', 'Aberta', 3),
(7, '2025-08-12', 'Fechada', 6),
(8, '2024-07-15', 'Aberta', 1),
(9, '2024-07-22', 'Aberta', 6),
(10, '2024-03-02', 'Aberta', 1),
(11, '2025-08-08', 'Fechada', 1),
(12, '2024-05-11', 'Fechada', 1),
(13, '2024-01-17', 'Suspensa', 8),
(14, '2025-11-07', 'Fechada', 1),
(15, '2023-12-09', 'Fechada', 2),
(16, '2024-10-22', 'Aberta', 4),
(17, '2024-07-02', 'Fechada', 2),
(18, '2025-10-12', 'Suspensa', 1),
(19, '2024-05-25', 'Aberta', 2),
(20, '2024-06-17', 'Fechada', 2);

-- Dados para Candidato_a
INSERT INTO Candidato_a (ID_cand, ID_Vaga, Data_cand, Estado, ID_recrutador) VALUES
(1, 3, '2024-12-24', 'Rejeitado', 16),
(1, 18, '2025-10-30', 'Contratado', 16),
(1, 11, '2025-11-03', 'Entrevista', 34),
(2, 2, '2025-02-26', 'Rejeitado', 34),
(2, 5, '2025-10-18', 'Rejeitado', 14),
(3, 7, '2025-10-14', 'Rejeitado', 50),
(4, 13, '2025-02-08', 'Entrevista', 53),
(5, 11, '2025-09-11', 'Entrevista', 51),
(5, 19, '2024-06-06', 'Em análise', 53),
(6, 11, '2025-08-21', 'Entrevista', 34),
(6, 14, '2025-11-07', 'Rejeitado', 71),
(7, 9, '2024-08-02', 'Submetido', 34),
(7, 20, '2024-09-08', 'Contratado', 42),
(9, 12, '2024-07-01', 'Entrevista', 42),
(12, 4, '2025-03-29', 'Em análise', 90),
(12, 16, '2025-06-22', 'Rejeitado', 38),
(12, 7, '2025-09-24', 'Entrevista', 51),
(13, 14, '2025-11-07', 'Rejeitado', 14),
(13, 11, '2025-10-13', 'Rejeitado', 71),
(14, 19, '2024-11-12', 'Entrevista', 19),
(16, 17, '2025-02-03', 'Rejeitado', 51),
(16, 1, '2025-04-05', 'Rejeitado', 53),
(16, 11, '2025-10-19', 'Rejeitado', 51),
(17, 16, '2025-10-15', 'Em análise', 34),
(19, 9, '2024-12-17', 'Rejeitado', 78),
(20, 13, '2024-05-02', 'Rejeitado', 34),
(20, 15, '2025-08-29', 'Entrevista', 34),
(21, 12, '2024-06-07', 'Rejeitado', 90),
(24, 18, '2025-11-08', 'Em análise', 51),
(25, 4, '2024-08-04', 'Entrevista', 34),
(25, 8, '2025-10-06', 'Em análise', 34),
(25, 16, '2024-11-13', 'Submetido', 34),
(27, 9, '2025-03-08', 'Rejeitado', 14),
(28, 4, '2025-06-09', 'Rejeitado', 78),
(29, 8, '2025-10-09', 'Submetido', 38),
(29, 20, '2025-11-06', 'Entrevista', 90),
(30, 20, '2025-09-28', 'Submetido', 71),
(30, 18, '2025-10-16', 'Rejeitado', 38),
(31, 3, '2024-06-15', 'Rejeitado', 78),
(31, 17, '2025-01-08', 'Rejeitado', 51),
(32, 6, '2025-09-30', 'Rejeitado', 42),
(33, 7, '2025-09-02', 'Rejeitado', 34),
(34, 9, '2024-12-05', 'Submetido', 53),
(35, 3, '2024-09-10', 'Submetido', 90),
(35, 4, '2024-11-28', 'Contratado', 14),
(36, 19, '2024-11-27', 'Rejeitado', 51),
(37, 9, '2025-03-31', 'Em análise', 50),
(38, 6, '2025-09-13', 'Entrevista', 51),
(38, 11, '2025-09-13', 'Em análise', 38),
(39, 7, '2025-09-15', 'Rejeitado', 10),
(40, 12, '2024-10-10', 'Rejeitado', 14),
(40, 11, '2025-09-26', 'Entrevista', 53),
(41, 18, '2025-11-05', 'Contratado', 53),
(41, 17, '2025-01-04', 'Rejeitado', 50),
(41, 9, '2025-10-20', 'Rejeitado', 71),
(45, 19, '2025-06-28', 'Rejeitado', 53),
(46, 4, '2024-04-23', 'Rejeitado', 14),
(46, 15, '2024-01-08', 'Rejeitado', 16),
(47, 13, '2024-01-31', 'Rejeitado', 42),
(48, 12, '2024-09-29', 'Em análise', 38),
(49, 3, '2025-07-31', 'Entrevista', 51),
(50, 19, '2024-10-19', 'Em análise', 14),
(50, 1, '2025-07-30', 'Em análise', 71);

-- Dados para Requisitos_vaga
INSERT INTO Requisitos_vaga (ID_vaga, Requisito) VALUES
(1, 'Liderança'),
(1, 'Trabalho em Equipa'),
(2, 'Marketing Digital'),
(2, 'Comunicação'),
(2, 'Trabalho em Equipa'),
(2, 'Python'),
(3, 'Liderança'),
(3, 'Trabalho em Equipa'),
(3, 'SQL'),
(3, 'Marketing Digital'),
(3, 'Gestão de Projetos'),
(4, 'Atendimento ao Cliente'),
(4, 'Python'),
(5, 'React'),
(5, 'Análise de Dados'),
(5, 'Marketing Digital'),
(6, 'Contabilidade'),
(6, 'Marketing Digital'),
(6, 'Análise de Dados'),
(6, 'Atendimento ao Cliente'),
(7, 'Contabilidade'),
(7, 'Python'),
(7, 'Atendimento ao Cliente'),
(7, 'Java'),
(7, 'Comunicação'),
(8, 'Python'),
(8, 'Comunicação'),
(9, 'Inglês Fluente'),
(9, 'Marketing Digital'),
(9, 'Trabalho em Equipa'),
(10, 'Liderança'),
(10, 'Java'),
(10, 'SQL'),
(10, 'Trabalho em Equipa'),
(11, 'Inglês Fluente'),
(11, 'Análise de Dados'),
(11, 'Java'),
(12, 'Inglês Fluente'),
(12, 'Marketing Digital'),
(13, 'Comunicação'),
(13, 'React'),
(13, 'Atendimento ao Cliente'),
(13, 'Marketing Digital'),
(14, 'Gestão de Projetos'),
(14, 'Excel Avançado'),
(14, 'Atendimento ao Cliente'),
(14, 'React'),
(15, 'Contabilidade'),
(15, 'Gestão de Projetos'),
(15, 'Análise de Dados'),
(15, 'Atendimento ao Cliente'),
(16, 'Análise de Dados'),
(16, 'Atendimento ao Cliente'),
(16, 'Excel Avançado'),
(16, 'Gestão de Projetos'),
(17, 'React'),
(17, 'Atendimento ao Cliente'),
(17, 'SQL'),
(18, 'Excel Avançado'),
(18, 'Java'),
(18, 'Trabalho em Equipa'),
(18, 'Contabilidade'),
(18, 'SQL'),
(19, 'Liderança'),
(19, 'SQL'),
(19, 'Comunicação'),
(20, 'Liderança'),
(20, 'Análise de Dados'),
(20, 'Contabilidade'),
(20, 'Gestão de Projetos'),
(20, 'Excel Avançado');

-- Dados para Formacoes
INSERT INTO Formacoes (ID_for, Nome_formacao, Descricao, Data_inicio, Data_fim, Estado) VALUES
(1, 'Liderança e Gestão de Equipas', 'Desenvolver competências de liderança, motivação e gestão de conflitos para chefes de equipa.', '2023-10-05', '2023-10-10', 'Concluida'),
(2, 'Cibersegurança para Colaboradores', 'Sensibilizar para as melhores práticas de segurança digital, phishing e proteção de dados.', '2024-03-15', '2024-03-16', 'Concluida'),
(3, 'Análise de Dados com Python', 'Introdução à análise de dados utilizando as bibliotecas Pandas e Matplotlib.', '2024-09-02', '2024-09-13', 'Em curso'),
(4, 'Técnicas de Negociação e Vendas', 'Aperfeiçoar técnicas de comunicação, persuasão e fecho de negócios para a equipa comercial.', '2025-02-10', '2025-02-14', 'Planeada'),
(5, 'Inteligência Emocional no Trabalho', 'Gerir emoções, melhorar o autoconhecimento e a empatia nas relações interpessoais no trabalho.', '2025-05-19', '2025-05-20', 'Planeada');

-- Dados para Teve_Formacao
INSERT INTO Teve_Formacao (ID_Fun, ID_for, Certificado, Data_inicio, Data_fim) VALUES
(2, 2, NULL, '2024-03-15', '2024-03-15'),
(4, 3, NULL, '2024-09-03', '2024-09-06'),
(4, 4, NULL, '2025-02-12', '2025-02-13'),
(5, 3, NULL, '2024-09-09', '2024-09-09'),
(8, 2, NULL, '2024-03-15', '2024-03-15'),
(9, 3, NULL, '2024-09-07', '2024-09-11'),
(13, 5, NULL, '2025-05-19', '2025-05-19'),
(13, 2, NULL, '2024-03-15', '2024-03-15'),
(14, 5, NULL, '2025-05-19', '2025-05-19'),
(14, 4, NULL, '2025-02-10', '2025-02-10'),
(17, 5, NULL, '2025-05-19', '2025-05-19'),
(17, 1, NULL, '2023-10-07', '2023-10-09'),
(20, 1, NULL, '2023-10-05', '2023-10-08'),
(20, 4, NULL, '2025-02-13', '2025-02-13'),
(22, 4, NULL, '2025-02-13', '2025-02-13'),
(22, 1, NULL, '2023-10-05', '2023-10-06'),
(26, 4, NULL, '2025-02-13', '2025-02-13'),
(26, 3, NULL, '2024-09-12', '2024-09-12'),
(27, 1, NULL, '2023-10-05', '2023-10-07'),
(27, 4, NULL, '2025-02-11', '2025-02-12'),
(29, 1, NULL, '2023-10-07', '2023-10-07'),
(30, 1, NULL, '2023-10-09', '2023-10-09'),
(30, 2, NULL, '2024-03-15', '2024-03-15'),
(31, 1, NULL, '2023-10-06', '2023-10-09'),
(32, 5, NULL, '2025-05-19', '2025-05-19'),
(33, 2, NULL, '2024-03-15', '2024-03-15'),
(34, 5, NULL, '2025-05-19', '2025-05-19'),
(36, 2, NULL, '2024-03-15', '2024-03-15'),
(37, 4, NULL, '2025-02-10', '2025-02-13'),
(37, 1, NULL, '2023-10-07', '2023-10-08'),
(38, 2, NULL, '2024-03-15', '2024-03-15'),
(40, 3, NULL, '2024-09-12', '2024-09-12'),
(40, 1, NULL, '2023-10-07', '2023-10-08'),
(41, 1, NULL, '2023-10-06', '2023-10-08'),
(44, 5, NULL, '2025-05-19', '2025-05-19'),
(46, 3, NULL, '2024-09-02', '2024-09-07'),
(46, 1, NULL, '2023-10-06', '2023-10-09'),
(47, 4, NULL, '2025-02-12', '2025-02-13'),
(47, 5, NULL, '2025-05-19', '2025-05-19'),
(48, 5, NULL, '2025-05-19', '2025-05-19'),
(48, 4, NULL, '2025-02-12', '2025-02-12'),
(50, 1, NULL, '2023-10-09', '2023-10-09'),
(50, 2, NULL, '2024-03-15', '2024-03-15'),
(52, 2, NULL, '2024-03-15', '2024-03-15'),
(52, 3, NULL, '2024-09-12', '2024-09-12'),
(55, 2, NULL, '2024-03-15', '2024-03-15'),
(58, 1, NULL, '2023-10-09', '2023-10-09'),
(59, 2, NULL, '2024-03-15', '2024-03-15'),
(61, 5, NULL, '2025-05-19', '2025-05-19'),
(61, 2, NULL, '2024-03-15', '2024-03-15'),
(62, 2, NULL, '2024-03-15', '2024-03-15'),
(62, 3, NULL, '2024-09-06', '2024-09-09'),
(63, 4, NULL, '2025-02-11', '2025-02-13'),
(65, 2, NULL, '2024-03-15', '2024-03-15'),
(65, 1, NULL, '2023-10-09', '2023-10-09'),
(67, 5, NULL, '2025-05-19', '2025-05-19'),
(67, 4, NULL, '2025-02-12', '2025-02-13'),
(68, 4, NULL, '2025-02-11', '2025-02-12'),
(68, 2, NULL, '2024-03-15', '2024-03-15'),
(69, 1, NULL, '2023-10-07', '2023-10-08'),
(69, 4, NULL, '2025-02-12', '2025-02-12'),
(70, 3, NULL, '2024-09-03', '2024-09-10'),
(76, 2, NULL, '2024-03-15', '2024-03-15'),
(77, 1, NULL, '2023-10-07', '2023-10-07'),
(77, 2, NULL, '2024-03-15', '2024-03-15'),
(78, 5, NULL, '2025-05-19', '2025-05-19'),
(78, 1, NULL, '2023-10-06', '2023-10-08'),
(79, 5, NULL, '2025-05-19', '2025-05-19'),
(79, 2, NULL, '2024-03-15', '2024-03-15'),
(80, 1, NULL, '2023-10-07', '2023-10-08'),
(81, 3, NULL, '2024-09-10', '2024-09-12'),
(81, 2, NULL, '2024-03-15', '2024-03-15'),
(82, 2, NULL, '2024-03-15', '2024-03-15'),
(82, 4, NULL, '2025-02-13', '2025-02-13'),
(83, 5, NULL, '2025-05-19', '2025-05-19'),
(84, 5, NULL, '2025-05-19', '2025-05-19'),
(84, 2, NULL, '2024-03-15', '2024-03-15'),
(87, 3, NULL, '2024-09-07', '2024-09-12'),
(88, 3, NULL, '2024-09-08', '2024-09-09'),
(88, 4, NULL, '2025-02-10', '2025-02-11'),
(93, 5, NULL, '2025-05-19', '2025-05-19'),
(94, 2, NULL, '2024-03-15', '2024-03-15'),
(97, 4, NULL, '2025-02-13', '2025-02-13'),
(97, 3, NULL, '2024-09-03', '2024-09-07'),
(100, 4, NULL, '2025-02-10', '2025-02-13');

-- Dados para Avaliacoes
INSERT INTO Avaliacoes (ID_Fun, ID_avaliador, Data, Avaliacao, Criterios, Autoavaliacao, Avaliacao_Numerica) VALUES
(89, 87, '2022-11-20', NULL, 'Qualidade técnica do trabalho entregue e atenção ao detalhe.', 'Completei a formação X e sinto-me mais confiante nas minhas tarefas.', 1),
(63, 44, '2023-02-25', NULL, 'Avaliação da pontualidade e assiduidade no último semestre.', NULL, 4),
(55, 8, '2025-03-06', NULL, 'Qualidade técnica do trabalho entregue e atenção ao detalhe.', 'Sinto que atingi todos os meus objetivos principais este semestre.', 4),
(36, 47, '2023-12-23', NULL, 'Qualidade técnica do trabalho entregue e atenção ao detalhe.', 'Sinto que atingi todos os meus objetivos principais este semestre.', 1),
(9, 71, '2024-06-26', NULL, 'Iniciativa e proatividade na sugestão de novas melhorias.', 'Tive alguma dificuldade em gerir o projeto Y, mas aprendi muito com o processo.', 4),
(78, 37, '2024-02-21', NULL, 'Avaliação da pontualidade e assiduidade no último semestre.', NULL, 5),
(41, 32, '2025-07-22', NULL, 'Desempenho nos projetos de equipa e capacidade de colaboração.', 'Consegui melhorar a minha organização e gestão de tempo, como foi discutido.', 4),
(45, 46, '2025-01-23', NULL, 'Capacidade de resolução de problemas e tomada de decisão.', 'Gostaria de ter mais formação na área de análise de dados para contribuir melhor.', 3),
(19, 84, '2024-07-10', NULL, 'Qualidade técnica do trabalho entregue e atenção ao detalhe.', NULL, 3),
(78, 24, '2023-08-09', NULL, 'Avaliação da pontualidade e assiduidade no último semestre.', NULL, 2),
(21, 64, '2025-07-14', NULL, 'Gestão de tempo, cumprimento de prazos e organização.', NULL, 3),
(100, 29, '2023-07-16', NULL, 'Iniciativa e proatividade na sugestão de novas melhorias.', 'Preciso de focar-me em ser mais conciso nas reuniões de equipa.', 3),
(97, 14, '2023-02-26', NULL, 'Gestão de tempo, cumprimento de prazos e organização.', NULL, 4),
(67, 63, '2024-12-13', NULL, 'Iniciativa e proatividade na sugestão de novas melhorias.', 'Gostaria de ter mais formação na área de análise de dados para contribuir melhor.', 1),
(49, 22, '2025-09-27', NULL, 'Qualidade técnica do trabalho entregue e atenção ao detalhe.', 'Sinto que atingi todos os meus objetivos principais este semestre.', 2),
(71, 25, '2023-08-12', NULL, 'Desempenho nos projetos de equipa e capacidade de colaboração.', NULL, 4),
(44, 9, '2023-06-19', NULL, 'Qualidade técnica do trabalho entregue e atenção ao detalhe.', 'Preciso de focar-me em ser mais conciso nas reuniões de equipa.', 1),
(17, 47, '2025-06-25', NULL, 'Iniciativa e proatividade na sugestão de novas melhorias.', 'Tive alguma dificuldade em gerir o projeto Y, mas aprendi muito com o processo.', 2),
(39, 34, '2023-12-20', NULL, 'Gestão de tempo, cumprimento de prazos e organização.', 'Tive alguma dificuldade em gerir o projeto Y, mas aprendi muito com o processo.', 1),
(16, 3, '2024-06-10', NULL, 'Gestão de tempo, cumprimento de prazos e organização.', NULL, 3),
(6, 41, '2023-07-27', NULL, 'Qualidade da comunicação com o cliente e stakeholders internos.', NULL, 5),
(30, 28, '2024-03-21', NULL, 'Gestão de tempo, cumprimento de prazos e organização.', 'Preciso de focar-me em ser mais conciso nas reuniões de equipa.', 2),
(85, 32, '2024-02-24', NULL, 'Desempenho nos projetos de equipa e capacidade de colaboração.', NULL, 1),
(53, 60, '2024-04-26', NULL, 'Iniciativa e proatividade na sugestão de novas melhorias.', 'Consegui melhorar a minha organização e gestão de tempo, como foi discutido.', 2),
(55, 1, '2025-02-27', NULL, 'Desempenho nos projetos de equipa e capacidade de colaboração.', 'Gostaria de ter mais formação na área de análise de dados para contribuir melhor.', 2),
(26, 27, '2024-10-19', NULL, 'Avaliação da pontualidade e assiduidade no último semestre.', 'Preciso de focar-me em ser mais conciso nas reuniões de equipa.', 4),
(72, 38, '2025-01-28', NULL, 'Gestão de tempo, cumprimento de prazos e organização.', 'Tive alguma dificuldade em gerir o projeto Y, mas aprendi muito com o processo.', 1),
(25, 18, '2025-05-07', NULL, 'Avaliação da pontualidade e assiduidade no último semestre.', 'Completei a formação X e sinto-me mais confiante nas minhas tarefas.', 5),
(68, 8, '2023-06-23', NULL, 'Avaliação da pontualidade e assiduidade no último semestre.', NULL, 4),
(77, 41, '2024-08-22', NULL, 'Desempenho nos projetos de equipa e capacidade de colaboração.', NULL, 1),
(73, 70, '2023-11-20', NULL, 'Desempenho nos projetos de equipa e capacidade de colaboração.', NULL, 1),
(17, 31, '2024-09-06', NULL, 'Iniciativa e proatividade na sugestão de novas melhorias.', 'Consegui melhorar a minha organização e gestão de tempo, como foi discutido.', 5),
(60, 68, '2024-03-26', NULL, 'Qualidade técnica do trabalho entregue e atenção ao detalhe.', 'Consegui melhorar a minha organização e gestão de tempo, como foi discutido.', 2),
(73, 36, '2024-05-31', NULL, 'Desempenho nos projetos de equipa e capacidade de colaboração.', 'Preciso de focar-me em ser mais conciso nas reuniões de equipa.', 3),
(63, 14, '2024-07-02', NULL, 'Qualidade da comunicação com o cliente e stakeholders internos.', NULL, 4),
(40, 17, '2022-11-23', NULL, 'Iniciativa e proatividade na sugestão de novas melhorias.', 'Preciso de focar-me em ser mais conciso nas reuniões de equipa.', 3),
(96, 54, '2024-01-01', NULL, 'Gestão de tempo, cumprimento de prazos e organização.', 'Completei a formação X e sinto-me mais confiante nas minhas tarefas.', 4),
(79, 61, '2023-10-22', NULL, 'Desempenho nos projetos de equipa e capacidade de colaboração.', 'Consegui melhorar a minha organização e gestão de tempo, como foi discutido.', 5),
(91, 73, '2024-03-08', NULL, 'Capacidade de resolução de problemas e tomada de decisão.', 'Preciso de focar-me em ser mais conciso nas reuniões de equipa.', 1),
(94, 12, '2025-05-02', NULL, 'Iniciativa e proatividade na sugestão de novas melhorias.', NULL, 2);

-- Dados para Utilizadores
INSERT INTO Utilizadores (ID_Fun, Password) VALUES
(1, 'OwopnSaCPE05'),
(2, 'veAbZCtFnc8Y'),
(3, 'TakzvHgs1rbH'),
(4, 'V8QkPdNtNJN4'),
(5, 'sPi8zcML6rQ3'),
(6, '2vE22r6k25PK'),
(7, 'kbOqUwc05Tml'),
(8, 'Rt1cV0XzxPGB'),
(9, '6zJoqCeB1Fni'),
(10, '4PqrrQFr1CEI'),
(11, 'uzPFK9Rkch6i'),
(12, '97wHElWcdIx9'),
(13, 'J0kuINuSu2Tv'),
(14, 'bP2GKIph8AvN'),
(15, 'kiFtMxUw2nRT'),
(16, 'twYUaigHq7OB'),
(17, 'vT3XNwHy1oOv'),
(18, 'EAY2UhwNV2bj'),
(19, '39TdpnBWyWsd'),
(20, '23QUdfx1z23n'),
(21, 'jyDJ0zGSG7Nz'),
(22, 't98KchLncf17'),
(23, 'N5TnVcEffK9X'),
(24, '54QQU9DnQzp1'),
(25, '5LcZvb1eE6aq'),
(26, '2CELuSoU0ZXy'),
(27, 'H05zaC9S2hAY'),
(28, 'jsb12pnamm2M'),
(29, 'aRRN8eRh0BFx'),
(30, 'LWPTf0rWJd8G'),
(31, 'j8aQuVFJbsLY'),
(32, '5FW3QKgwdCZ0'),
(33, '7hEJYmwXh9tz'),
(34, 'E3sWyK9lSbS0'),
(35, '3D72y70h0mb5'),
(36, '8eUpSwqkU9qW'),
(37, 'ZTqnPpvk2wBF'),
(38, '7YLdCkMgdOG4'),
(39, 's6LLLqPU6us1'),
(40, 'cM22N6g3Yt6L'),
(41, '0kznvJIyvQ6s'),
(42, '0c345ldXFCwl'),
(43, '63ZPOiVcMBtz'),
(44, 'GPKrKam9x6Or'),
(45, '05tPPgXZxvmX'),
(46, '6SoMLwUxuXHz'),
(47, '8HumWG0DpPlm'),
(48, 'd4t3rhpjZquL'),
(49, 'GnBWzeb6R6Ze'),
(50, 'v2IHR0te2dZd'),
(51, 'R7wTbYBrjpie'),
(52, '70BdwIbLOrWc'),
(53, 'G9jyh3Mk3BW2'),
(54, 'xyixxKnQ3IjT'),
(55, 'PrvQRk5jf9t1'),
(56, 'R7U96vToecdp'),
(57, '1kIsMZq8mB1G'),
(58, '4bO5v6ZlxfJY'),
(59, '3Inu1fFih6MZ'),
(60, '8BLgPwmOeXZa'),
(61, '15rtbcSl0EeL'),
(62, 'Olj9leGw9QL6'),
(63, 'W72XmNGd3Wds'),
(64, '3PxtFNQ22lWt'),
(65, 'd6R2sOvpCqwo'),
(66, 'zXMmAGzw5BcV'),
(67, 'NqbgOY348Cf9'),
(68, '0BFvpx64VRrA'),
(69, 'irUvi3PyH1ia'),
(70, 'wvJ39owJA6NY'),
(71, '3nsH1owuUiSe'),
(72, '8NRTsWy4wana'),
(73, '54LpRC4eE9Cn'),
(74, 'fJ9p5KIyfl1j'),
(75, '7AO5GfifiRFq'),
(76, 'cLKvBpQHEPJ4'),
(77, 'SQnSxEwr82r4'),
(78, 'lHFnhazR6xKU'),
(79, 'RCkQVSDy7rFG'),
(80, 'cGf0mqnk4gDj'),
(81, 'NO6VmrW65Bgq'),
(82, 'Xwb40eUv48nT'),
(83, '42PW1NvkZeAC'),
(84, '1BL7KbIozp6U'),
(85, 'KMyntwzc3AtQ'),
(86, 'Lk1REfElBOAa'),
(87, 'U5hK8RgsOxGW'),
(88, 'V0yq2kDjHy0V'),
(89, 'Yv7G9sn55c0m'),
(90, '6fOWpb0mZ85m'),
(91, 'wYFjNEWqV0iW'),
(92, 'n0V8EMk3EFxC'),
(93, 'JLklcv9R1OVN'),
(94, 'UXPTlL3z17RB'),
(95, 'a0uYPvjVqTaP'),
(96, '1hP7T1eWnf3g'),
(97, '6BEbNXRtGD3F'),
(98, 'u5N3BOkL16AN'),
(99, '6vhYj6wlupT3'),
(100, 'OO3hIoLux9Wk');

-- Dados para Permissoes
INSERT INTO Permissoes (ID_Fun, Permissao) VALUES
(1, 'Financeiro'),
(1, 'RH'),
(2, 'Manager'),
(2, 'RH'),
(2, 'Admin'),
(3, 'Admin'),
(3, 'RH'),
(3, 'Financeiro'),
(4, 'Funcionario'),
(4, 'Manager'),
(5, 'Financeiro'),
(5, 'Funcionario'),
(6, 'Manager'),
(7, 'Manager'),
(7, 'Funcionario'),
(7, 'RH'),
(8, 'Funcionario'),
(8, 'RH'),
(9, 'Financeiro'),
(9, 'RH'),
(10, 'Admin'),
(10, 'Manager'),
(10, 'RH'),
(11, 'RH'),
(11, 'Admin'),
(11, 'Funcionario'),
(12, 'Manager'),
(13, 'RH'),
(14, 'Financeiro'),
(15, 'Financeiro'),
(16, 'RH'),
(17, 'Funcionario'),
(18, 'RH'),
(19, 'Financeiro'),
(20, 'Funcionario'),
(21, 'Financeiro'),
(21, 'Admin'),
(22, 'RH'),
(23, 'Manager'),
(23, 'RH'),
(23, 'Admin'),
(24, 'Manager'),
(25, 'Manager'),
(26, 'Financeiro'),
(26, 'Manager'),
(26, 'Admin'),
(27, 'Financeiro'),
(28, 'RH'),
(28, 'Financeiro'),
(28, 'Manager'),
(29, 'Manager'),
(30, 'Financeiro'),
(30, 'Manager'),
(30, 'Funcionario'),
(31, 'Admin'),
(31, 'Manager'),
(32, 'RH'),
(32, 'Admin'),
(32, 'Manager'),
(33, 'RH'),
(33, 'Admin'),
(34, 'Manager'),
(35, 'Admin'),
(36, 'Financeiro'),
(36, 'Funcionario'),
(37, 'RH'),
(37, 'Admin'),
(37, 'Funcionario'),
(38, 'Funcionario'),
(38, 'Manager'),
(39, 'Funcionario'),
(40, 'Admin'),
(41, 'Financeiro'),
(42, 'Manager'),
(42, 'Funcionario'),
(43, 'Financeiro'),
(43, 'Manager'),
(44, 'Admin'),
(45, 'Admin'),
(45, 'Manager'),
(46, 'Manager'),
(47, 'Financeiro'),
(47, 'Funcionario'),
(48, 'Manager'),
(48, 'Admin'),
(49, 'Financeiro'),
(49, 'Manager'),
(49, 'Funcionario'),
(50, 'Financeiro'),
(50, 'Manager'),
(51, 'Funcionario'),
(51, 'Admin'),
(52, 'Funcionario'),
(52, 'Manager'),
(53, 'RH'),
(53, 'Financeiro'),
(53, 'Funcionario'),
(54, 'Admin'),
(54, 'RH'),
(54, 'Financeiro'),
(55, 'Financeiro'),
(55, 'Manager'),
(55, 'RH'),
(56, 'Funcionario'),
(57, 'Financeiro'),
(57, 'Manager'),
(57, 'Funcionario'),
(58, 'RH'),
(59, 'RH'),
(59, 'Funcionario'),
(60, 'Funcionario'),
(60, 'Financeiro'),
(60, 'Manager'),
(61, 'Manager'),
(61, 'RH'),
(62, 'RH'),
(63, 'Financeiro'),
(63, 'Funcionario'),
(64, 'Manager'),
(65, 'Funcionario'),
(65, 'Financeiro'),
(65, 'Manager'),
(66, 'RH'),
(66, 'Manager'),
(66, 'Admin'),
(67, 'Financeiro'),
(68, 'Funcionario'),
(68, 'RH'),
(69, 'Funcionario'),
(70, 'Admin'),
(70, 'RH'),
(71, 'RH'),
(72, 'Funcionario'),
(72, 'Admin'),
(73, 'Financeiro'),
(73, 'Manager'),
(73, 'Funcionario'),
(74, 'Funcionario'),
(74, 'Financeiro'),
(74, 'Admin'),
(75, 'Manager'),
(75, 'RH'),
(75, 'Funcionario'),
(76, 'Admin'),
(76, 'Funcionario'),
(76, 'Manager'),
(77, 'Financeiro'),
(77, 'Funcionario'),
(78, 'Financeiro'),
(78, 'Manager'),
(78, 'Admin'),
(79, 'Financeiro'),
(80, 'Funcionario'),
(81, 'Funcionario'),
(81, 'Manager'),
(82, 'Manager'),
(82, 'Funcionario'),
(82, 'RH'),
(83, 'Financeiro'),
(83, 'Admin'),
(83, 'Funcionario'),
(84, 'Funcionario'),
(85, 'Funcionario'),
(86, 'Financeiro'),
(86, 'Manager'),
(86, 'RH'),
(87, 'Financeiro'),
(87, 'Manager'),
(88, 'Admin'),
(89, 'RH'),
(90, 'RH'),
(90, 'Financeiro'),
(90, 'Funcionario'),
(91, 'RH'),
(91, 'Admin'),
(92, 'Admin'),
(92, 'Manager'),
(92, 'Financeiro'),
(93, 'Admin'),
(93, 'RH'),
(93, 'Manager'),
(94, 'Financeiro'),
(94, 'Funcionario'),
(94, 'RH'),
(95, 'Manager'),
(95, 'Financeiro'),
(95, 'Funcionario'),
(96, 'Admin'),
(97, 'RH'),
(98, 'RH'),
(99, 'Financeiro'),
(100, 'RH'),
(100, 'Admin'),
(100, 'Funcionario');
