SET search_path TO bd054_schema, public;
INSERT INTO Departamentos (ID_depart, Nome, ID_gerente) VALUES
(1, 'Recursos Humanos', NULL),
(2, 'Tecnologia da Informação', NULL),
(3, 'Financeiro', NULL),
(4, 'Marketing', NULL),
(5, 'Vendas', NULL),
(6, 'Qualidade', NULL),
(7, 'Atendimento ao Cliente', NULL),
(8, 'Jurídico', NULL);

-- Dados para Funcionarios
INSERT INTO Funcionarios (ID_fun, NIF, Primeiro_nome, Ultimo_nome, Nome_rua, Nome_localidade, Codigo_postal, Num_telemovel, Email, Data_nascimento, Cargo, ID_depart) VALUES
(1, '283684275', 'Mia', 'Carneiro', 'Praça Miranda', 'Vendas Novas', '1723-110', '(351) 910 515 048', 'ema95@example.net', '1982-06-01', 'Assistente Administrativo', 4),
(2, '283684276', 'Júlia', 'Loureiro', 'Avenida Almeida', 'Esmoriz', '9804-546', '(351) 964 482 589', 'xanjos@example.com', '1983-03-09', 'Recepcionista', 4),
(3, '283684277', 'Fábio', 'Araújo', 'Rua Matilde Morais', 'Viana do Castelo', '7614-132', '932 493 625', 'araujopaulo@example.com', '1971-04-04', 'Especialista em Recrutamento', 2),
(4, '283684278', 'Tomé', 'Faria', 'R. Enzo Nunes', 'Guarda', '7087-450', '+351920983369', 'jsimoes@example.org', '2006-01-16', 'Técnico de Suporte de TI', 5),
(5, '283684279', 'Carlota', 'Amaral', 'R. Luísa Mendes', 'Funchal', '8920-292', '(351) 915862694', 'samariana@example.com', '1981-10-13', 'Analista de Qualidade', 4),
(6, '283684280', 'Luciana', 'Assunção', 'Travessa Bárbara Pires', 'Santa Cruz', '1903-433', '+351296503515', 'alvesdavid@example.com', '1959-12-17', 'Designer UI/UX', 8),
(7, '283684281', 'Emanuel', 'Domingues', 'Av de Nogueira', 'Caniço', '9842-793', '(351) 233 387 887', 'hpinto@example.com', '1997-11-09', 'Técnico de Suporte de TI', 2),
(8, '283684282', 'Kelly', 'Coelho', 'Travessa de Matias', 'Amora', '4219-117', '(351) 935 394 457', 'claudioaraujo@example.org', '1961-01-24', 'Redator (Copywriter)', 1),
(9, '283684283', 'Iara', 'Pacheco', 'Av Matilde Bensaúde', 'Alverca do Ribatejo', '8594-268', '(351) 922754229', 'sebastiaoazevedo@example.net', '1960-11-24', 'Especialista em Sucesso do Cliente', 8),
(10, '283684284', 'Teresa', 'Figueiredo', 'Travessa Garcia de Orta ao Parque das Nações', 'Ovar', '0393-966', '(351) 931848571', 'david10@example.net', '2001-04-17', 'Gerente Financeiro', 4),
(11, '283684285', 'Joel', 'Torres', 'Rua Joel Santos', 'Portalegre', '0256-926', '920954097', 'emilia42@example.org', '1962-10-26', 'Analista de Qualidade', 2),
(12, '283684286', 'Afonso', 'Araújo', 'Rua de Domingues', 'Leiria', '8580-178', '272 553 989', 'garciarafael@example.com', '1961-03-05', 'Gerente de Projetos', 6),
(13, '283684287', 'Rúben', 'Mendes', 'Alameda de Estêvão Vasconcelos', 'Montijo', '5260-487', '(351) 931590751', 'alice17@example.org', '1985-09-01', 'Analista de Qualidade', 5),
(14, '283684288', 'Henrique', 'Nunes', 'Travessa de Nogueira', 'Entroncamento', '1109-335', '+351236253603', 'mafalda61@example.com', '2002-04-14', 'Desenvolvedor de Software Sénior', 3),
(15, '283684289', 'Cristiano', 'Lopes', 'Praça Kyara Andrade', 'Paredes', '7437-489', '+351287074750', 'castrosalome@example.net', '1965-11-01', 'Representante de Vendas Interno', 7),
(16, '283684290', 'Andreia', 'Magalhães', 'Praça Carlos Andrade', 'Vila Franca de Xira', '2090-799', '(351) 939 243 542', 'tabreu@example.com', '2007-03-16', 'Analista de Mídia Social', 4),
(17, '283684291', 'Rodrigo', 'Paiva', 'Largo de Sobre-o-Douro', 'Oliveira do Bairro', '9716-007', '(351) 920360903', 'lopesjulia@example.org', '1978-01-30', 'Assistente Jurídico', 3),
(18, '283684292', 'Lúcia', 'Neto', 'Avenida Branco', 'Pombal', '6756-499', '(351) 258 426 854', 'rcastro@example.net', '1972-03-29', 'Técnico de Suporte de TI', 4),
(19, '283684293', 'Naiara', 'Machado', 'Alameda Edgar Cardoso', 'Seia', '7393-758', '(351) 969392062', 'nuneskelly@example.com', '1970-11-24', 'Recepcionista', 8),
(20, '283684294', 'João', 'Almeida', 'Travessa Gonçalves', 'Póvoa de Santa Iria', '4360-062', '912 378 525', 'veramatos@example.org', '1995-03-03', 'Analista de Recursos Humanos', 8),
(21, '283684295', 'Constança', 'Nascimento', 'Largo de Jesus', 'Estremoz', '1559-805', '(351) 922 024 068', 'melissa36@example.org', '1990-12-02', 'Analista de Mídia Social', 4),
(22, '283684296', 'Manuel', 'Soares', 'Largo Brito', 'Ourém', '8891-708', '910738829', 'santiagodomingues@example.net', '2002-11-23', 'Desenvolvedor de Software Sénior', 1),
(23, '283684297', 'Carlos', 'Anjos', 'Praça dos Bacalhoeiros', 'Fafe', '3992-342', '(351) 934 185 510', 'loureirolia@example.org', '1971-10-05', 'Gerente de Projetos', 6),
(24, '283684298', 'Lara', 'Abreu', 'Travessa de Sousa', 'Braga', '4513-826', '(351) 963 754 989', 'qmendes@example.org', '1965-06-07', 'Analista de Mídia Social', 4),
(25, '283684299', 'Pedro', 'Soares', 'Avenida Andreia Leite', 'Elvas', '3936-247', '962753326', 'xmatias@example.org', '1980-11-27', 'Especialista em Recrutamento', 2),
(26, '283684300', 'Guilherme', 'Vicente', 'Avenida Renata Sousa', 'Macedo de Cavaleiros', '4202-125', '927373830', 'omacedo@example.org', '1984-02-14', 'Representante de Vendas Interno', 7),
(27, '283684301', 'Duarte', 'Macedo', 'Av de Paiva', 'Portimão', '0988-197', '(351) 964 036 466', 'orocha@example.net', '1960-01-25', 'Designer UI/UX', 5),
(28, '283684302', 'Débora', 'Carneiro', 'Largo da Carvalhosa', 'Barreiro', '8287-598', '(351) 910 917 200', 'nogueirakevin@example.org', '1978-03-07', 'Especialista em Marketing Digital', 8),
(29, '283684303', 'Bernardo', 'Leal', 'R. Ferreira de Mira', 'Figueira da Foz', '4140-331', '966220158', 'rui02@example.org', '1983-03-29', 'Redator (Copywriter)', 2),
(30, '283684304', 'Clara', 'Alves', 'Avenida Érica Castro', 'Amarante', '0468-304', '(351) 968751753', 'leticia81@example.org', '2005-12-30', 'Analista de Sistemas', 4),
(31, '283684305', 'Nádia', 'Garcia', 'Av da França', 'Santa Comba Dão', '2290-859', '+351917988915', 'silvaandreia@example.org', '1999-11-04', 'Agente de Atendimento ao Cliente', 7),
(32, '283684306', 'Victória', 'Miranda', 'Avenida Amorim', 'Horta', '4226-102', '960 421 403', 'enzo70@example.net', '1996-01-16', 'Gerente de Vendas', 5),
(33, '283684307', 'Carolina', 'Antunes', 'Alameda do Calhau', 'Tondela', '8441-830', '(351) 924905693', 'micaelmonteiro@example.net', '1999-09-18', 'Assistente Administrativo', 5),
(34, '283684308', 'Sebastião', 'Cruz', 'Avenida de Azevedo', 'Vila Nova de Foz Côa', '7348-418', '(351) 205 093 721', 'dinispires@example.net', '1994-10-03', 'Recepcionista', 8),
(35, '283684309', 'Diogo', 'Torres', 'Rua Magalhães', 'Tomar', '5386-741', '928 292 522', 'teresaamorim@example.com', '1974-09-23', 'Analista de Qualidade', 5),
(36, '283684310', 'Jaime', 'Brito', 'Praça Cardeal Cerejeira', 'Torres Novas', '1480-566', '(351) 962 442 853', 'gmatos@example.com', '1977-04-12', 'Diretor de Operações (COO)', 7),
(37, '283684311', 'Débora', 'Branco', 'Avenida Vítor Assunção', 'Valbom', '7487-530', '(351) 917 273 896', 'nair93@example.net', '1993-01-26', 'Recepcionista', 3),
(38, '283684312', 'Álvaro', 'Oliveira', 'Alameda Leonardo Gonçalves', 'Albufeira', '8154-303', '961 589 326', 'eva88@example.com', '1982-01-20', 'Especialista em Marketing Digital', 1),
(39, '283684313', 'Edgar', 'Melo', 'Travessa Matias', 'Cartaxo', '0685-930', '(351) 968 478 301', 'joaquimsilva@example.org', '1987-07-26', 'Gerente de Marketing', 4),
(40, '283684314', 'Tomé', 'Jesus', 'Praça João Glama', 'Guimarães', '8559-641', '916802772', 'silvafernando@example.org', '1984-08-10', 'Analista de Mídia Social', 4),
(41, '283684315', 'Bianca', 'Brito', 'Alameda de Vasco da Gama', 'Macedo de Cavaleiros', '7965-667', '+351214035152', 'vmatias@example.net', '1997-11-17', 'Analista de Sistemas', 3),
(42, '283684316', 'César', 'Coelho', 'Largo de São Lourenço', 'Rebordosa', '0080-376', '(351) 275734121', 'joseferreira@example.org', '1992-03-15', 'Analista de Sistemas', 1),
(43, '283684317', 'Ângela', 'Fonseca', 'Avenida de Soares', 'Odivelas', '6238-320', '(351) 934 895 043', 'salometavares@example.com', '1964-01-29', 'Executivo de Contas', 4),
(44, '283684318', 'Carlos', 'Barros', 'Praça Henrique Jesus', 'Lagos', '7101-949', '(351) 935 178 467', 'qcoelho@example.com', '1986-08-01', 'Gerente de Marketing', 6),
(45, '283684319', 'Vítor', 'Jesus', 'Avenida de Pinho', 'Serpa', '7237-974', '932528935', 'rui48@example.com', '1998-06-25', 'Analista de Recursos Humanos', 3),
(46, '283684320', 'Alexandre', 'Fonseca', 'Rua de Loureiro', 'Vila do Conde', '2106-577', '933 961 583', 'enogueira@example.com', '1975-02-16', 'Analista de Mídia Social', 8),
(47, '283684321', 'Nádia', 'Borges', 'Largo Bárbara Vaz', 'Póvoa de Varzim', '3811-629', '(351) 966903677', 'gbrito@example.org', '1961-05-03', 'Analista Financeiro', 8),
(48, '283684322', 'Brian', 'Barbosa', 'Rua de Carneiro', 'Vale de Cambra', '3290-434', '212 590 427', 'rribeiro@example.com', '1976-04-18', 'Gerente de Vendas', 5),
(49, '283684323', 'Mateus', 'Coelho', 'Praça Oliveira', 'Gafanha da Nazaré', '8817-473', '(351) 925 398 913', 'opaiva@example.org', '1990-09-11', 'Agente de Atendimento ao Cliente', 1),
(50, '283684324', 'Andreia', 'Pinto', 'Av Martins', 'Montemor-o-Novo', '9921-198', '(351) 917 708 388', 'toliveira@example.org', '1973-11-01', 'Analista Financeiro', 5);

-- 3. Atualização dos Gerentes nos Departamentos
UPDATE Departamentos SET ID_gerente = 7 WHERE ID_depart = 1;
UPDATE Departamentos SET ID_gerente = 46 WHERE ID_depart = 2;
UPDATE Departamentos SET ID_gerente = 18 WHERE ID_depart = 3;
UPDATE Departamentos SET ID_gerente = 11 WHERE ID_depart = 4;
UPDATE Departamentos SET ID_gerente = 23 WHERE ID_depart = 5;
UPDATE Departamentos SET ID_gerente = 22 WHERE ID_depart = 6;
UPDATE Departamentos SET ID_gerente = 40 WHERE ID_depart = 7;
UPDATE Departamentos SET ID_gerente = 45 WHERE ID_depart = 8;

-- 4. Inserção das restantes tabelas

-- Dados para Remuneracoes
INSERT INTO Remuneracoes (ID_fun, Data_inicio, Data_fim) VALUES
(1, '2025-02-02', '2026-12-27'),
(2, '2021-04-01', '2023-03-15'),
(3, '2023-08-21', NULL),
(4, '2025-05-22', '2026-07-07'),
(5, '2022-07-21', '2024-07-22'),
(6, '2025-06-08', NULL),
(7, '2021-02-11', NULL),
(8, '2021-10-23', NULL),
(9, '2021-06-27', NULL),
(10, '2021-09-27', NULL),
(11, '2025-08-29', NULL),
(12, '2021-07-22', NULL),
(13, '2025-06-02', '2026-11-25'),
(14, '2022-11-18', NULL),
(15, '2023-10-18', '2025-01-01'),
(16, '2021-06-17', NULL),
(17, '2024-03-07', '2025-04-26'),
(18, '2023-03-27', '2023-12-18'),
(19, '2025-10-15', '2027-07-12'),
(20, '2024-04-05', '2027-10-22'),
(21, '2024-01-31', NULL),
(22, '2023-05-07', NULL),
(23, '2024-01-17', NULL),
(24, '2025-08-13', '2027-03-07'),
(25, '2023-09-26', NULL),
(26, '2024-12-10', '2025-06-27'),
(27, '2025-04-10', NULL),
(28, '2021-01-21', NULL),
(29, '2025-06-27', NULL),
(30, '2024-07-23', '2026-09-22'),
(31, '2022-11-16', NULL),
(32, '2022-09-11', NULL),
(33, '2025-10-19', NULL),
(34, '2025-04-19', '2026-05-06'),
(35, '2025-05-07', '2029-02-08'),
(36, '2024-11-22', NULL),
(37, '2023-06-14', '2025-03-20'),
(38, '2021-12-25', '2022-09-08'),
(39, '2023-05-21', '2026-04-01'),
(40, '2021-08-02', '2024-11-21'),
(41, '2022-10-19', NULL),
(42, '2025-02-21', '2026-12-15'),
(43, '2025-06-15', '2026-10-01'),
(44, '2024-03-27', '2025-12-01'),
(45, '2024-05-25', '2027-10-29'),
(46, '2024-01-02', NULL),
(47, '2022-08-26', '2025-08-02'),
(48, '2024-08-19', NULL),
(49, '2021-02-16', NULL),
(50, '2022-01-20', NULL);

-- Dados para Salario
INSERT INTO Salario (ID_fun, Data_inicio, salario_bruto) VALUES
(1, '2025-02-02', 2691.96),
(2, '2021-04-01', 1712.9),
(3, '2023-08-21', 1114.59),
(4, '2025-05-22', 955.53),
(5, '2022-07-21', 1887.57),
(6, '2025-06-08', 2065.01),
(7, '2021-02-11', 950.0),
(8, '2021-10-23', 1667.92),
(9, '2021-06-27', 2275.53),
(10, '2021-09-27', 2375.4),
(11, '2025-08-29', 1406.11),
(12, '2021-07-22', 1021.86),
(13, '2025-06-02', 2043.78),
(14, '2022-11-18', 2544.41),
(15, '2023-10-18', 1071.01),
(16, '2021-06-17', 950.0),
(17, '2024-03-07', 1232.36),
(18, '2023-03-27', 1260.51),
(19, '2025-10-15', 950.0),
(20, '2024-04-05', 950.79),
(21, '2024-01-31', 2106.83),
(22, '2023-05-07', 1847.5),
(23, '2024-01-17', 1131.32),
(24, '2025-08-13', 2248.1),
(25, '2023-09-26', 1761.79),
(26, '2024-12-10', 2171.22),
(27, '2025-04-10', 1008.4),
(28, '2021-01-21', 1211.24),
(29, '2025-06-27', 957.38),
(30, '2024-07-23', 1806.31),
(31, '2022-11-16', 2107.0),
(32, '2022-09-11', 1672.7),
(33, '2025-10-19', 2779.18),
(34, '2025-04-19', 1769.41),
(35, '2025-05-07', 1360.41),
(36, '2024-11-22', 2624.8),
(37, '2023-06-14', 2263.81),
(38, '2021-12-25', 1322.67),
(39, '2023-05-21', 1181.03),
(40, '2021-08-02', 2101.38),
(41, '2022-10-19', 1759.93),
(42, '2025-02-21', 974.41),
(43, '2025-06-15', 1503.67),
(44, '2024-03-27', 2443.38),
(45, '2024-05-25', 950.0),
(46, '2024-01-02', 2199.3),
(47, '2022-08-26', 950.0),
(48, '2024-08-19', 1105.82),
(49, '2021-02-16', 1510.76),
(50, '2022-01-20', 950.0);

-- Dados para Beneficios
INSERT INTO Beneficios (ID_fun, Data_inicio, tipo, valor) VALUES
(1, '2025-02-02', 'Carro Empresa', 31.37),
(1, '2025-02-02', 'Subsídio Transporte', 404.78),
(1, '2025-02-02', 'Telemóvel Empresa', 377.46),
(2, '2021-04-01', 'Telemóvel Empresa', 121.57),
(2, '2021-04-01', 'Subsídio Transporte', 293.4),
(3, '2023-08-21', 'Telemóvel Empresa', 316.85),
(3, '2023-08-21', 'Subsídio Transporte', 433.01),
(4, '2025-05-22', 'Subsídio Transporte', 328.07),
(4, '2025-05-22', 'Telemóvel Empresa', 115.07),
(5, '2022-07-21', 'Subsídio Transporte', 425.36),
(5, '2022-07-21', 'Subsídio Alimentação', 361.03),
(6, '2025-06-08', 'Telemóvel Empresa', 36.46),
(6, '2025-06-08', 'Seguro Saúde', 165.66),
(6, '2025-06-08', 'Subsídio Alimentação', 212.58),
(7, '2021-02-11', 'Telemóvel Empresa', 365.76),
(7, '2021-02-11', 'Seguro Saúde', 368.14),
(7, '2021-02-11', 'Carro Empresa', 306.58),
(8, '2021-10-23', 'Telemóvel Empresa', 100.03),
(8, '2021-10-23', 'Subsídio Alimentação', 204.43),
(8, '2021-10-23', 'Seguro Saúde', 206.35),
(9, '2021-06-27', 'Telemóvel Empresa', 385.84),
(9, '2021-06-27', 'Seguro Saúde', 183.89),
(10, '2021-09-27', 'Subsídio Alimentação', 238.14),
(10, '2021-09-27', 'Carro Empresa', 366.36),
(10, '2021-09-27', 'Telemóvel Empresa', 228.62),
(12, '2021-07-22', 'Carro Empresa', 173.29),
(13, '2025-06-02', 'Subsídio Alimentação', 337.28),
(14, '2022-11-18', 'Seguro Saúde', 209.4),
(14, '2022-11-18', 'Carro Empresa', 115.45),
(15, '2023-10-18', 'Telemóvel Empresa', 228.08),
(15, '2023-10-18', 'Subsídio Transporte', 349.07),
(17, '2024-03-07', 'Telemóvel Empresa', 256.99),
(17, '2024-03-07', 'Seguro Saúde', 76.37),
(17, '2024-03-07', 'Subsídio Alimentação', 211.89),
(18, '2023-03-27', 'Subsídio Alimentação', 73.02),
(19, '2025-10-15', 'Telemóvel Empresa', 52.63),
(20, '2024-04-05', 'Carro Empresa', 70.59),
(20, '2024-04-05', 'Subsídio Transporte', 396.64),
(20, '2024-04-05', 'Seguro Saúde', 347.99),
(21, '2024-01-31', 'Telemóvel Empresa', 87.51),
(21, '2024-01-31', 'Subsídio Transporte', 336.04),
(23, '2024-01-17', 'Subsídio Transporte', 159.77),
(24, '2025-08-13', 'Subsídio Transporte', 276.21),
(25, '2023-09-26', 'Seguro Saúde', 225.62),
(25, '2023-09-26', 'Telemóvel Empresa', 134.45),
(26, '2024-12-10', 'Subsídio Alimentação', 248.15),
(26, '2024-12-10', 'Subsídio Transporte', 297.68),
(27, '2025-04-10', 'Subsídio Alimentação', 343.22),
(27, '2025-04-10', 'Seguro Saúde', 421.78),
(27, '2025-04-10', 'Telemóvel Empresa', 372.19),
(28, '2021-01-21', 'Carro Empresa', 330.46),
(28, '2021-01-21', 'Seguro Saúde', 301.26),
(28, '2021-01-21', 'Telemóvel Empresa', 73.08),
(29, '2025-06-27', 'Telemóvel Empresa', 57.56),
(30, '2024-07-23', 'Subsídio Alimentação', 339.26),
(30, '2024-07-23', 'Carro Empresa', 415.67),
(30, '2024-07-23', 'Seguro Saúde', 136.5),
(31, '2022-11-16', 'Carro Empresa', 233.11),
(32, '2022-09-11', 'Telemóvel Empresa', 176.77),
(32, '2022-09-11', 'Subsídio Transporte', 362.71),
(32, '2022-09-11', 'Carro Empresa', 187.59),
(33, '2025-10-19', 'Subsídio Alimentação', 448.21),
(33, '2025-10-19', 'Telemóvel Empresa', 412.91),
(34, '2025-04-19', 'Carro Empresa', 254.81),
(34, '2025-04-19', 'Seguro Saúde', 314.94),
(34, '2025-04-19', 'Subsídio Transporte', 394.22),
(36, '2024-11-22', 'Seguro Saúde', 296.21),
(36, '2024-11-22', 'Subsídio Alimentação', 273.41),
(37, '2023-06-14', 'Subsídio Transporte', 376.29),
(37, '2023-06-14', 'Subsídio Alimentação', 281.62),
(38, '2021-12-25', 'Telemóvel Empresa', 202.32),
(39, '2023-05-21', 'Subsídio Transporte', 94.34),
(39, '2023-05-21', 'Telemóvel Empresa', 67.99),
(41, '2022-10-19', 'Subsídio Transporte', 238.98),
(41, '2022-10-19', 'Carro Empresa', 371.09),
(42, '2025-02-21', 'Subsídio Alimentação', 156.48),
(42, '2025-02-21', 'Seguro Saúde', 98.19),
(42, '2025-02-21', 'Telemóvel Empresa', 241.48),
(43, '2025-06-15', 'Carro Empresa', 190.86),
(43, '2025-06-15', 'Subsídio Transporte', 392.8),
(43, '2025-06-15', 'Subsídio Alimentação', 151.66),
(46, '2024-01-02', 'Subsídio Alimentação', 337.28),
(46, '2024-01-02', 'Carro Empresa', 181.81),
(46, '2024-01-02', 'Subsídio Transporte', 207.41),
(47, '2022-08-26', 'Subsídio Alimentação', 435.18),
(47, '2022-08-26', 'Subsídio Transporte', 432.84),
(47, '2022-08-26', 'Telemóvel Empresa', 153.67),
(49, '2021-02-16', 'Telemóvel Empresa', 392.7);

-- Dados para Ferias
INSERT INTO Ferias (ID_fun, data_inicio, data_fim, num_dias, estado_aprov) VALUES
(1, '2025-06-18', '2025-06-20', 2, 'Rejeitado'),
(1, '2025-10-17', '2025-10-28', 11, 'Por aprovar'),
(2, '2023-03-26', '2023-04-07', 12, 'Aprovado'),
(2, '2024-11-09', '2024-11-15', 6, 'Aprovado'),
(2, '2023-12-12', '2023-12-22', 10, 'Aprovado'),
(3, '2025-09-14', '2025-09-17', 3, 'Aprovado'),
(3, '2024-01-25', '2024-02-09', 15, 'Por aprovar'),
(3, '2024-11-25', '2024-12-03', 8, 'Aprovado'),
(4, '2023-06-18', '2023-06-21', 3, 'Aprovado'),
(6, '2023-06-06', '2023-06-13', 7, 'Aprovado'),
(6, '2023-10-31', '2023-11-12', 12, 'Aprovado'),
(8, '2023-12-05', '2023-12-18', 13, 'Aprovado'),
(8, '2023-05-22', '2023-05-29', 7, 'Por aprovar'),
(9, '2023-07-06', '2023-07-09', 3, 'Aprovado'),
(9, '2024-07-30', '2024-08-12', 13, 'Rejeitado'),
(9, '2024-01-23', '2024-01-27', 4, 'Aprovado'),
(9, '2024-11-17', '2024-11-20', 3, 'Aprovado'),
(10, '2023-04-22', '2023-05-04', 12, 'Aprovado'),
(11, '2024-01-13', '2024-01-25', 12, 'Aprovado'),
(11, '2024-01-31', '2024-02-13', 13, 'Aprovado'),
(11, '2025-01-07', '2025-01-11', 4, 'Por aprovar'),
(12, '2025-06-18', '2025-06-28', 10, 'Por aprovar'),
(12, '2025-09-22', '2025-10-02', 10, 'Aprovado'),
(13, '2025-05-06', '2025-05-13', 7, 'Aprovado'),
(13, '2023-02-15', '2023-02-21', 6, 'Por aprovar'),
(14, '2024-12-07', '2024-12-19', 12, 'Por aprovar'),
(14, '2024-12-31', '2025-01-08', 8, 'Por aprovar'),
(15, '2023-09-24', '2023-10-04', 10, 'Aprovado'),
(15, '2024-11-14', '2024-11-20', 6, 'Aprovado'),
(15, '2024-10-13', '2024-10-19', 6, 'Aprovado'),
(15, '2024-09-19', '2024-09-25', 6, 'Aprovado'),
(16, '2024-09-16', '2024-10-01', 15, 'Aprovado'),
(16, '2025-07-27', '2025-08-07', 11, 'Aprovado'),
(16, '2023-07-06', '2023-07-08', 2, 'Por aprovar'),
(16, '2023-06-24', '2023-06-28', 4, 'Aprovado'),
(17, '2022-12-11', '2022-12-16', 5, 'Rejeitado'),
(18, '2025-05-14', '2025-05-22', 8, 'Por aprovar'),
(18, '2025-09-17', '2025-09-26', 9, 'Aprovado'),
(18, '2024-12-30', '2025-01-12', 13, 'Aprovado'),
(19, '2023-10-25', '2023-11-09', 15, 'Aprovado'),
(19, '2025-07-07', '2025-07-14', 7, 'Aprovado'),
(20, '2025-10-12', '2025-10-15', 3, 'Aprovado'),
(20, '2023-03-24', '2023-04-02', 9, 'Aprovado'),
(21, '2025-11-01', '2025-11-08', 7, 'Aprovado'),
(21, '2025-04-13', '2025-04-19', 6, 'Aprovado'),
(22, '2023-01-13', '2023-01-21', 8, 'Por aprovar'),
(22, '2023-07-03', '2023-07-10', 7, 'Aprovado'),
(23, '2023-02-06', '2023-02-14', 8, 'Por aprovar'),
(24, '2024-01-11', '2024-01-26', 15, 'Aprovado'),
(24, '2023-07-14', '2023-07-23', 9, 'Aprovado'),
(24, '2025-10-14', '2025-10-29', 15, 'Aprovado'),
(25, '2025-04-03', '2025-04-17', 14, 'Aprovado'),
(25, '2024-08-15', '2024-08-30', 15, 'Aprovado'),
(25, '2023-06-17', '2023-06-22', 5, 'Rejeitado'),
(25, '2023-12-26', '2023-12-31', 5, 'Por aprovar'),
(26, '2025-04-12', '2025-04-26', 14, 'Por aprovar'),
(26, '2023-04-03', '2023-04-06', 3, 'Aprovado'),
(27, '2022-12-09', '2022-12-22', 13, 'Rejeitado'),
(27, '2022-12-30', '2023-01-05', 6, 'Aprovado'),
(29, '2025-04-10', '2025-04-18', 8, 'Aprovado'),
(31, '2025-05-31', '2025-06-12', 12, 'Aprovado'),
(31, '2024-01-21', '2024-01-26', 5, 'Aprovado'),
(31, '2023-11-02', '2023-11-05', 3, 'Aprovado'),
(32, '2023-06-06', '2023-06-19', 13, 'Por aprovar'),
(33, '2023-02-28', '2023-03-15', 15, 'Por aprovar'),
(34, '2024-04-23', '2024-05-05', 12, 'Aprovado'),
(35, '2023-11-29', '2023-12-12', 13, 'Por aprovar'),
(36, '2025-06-08', '2025-06-18', 10, 'Aprovado'),
(36, '2024-06-05', '2024-06-10', 5, 'Aprovado'),
(37, '2023-03-29', '2023-04-01', 3, 'Rejeitado'),
(37, '2024-10-27', '2024-10-30', 3, 'Por aprovar'),
(37, '2025-04-18', '2025-04-26', 8, 'Aprovado'),
(39, '2023-06-21', '2023-07-02', 11, 'Aprovado'),
(39, '2025-09-25', '2025-10-02', 7, 'Aprovado'),
(40, '2023-08-09', '2023-08-21', 12, 'Rejeitado'),
(40, '2023-08-11', '2023-08-20', 9, 'Aprovado'),
(40, '2023-06-21', '2023-07-01', 10, 'Aprovado'),
(40, '2025-01-20', '2025-02-01', 12, 'Aprovado'),
(41, '2025-10-23', '2025-11-06', 14, 'Aprovado'),
(41, '2023-01-28', '2023-02-09', 12, 'Rejeitado'),
(41, '2023-02-25', '2023-03-02', 5, 'Aprovado'),
(41, '2024-07-23', '2024-07-25', 2, 'Rejeitado'),
(42, '2023-06-26', '2023-07-08', 12, 'Por aprovar'),
(42, '2024-06-27', '2024-07-04', 7, 'Por aprovar'),
(42, '2025-03-28', '2025-04-12', 15, 'Rejeitado'),
(42, '2023-10-16', '2023-10-28', 12, 'Rejeitado'),
(43, '2024-11-25', '2024-12-06', 11, 'Aprovado'),
(44, '2024-10-03', '2024-10-16', 13, 'Aprovado'),
(44, '2025-09-28', '2025-10-10', 12, 'Aprovado'),
(44, '2024-09-08', '2024-09-14', 6, 'Aprovado'),
(45, '2023-10-08', '2023-10-21', 13, 'Aprovado'),
(45, '2024-05-13', '2024-05-26', 13, 'Por aprovar'),
(45, '2024-08-29', '2024-09-10', 12, 'Aprovado'),
(48, '2022-11-23', '2022-12-01', 8, 'Aprovado'),
(49, '2025-09-28', '2025-10-08', 10, 'Rejeitado'),
(50, '2024-09-11', '2024-09-20', 9, 'Por aprovar'),
(50, '2024-03-28', '2024-04-11', 14, 'Rejeitado'),
(50, '2023-03-08', '2023-03-20', 12, 'Aprovado'),
(50, '2024-09-14', '2024-09-26', 12, 'Rejeitado');

-- Dados para Dependentes
INSERT INTO Dependentes (ID_Fun, nome, sexo, data_nascimento, parentesco) VALUES
(2, 'Alícia Valente', 'Outro', '1957-01-29', 'Pai/Mãe'),
(7, 'Igor do Moreira', 'Masculino', '1958-10-13', 'Pai/Mãe'),
(8, 'Nádia Machado', 'Feminino', '1936-11-11', 'Pai/Mãe'),
(27, 'Cláudio Correia', 'Masculino', '1927-06-30', 'Pai/Mãe'),
(29, 'William Costa', 'Masculino', '1944-09-20', 'Pai/Mãe'),
(30, 'Beatriz-Núria Fernandes', 'Masculino', '1971-01-15', 'Pai/Mãe'),
(31, 'Vasco Garcia', 'Masculino', '1975-09-01', 'Pai/Mãe'),
(33, 'Joel Azevedo', 'Feminino', '1965-10-06', 'Pai/Mãe'),
(38, 'Mélanie Torres', 'Masculino', '1958-12-16', 'Pai/Mãe'),
(39, 'Enzo Leal-Alves', 'Masculino', '1962-03-17', 'Pai/Mãe'),
(42, 'Leandro Batista', 'Outro', '1966-01-19', 'Pai/Mãe'),
(45, 'Lia Gaspar', 'Masculino', '1977-11-05', 'Pai/Mãe'),
(46, 'Violeta Pinheiro', 'Masculino', '1952-06-30', 'Pai/Mãe'),
(49, 'Miriam Macedo', 'Feminino', '1946-12-14', 'Pai/Mãe'),
(1, 'Tomé Vieira', 'Masculino', '1987-09-17', 'Filho(a)'),
(1, 'Eduardo Carvalho', 'Masculino', '2013-07-23', 'Filho(a)'),
(2, 'Salvador Ribeiro', 'Outro', '1948-06-20', 'Cônjuge'),
(2, 'Eduardo Moreira', 'Feminino', '2016-02-19', 'Enteado(a)'),
(2, 'Wilson Tavares', 'Outro', '2017-06-10', 'Enteado(a)'),
(3, 'Emanuel Cunha', 'Feminino', '1999-10-23', 'Filho(a)'),
(3, 'Mafalda Lima-Sousa', 'Feminino', '1976-01-11', 'Filho(a)'),
(3, 'Eduardo Coelho', 'Feminino', '1988-06-12', 'Enteado(a)'),
(3, 'Yasmin Neves', 'Outro', '2000-12-20', 'Filho(a)'),
(4, 'Mara Magalhães', 'Masculino', '2009-06-16', 'Filho(a)'),
(4, 'Denis Esteves', 'Masculino', '1958-07-05', 'Cônjuge'),
(4, 'Flor Loureiro', 'Masculino', '2017-05-13', 'Filho(a)'),
(4, 'Valentina Branco', 'Masculino', '2025-09-06', 'Filho(a)'),
(5, 'Raquel Cardoso-Coelho', 'Masculino', '2024-12-08', 'Filho(a)'),
(5, 'Xavier da Amaral', 'Outro', '1989-06-14', 'Enteado(a)'),
(5, 'Vera Neto', 'Feminino', '2015-04-16', 'Filho(a)'),
(7, 'Salomé Cunha', 'Masculino', '1967-06-30', 'Enteado(a)'),
(7, 'Sérgio Torres-Vieira', 'Feminino', '2022-01-31', 'Filho(a)'),
(8, 'Diego Tavares', 'Feminino', '1968-02-29', 'Filho(a)'),
(9, 'Joaquim Ramos', 'Outro', '2003-08-02', 'Cônjuge'),
(9, 'Igor Carvalho', 'Outro', '1988-05-21', 'Enteado(a)'),
(9, 'Salomé Pinho', 'Feminino', '1991-11-08', 'Filho(a)'),
(9, 'Lourenço Macedo', 'Outro', '1971-08-17', 'Filho(a)'),
(10, 'Madalena Vaz-Reis', 'Outro', '2008-07-24', 'Filho(a)'),
(13, 'Júlia-Alice Correia', 'Feminino', '1967-05-23', 'Enteado(a)'),
(13, 'Denis Costa', 'Feminino', '1960-11-27', 'Cônjuge'),
(13, 'Ismael Marques', 'Feminino', '1980-09-10', 'Enteado(a)'),
(15, 'Luísa Assunção', 'Feminino', '2004-08-16', 'Filho(a)'),
(18, 'Jaime Sá', 'Outro', '1998-03-09', 'Enteado(a)'),
(18, 'Edgar Barros', 'Masculino', '1948-10-07', 'Enteado(a)'),
(18, 'Pilar Mendes', 'Outro', '1981-07-21', 'Filho(a)'),
(19, 'Nair Esteves', 'Feminino', '1958-03-10', 'Cônjuge'),
(19, 'Pilar Rocha', 'Feminino', '1988-04-01', 'Filho(a)'),
(22, 'Letícia de Costa', 'Feminino', '2014-12-14', 'Filho(a)'),
(22, 'Diego Guerreiro-Sá', 'Feminino', '2003-12-11', 'Cônjuge'),
(22, 'Salomé Nogueira-Macedo', 'Masculino', '2006-06-24', 'Enteado(a)'),
(22, 'Henrique Valente-Amaral', 'Outro', '2001-12-01', 'Enteado(a)'),
(24, 'Simão Teixeira', 'Masculino', '1984-07-31', 'Filho(a)'),
(24, 'Beatriz Cardoso', 'Feminino', '1975-01-20', 'Filho(a)'),
(26, 'Martim Guerreiro', 'Masculino', '2015-07-03', 'Filho(a)'),
(26, 'Rui Soares', 'Outro', '1981-12-15', 'Enteado(a)'),
(27, 'Carlota-Luana Barros', 'Outro', '1967-12-17', 'Cônjuge'),
(27, 'Luna-Valentina Figueiredo', 'Outro', '1965-12-27', 'Filho(a)'),
(28, 'Ismael Rodrigues', 'Feminino', '1994-08-05', 'Cônjuge'),
(30, 'Ivo Andrade', 'Outro', '2021-01-29', 'Filho(a)'),
(30, 'Eva Anjos', 'Masculino', '1975-10-12', 'Enteado(a)'),
(30, 'Valentina Lopes', 'Feminino', '1972-06-09', 'Enteado(a)'),
(31, 'Ema-Isabela Branco', 'Outro', '2009-10-07', 'Filho(a)'),
(31, 'Tiago Borges', 'Outro', '2021-05-03', 'Filho(a)'),
(32, 'Matilde Alves', 'Feminino', '1960-06-09', 'Enteado(a)'),
(32, 'Joaquim Alves', 'Feminino', '1958-07-20', 'Cônjuge'),
(32, 'Ivo Matos', 'Masculino', '1998-11-10', 'Cônjuge'),
(33, 'Marcos Cunha', 'Masculino', '1956-01-27', 'Enteado(a)'),
(33, 'Francisco Marques', 'Masculino', '2004-07-08', 'Filho(a)'),
(33, 'Frederico Barbosa', 'Masculino', '2015-11-04', 'Filho(a)'),
(37, 'Anita do Costa', 'Feminino', '1999-09-10', 'Enteado(a)'),
(38, 'Duarte de Lima', 'Feminino', '2013-03-31', 'Filho(a)'),
(38, 'Luciana Costa', 'Masculino', '1986-08-07', 'Filho(a)'),
(38, 'Erika Araújo', 'Outro', '1961-07-29', 'Cônjuge'),
(39, 'Fábio Silva', 'Masculino', '2024-05-28', 'Cônjuge'),
(40, 'Bruna Andrade', 'Feminino', '1997-10-18', 'Enteado(a)'),
(40, 'Enzo Marques', 'Feminino', '2004-07-05', 'Filho(a)'),
(40, 'Vitória Soares', 'Feminino', '1999-06-09', 'Filho(a)'),
(42, 'Luís Brito', 'Outro', '1991-11-23', 'Enteado(a)'),
(42, 'Lara-Marta Andrade', 'Outro', '2003-08-14', 'Filho(a)'),
(43, 'Mário Lopes', 'Feminino', '1998-10-15', 'Cônjuge'),
(43, 'Ângelo Vieira', 'Outro', '1992-05-14', 'Cônjuge'),
(43, 'Tiago Neves', 'Feminino', '2007-06-03', 'Filho(a)'),
(44, 'Vicente Pacheco', 'Masculino', '2012-07-29', 'Cônjuge'),
(44, 'Vitória Faria', 'Outro', '1976-07-21', 'Enteado(a)'),
(46, 'Eva Pinho', 'Masculino', '1955-02-03', 'Cônjuge'),
(46, 'Irina de Nunes', 'Masculino', '2022-05-02', 'Filho(a)'),
(46, 'Melissa Marques', 'Outro', '1976-10-21', 'Cônjuge'),
(47, 'Gustavo do Mota', 'Outro', '1972-11-16', 'Filho(a)'),
(47, 'Erika Campos', 'Outro', '2008-10-24', 'Enteado(a)'),
(48, 'Vitória Gonçalves', 'Masculino', '1950-10-03', 'Cônjuge'),
(49, 'Joaquim Figueiredo-Gonçalves', 'Masculino', '1976-08-23', 'Enteado(a)'),
(49, 'Leandro Anjos', 'Masculino', '1999-09-19', 'Filho(a)');

-- Dados para Faltas
INSERT INTO Faltas (ID_Fun, Data, Justificacao) VALUES
(1, '2025-04-30', 'Consulta médica'),
(2, '2022-11-25', NULL),
(2, '2023-07-01', 'Assuntos pessoais urgentes'),
(2, '2024-01-14', 'Consulta médica'),
(3, '2024-11-26', 'Consulta médica'),
(3, '2024-07-23', 'Procedimentos legais/burocráticos'),
(3, '2025-07-10', 'Consulta médica'),
(3, '2023-09-07', 'Assuntos pessoais urgentes'),
(4, '2025-07-11', 'Procedimentos legais/burocráticos'),
(5, '2025-11-02', NULL),
(5, '2023-02-21', 'Doença súbita'),
(5, '2025-04-02', NULL),
(5, '2023-08-28', 'Doença súbita'),
(5, '2025-03-04', NULL),
(7, '2024-04-08', 'Procedimentos legais/burocráticos'),
(8, '2025-11-05', 'Avaria de transporte'),
(9, '2023-08-17', NULL),
(10, '2022-12-05', 'Avaria de transporte'),
(10, '2023-10-25', 'Avaria de transporte'),
(11, '2023-05-26', NULL),
(11, '2025-01-05', 'Procedimentos legais/burocráticos'),
(11, '2025-10-21', 'Avaria de transporte'),
(12, '2023-04-20', 'Apoio à família'),
(12, '2023-09-16', 'Assuntos pessoais urgentes'),
(12, '2023-05-02', NULL),
(13, '2025-05-05', 'Avaria de transporte'),
(13, '2023-06-07', 'Apoio à família'),
(14, '2025-01-30', 'Procedimentos legais/burocráticos'),
(14, '2024-07-09', 'Consulta médica'),
(15, '2022-11-25', 'Apoio à família'),
(15, '2025-07-05', 'Consulta médica'),
(15, '2023-11-03', 'Assuntos pessoais urgentes'),
(15, '2024-11-25', NULL),
(16, '2024-09-26', 'Procedimentos legais/burocráticos'),
(17, '2023-09-14', 'Procedimentos legais/burocráticos'),
(17, '2025-08-25', NULL),
(17, '2023-09-29', 'Consulta médica'),
(18, '2024-05-02', 'Assuntos pessoais urgentes'),
(18, '2025-10-24', NULL),
(18, '2023-01-23', 'Apoio à família'),
(19, '2023-12-02', 'Avaria de transporte'),
(20, '2025-02-16', 'Doença súbita'),
(20, '2023-03-16', 'Doença súbita'),
(23, '2025-03-14', NULL),
(23, '2022-11-07', 'Procedimentos legais/burocráticos'),
(25, '2025-07-21', NULL),
(25, '2024-08-09', 'Avaria de transporte'),
(26, '2023-07-24', 'Assuntos pessoais urgentes'),
(26, '2024-12-14', NULL),
(26, '2024-09-15', 'Assuntos pessoais urgentes'),
(26, '2025-04-11', 'Apoio à família'),
(27, '2023-05-10', 'Avaria de transporte'),
(27, '2024-05-10', NULL),
(27, '2025-07-08', 'Assuntos pessoais urgentes'),
(29, '2025-07-28', 'Apoio à família'),
(29, '2023-06-12', 'Consulta médica'),
(29, '2025-05-31', 'Procedimentos legais/burocráticos'),
(30, '2024-07-16', NULL),
(30, '2024-09-06', NULL),
(32, '2024-09-25', NULL),
(32, '2022-12-30', 'Avaria de transporte'),
(33, '2023-11-22', 'Apoio à família'),
(33, '2024-04-21', NULL),
(33, '2023-08-14', 'Consulta médica'),
(33, '2025-05-15', 'Apoio à família'),
(33, '2025-07-07', 'Assuntos pessoais urgentes'),
(34, '2025-10-21', 'Procedimentos legais/burocráticos'),
(34, '2023-11-13', NULL),
(35, '2023-01-05', NULL),
(35, '2024-06-23', 'Doença súbita'),
(35, '2023-09-16', 'Consulta médica'),
(35, '2023-01-06', NULL),
(36, '2023-10-08', 'Doença súbita'),
(36, '2023-02-12', 'Avaria de transporte'),
(36, '2023-05-12', 'Avaria de transporte'),
(36, '2025-11-05', 'Assuntos pessoais urgentes'),
(37, '2024-05-05', 'Consulta médica'),
(37, '2023-10-06', 'Consulta médica'),
(37, '2023-01-18', 'Procedimentos legais/burocráticos'),
(38, '2025-01-28', 'Doença súbita'),
(39, '2025-07-07', NULL),
(39, '2024-05-07', 'Avaria de transporte'),
(39, '2023-11-29', 'Doença súbita'),
(40, '2023-07-23', 'Apoio à família'),
(40, '2025-06-20', NULL),
(41, '2025-09-29', NULL),
(41, '2025-02-18', NULL),
(43, '2025-05-14', NULL),
(44, '2023-02-27', 'Avaria de transporte'),
(45, '2025-01-15', 'Avaria de transporte'),
(45, '2025-07-24', 'Procedimentos legais/burocráticos'),
(45, '2022-12-08', 'Procedimentos legais/burocráticos'),
(46, '2025-05-20', NULL),
(46, '2023-10-02', NULL),
(46, '2025-06-20', 'Assuntos pessoais urgentes'),
(47, '2024-09-25', 'Doença súbita'),
(47, '2024-10-23', 'Avaria de transporte'),
(47, '2025-03-25', 'Apoio à família'),
(47, '2025-09-23', NULL),
(48, '2024-01-26', 'Doença súbita'),
(50, '2023-04-27', NULL),
(50, '2025-01-20', 'Consulta médica');

-- Dados para Historico_empresas
INSERT INTO Historico_empresas (ID_Fun, Nome_empresa, Cargo, Data_inicio, Data_fim) VALUES
(1, 'bd054', 'Operador de máquinas a vapor e caldeiras', '2025-06-14', NULL),
(1, 'Fernandes S.A.', 'Trabalhador de corte a oxigas', '2020-08-24', '2024-07-01'),
(3, 'bd054', 'Forjador e ferreiro', '2021-11-02', '2024-12-28'),
(6, 'bd054', 'Diretor dos serviços de cuidados de crianças', '2022-12-06', NULL),
(7, 'bd054', 'Intérprete e outros linguistas', '2021-06-13', '2024-11-20'),
(8, 'bd054', 'Operador de instalações e máquinas,', '2022-12-10', '2025-07-14'),
(8, 'Moura', 'Técnico de sistemas de comunicações via rádio', '2020-12-04', '2022-04-25'),
(8, 'Mendes e Filhos', 'Montador de tubagens', '2017-05-02', '2020-10-11'),
(9, 'bd054', 'Empregado de biblioteca', '2022-06-29', '2025-06-11'),
(9, 'Pinho', 'Regulador e operador de máquinas ferramentas convencionais para trabalhar metais', '2019-07-19', '2022-04-17'),
(9, 'Amaral Pinheiro S/A', 'Empregado de banca nos casinos e outros empregados de apostas', '2016-02-08', '2018-09-19'),
(10, 'bd054', 'Operador de instalações e máquinas,', '2021-10-19', NULL),
(10, 'Mendes', 'Diretor geral e gestor executivo, de empresas', '2019-12-22', '2021-06-18'),
(10, 'Andrade S.A.', 'Operador de instalações de fornos de segunda fusão, vazadores e laminadores de metais.', '2014-06-22', '2019-06-16'),
(11, 'bd054', 'Diretor geral e gestor executivo, de empresas', '2023-05-06', NULL),
(12, 'bd054', 'Motorista de veículos pesados de mercadorias', '2021-08-30', '2025-03-19'),
(12, 'Assunção Silva Lda.', 'Operador de fundição', '2018-06-09', '2020-11-14'),
(13, 'bd054', 'Tradutor', '2025-05-15', NULL),
(14, 'bd054', 'Calceteiro', '2021-08-29', '2025-01-24'),
(14, 'Sousa e Filhos', 'Técnico de apoio aos utilizadores das TIC', '2018-02-14', '2021-06-08'),
(14, 'Borges Antunes S/A', 'Operador de máquinas de produção e refinação de açúcar', '2014-01-11', '2017-10-31'),
(15, 'bd054', 'Coveiro', '2019-12-23', '2024-03-23'),
(15, 'Araújo', 'Pedreiro', '2016-11-03', '2019-08-22'),
(15, 'Pacheco Torres e Filhos', 'Ministro de culto', '2012-10-29', '2016-05-23'),
(16, 'bd054', 'Mineiro', '2023-10-15', NULL),
(17, 'bd054', 'Instalador de sistemas solares térmicos', '2021-02-03', NULL),
(18, 'bd054', 'Piloto de aeronaves', '2021-05-04', NULL),
(19, 'bd054', 'Artesão de artigos em madeira', '2022-02-05', '2025-03-27'),
(19, 'Faria Mendes S.A.', 'Secretário administrativo e executivo', '2017-05-05', '2021-12-25'),
(20, 'bd054', 'Encarregados das indústrias da transformação de minerais não metálicos', '2022-05-20', NULL),
(20, 'Cruz', 'Designer de têxteis e moda', '2019-03-12', '2021-05-30'),
(21, 'bd054', 'Operador de máquinas para o fabrico de produtos de papel', '2022-08-03', NULL),
(21, 'Moreira Pinho S/A', 'Técnico da Web', '2020-05-01', '2022-05-27'),
(21, 'Branco', 'Especialista em métodos de ensino', '2016-02-25', '2019-11-07'),
(22, 'bd054', 'Ciclista profissional', '2020-10-14', '2024-01-21'),
(22, 'Baptista Martins e Filhos', 'Corretor de bolsa, cambista', '2017-07-07', '2020-08-31'),
(22, 'Nunes', 'Encarregado de limpeza e de trabalhos domésticos em escritórios, hotéis e outros', '2013-07-20', '2016-09-13'),
(23, 'bd054', 'Vendedor ao domicílio', '2022-02-21', '2024-09-27'),
(23, 'Pinto', 'Pintor à pistola de superfícies', '2016-10-12', '2021-09-25'),
(24, 'bd054', 'Preparador e conservador de peixe', '2022-05-29', '2025-06-06'),
(25, 'bd054', 'Trabalhador do tratamento da madeira', '2019-11-30', '2024-09-13'),
(25, 'Morais', 'Técnico de nível intermédio de apoio social', '2016-03-09', '2019-04-26'),
(27, 'bd054', 'Trabalhador de costura', '2022-12-13', '2025-03-21'),
(27, 'Tavares Abreu Lda.', 'Estofador', '2018-10-27', '2022-02-02'),
(27, 'Campos', 'Operador de instalações de trefilagem e estiragem', '2014-08-21', '2018-03-18'),
(28, 'bd054', 'Trabalhador qualificado da jardinagem', '2023-08-20', NULL),
(28, 'Machado Lda.', 'Avicultor e trabalhador qualificado da avicultura', '2021-04-13', '2022-11-16'),
(28, 'Neto e Filhos', 'Outro pessoal de apoio de tipo administrativo, n.e.', '2019-08-19', '2020-11-10'),
(29, 'bd054', 'Enfermeiro especialista em enfermagem médico cirúrgica', '2024-06-09', NULL),
(29, 'Cardoso', 'Técnico dos serviços de saúde comun', '2022-03-11', '2023-10-25'),
(32, 'bd054', 'Correeiro', '2022-07-16', '2025-07-14'),
(32, 'Branco', 'Condutor de veículos de tração animal', '2019-12-16', '2021-09-09'),
(32, 'Amaral', 'Embalador manual da indústria transformadora', '2016-02-21', '2019-06-16'),
(33, 'bd054', 'Técnico de operação de instalações de produção de energia', '2021-01-08', '2024-06-22'),
(33, 'Loureiro S/A', 'Pessoal de companhia e ajudantes de quarto', '2015-09-06', '2020-04-05'),
(34, 'bd054', 'Diretor de compras', '2021-05-05', '2025-01-31'),
(34, 'Miranda S/A', 'Polidor e acabador de artigos de vidro', '2015-11-18', '2020-08-26'),
(37, 'bd054', 'Operador de contabilidade e escrituração comercial', '2022-06-23', '2024-12-14'),
(37, 'Rocha S.A.', 'Terapeuta e assistente dentário', '2020-06-25', '2022-04-17'),
(38, 'bd054', 'Analista de sistemas', '2022-07-01', NULL),
(38, 'Silva', 'Lavador de janelas', '2017-10-12', '2021-07-12'),
(39, 'bd054', 'Trabalhador do fabrico de produtos lácteos', '2025-10-03', NULL),
(40, 'bd054', 'Trabalhador não qualificado das pedreiras', '2020-07-19', '2024-12-19'),
(40, 'Almeida', 'Músico', '2018-05-13', '2019-12-10'),
(41, 'bd054', 'Montador de alvenarias e de pré', '2021-01-17', NULL),
(41, 'Neves Baptista e Filhos', 'Tradutor', '2018-02-19', '2020-07-07'),
(42, 'bd054', 'Fotógrafo', '2019-11-02', '2024-05-28'),
(42, 'Tavares', 'Assistente de médicos', '2017-11-22', '2019-02-16'),
(42, 'Pereira Pacheco Lda.', 'Consultor de atividades das pescas', '2014-09-08', '2017-03-05'),
(43, 'bd054', 'Lavadeiro e engomador de roupa', '2019-06-10', '2024-04-02'),
(45, 'bd054', 'Produtor e trabalhador qualificado na produção de ovinos e caprinos', '2025-01-10', NULL),
(45, 'Tavares', 'Oficial de convés e piloto de navios', '2021-11-01', '2024-06-24'),
(45, 'Martins', 'Despachante, transitário', '2018-09-23', '2021-01-02'),
(46, 'bd054', 'Encarregado da indústria extrativa', '2021-11-30', NULL),
(46, 'Araújo', 'Parteira', '2016-05-16', '2021-03-05'),
(47, 'bd054', 'Perfurador de poços, sondador', '2021-08-30', NULL),
(48, 'bd054', 'Operador de máquinas de costura', '2022-02-24', '2025-04-24'),
(49, 'bd054', 'Filósofo', '2023-08-25', NULL),
(50, 'bd054', 'Diretor de produção florestal', '2022-12-31', '2024-03-01'),
(50, 'Martins', 'Administrador de sistemas', '2020-12-16', '2022-08-12');

-- Dados para Candidatos
INSERT INTO Candidatos (ID_cand, Nome, Email, Telemovel, CV, carta_motivacao) VALUES
(1, 'Nicole de Neves', 'coelhoangela@example.com', '(351) 910498066', NULL, NULL),
(2, 'Ariana Ferreira', 'rfonseca@example.org', '(351) 912 787 916', NULL, NULL),
(3, 'Xavier Sousa-Brito', 'afonsogomes@example.net', '(351) 926 831 311', NULL, NULL),
(4, 'Gonçalo Maia', 'jessica48@example.org', '(351) 961422103', NULL, NULL),
(5, 'Mara-Bruna Fonseca', 'benedita43@example.org', '930 686 757', NULL, NULL),
(6, 'Ivo Abreu', 'carneiroclara@example.org', '(351) 214020551', NULL, NULL),
(7, 'Erica Lopes', 'henrique61@example.net', '(351) 919087719', NULL, NULL),
(8, 'Bruna Fonseca', 'veraanjos@example.org', '(351) 256230403', NULL, NULL),
(9, 'Helena Anjos', 'qnascimento@example.org', '(351) 934547943', NULL, NULL),
(10, 'Larissa do Esteves', 'rribeiro@example.org', '273 832 892', NULL, NULL),
(11, 'Alice Faria', 'jessicamatias@example.com', '266 019 076', NULL, NULL),
(12, 'Mateus da Jesus', 'vicenteraquel@example.com', '+351933190841', NULL, NULL),
(13, 'Rafael Castro', 'zmarques@example.com', '(351) 933 593 465', NULL, NULL),
(14, 'Jaime Campos', 'batistaluis@example.net', '939 768 516', NULL, NULL),
(15, 'Violeta Moreira', 'goncaloamaral@example.org', '+351930931322', NULL, NULL),
(16, 'Salomé Marques', 'matias82@example.org', '(351) 967 053 619', NULL, NULL),
(17, 'Helena Neves', 'jantunes@example.com', '(351) 220608529', NULL, NULL),
(18, 'Irina do Soares', 'rodriguespilar@example.net', '(351) 968 643 434', NULL, NULL),
(19, 'Kevin Amorim', 'pilarcarvalho@example.net', '(351) 966966269', NULL, NULL),
(20, 'Eduarda Azevedo-Freitas', 'uazevedo@example.net', '926 140 494', NULL, NULL),
(21, 'Carlota Silva-Martins', 'beatriznunes@example.com', '259121557', NULL, NULL),
(22, 'Naiara Guerreiro', 'martinskevim@example.com', '(351) 932 336 870', NULL, NULL),
(23, 'Daniela Nunes', 'xaviermendes@example.org', '(351) 960764868', NULL, NULL),
(24, 'Mateus Morais', 'henriquemarques@example.net', '260 909 484', NULL, NULL),
(25, 'Carolina Torres', 'tferreira@example.net', '257601961', NULL, NULL),
(26, 'Érica Correia-Pacheco', 'marquesbeatriz@example.com', '913810326', NULL, NULL),
(27, 'Hugo Domingues', 'freitasluna@example.com', '240 579 642', NULL, NULL),
(28, 'Débora Jesus', 'qsoares@example.net', '(351) 912 571 920', NULL, NULL),
(29, 'Renato de Andrade', 'figueiredogabriela@example.com', '(351) 928 759 912', NULL, NULL),
(30, 'António Miranda', 'maramonteiro@example.org', '(351) 241 019 344', NULL, NULL),
(31, 'Débora de Gonçalves', 'lara63@example.net', '(351) 271676754', NULL, NULL),
(32, 'José Morais', 'matiasluis@example.com', '(351) 926614052', NULL, NULL),
(33, 'Bárbara Pinheiro', 'rbrito@example.com', '+351912591414', NULL, NULL),
(34, 'Marco Maia', 'gabriela20@example.com', '+351913403244', NULL, NULL),
(35, 'Rita Branco', 'figueiredomia@example.com', '(351) 921130685', NULL, NULL),
(36, 'Bruno Freitas', 'qbrito@example.org', '919 242 262', NULL, NULL),
(37, 'Ariana Matos', 'iara27@example.org', '(351) 924 486 992', NULL, NULL),
(38, 'Rafaela Amaral', 'matilde55@example.com', '923 903 726', NULL, NULL),
(39, 'Bárbara Barros', 'moraisjaime@example.org', '(351) 241403444', NULL, NULL),
(40, 'Madalena Barbosa', 'castrokevin@example.org', '965460280', NULL, NULL);

-- Dados para Vagas
INSERT INTO Vagas (ID_vaga, Data_abertura, Estado, ID_depart) VALUES
(1, '2024-06-14', 'Fechada', 1),
(2, '2024-09-23', 'Aberta', 6),
(3, '2025-08-17', 'Fechada', 5),
(4, '2024-12-14', 'Fechada', 2),
(5, '2025-10-04', 'Aberta', 6),
(6, '2024-12-19', 'Fechada', 4),
(7, '2025-09-15', 'Fechada', 4),
(8, '2024-06-04', 'Fechada', 6),
(9, '2025-01-29', 'Fechada', 5),
(10, '2024-10-27', 'Fechada', 3);

-- Dados para Candidato_a
INSERT INTO Candidato_a (ID_cand, ID_Vaga, Data_cand, Estado, ID_recrutador) VALUES
(1, 9, '2025-02-26', 'Submetido', 8),
(2, 2, '2025-02-08', 'Entrevista', 22),
(2, 8, '2025-10-17', 'Em análise', 49),
(2, 6, '2025-04-12', 'Submetido', 8),
(3, 2, '2025-02-02', 'Entrevista', 22),
(3, 3, '2025-08-22', 'Rejeitado', 38),
(3, 5, '2025-10-13', 'Em análise', 8),
(5, 6, '2025-02-05', 'Submetido', 8),
(6, 6, '2025-01-18', 'Rejeitado', 8),
(9, 1, '2024-08-16', 'Em análise', 22),
(9, 7, '2025-09-23', 'Contratado', 38),
(9, 5, '2025-10-21', 'Contratado', 22),
(10, 2, '2024-10-17', 'Rejeitado', 38),
(10, 7, '2025-10-24', 'Contratado', 49),
(10, 4, '2025-03-27', 'Submetido', 49),
(11, 9, '2025-08-30', 'Rejeitado', 49),
(11, 4, '2025-04-21', 'Em análise', 38),
(11, 6, '2025-05-10', 'Entrevista', 22),
(13, 1, '2025-08-25', 'Rejeitado', 22),
(13, 8, '2025-06-22', 'Em análise', 22),
(13, 10, '2025-09-03', 'Submetido', 22),
(14, 8, '2024-07-04', 'Rejeitado', 8),
(14, 4, '2025-07-09', 'Contratado', 49),
(18, 8, '2024-06-21', 'Rejeitado', 38),
(18, 4, '2025-08-31', 'Rejeitado', 49),
(18, 5, '2025-10-19', 'Contratado', 22),
(19, 4, '2025-01-14', 'Submetido', 8),
(19, 2, '2025-05-25', 'Rejeitado', 38),
(20, 3, '2025-10-05', 'Rejeitado', 42),
(21, 4, '2025-04-13', 'Rejeitado', 22),
(21, 2, '2025-05-15', 'Entrevista', 38),
(22, 10, '2025-02-06', 'Rejeitado', 38),
(22, 8, '2025-01-01', 'Rejeitado', 22),
(22, 2, '2025-10-09', 'Submetido', 22),
(23, 2, '2024-12-29', 'Contratado', 8),
(23, 7, '2025-09-15', 'Rejeitado', 49),
(24, 9, '2025-05-28', 'Rejeitado', 22),
(24, 8, '2024-08-06', 'Rejeitado', 49),
(24, 1, '2025-07-24', 'Rejeitado', 22),
(25, 2, '2025-03-05', 'Rejeitado', 42),
(25, 9, '2025-06-10', 'Em análise', 49),
(26, 7, '2025-09-15', 'Contratado', 38),
(27, 9, '2025-05-18', 'Em análise', 42),
(29, 2, '2025-07-20', 'Rejeitado', 38),
(29, 1, '2024-12-07', 'Em análise', 49),
(29, 3, '2025-10-05', 'Contratado', 22),
(31, 10, '2025-09-08', 'Rejeitado', 49),
(31, 1, '2024-09-30', 'Entrevista', 49),
(31, 4, '2024-12-26', 'Rejeitado', 38),
(32, 1, '2025-07-04', 'Rejeitado', 38),
(32, 3, '2025-09-30', 'Rejeitado', 22),
(32, 6, '2025-05-17', 'Submetido', 38),
(33, 9, '2025-02-22', 'Rejeitado', 38),
(33, 6, '2025-05-21', 'Em análise', 22),
(33, 2, '2024-11-18', 'Contratado', 38),
(34, 2, '2025-10-12', 'Em análise', 42),
(34, 7, '2025-10-16', 'Entrevista', 22),
(35, 8, '2025-10-26', 'Rejeitado', 38),
(36, 4, '2025-08-12', 'Rejeitado', 38),
(37, 9, '2025-03-30', 'Rejeitado', 38),
(38, 2, '2024-11-24', 'Em análise', 49),
(38, 10, '2025-05-10', 'Rejeitado', 42),
(39, 10, '2025-03-24', 'Rejeitado', 38),
(39, 3, '2025-10-06', 'Contratado', 49),
(39, 5, '2025-10-25', 'Submetido', 42),
(40, 3, '2025-10-22', 'Rejeitado', 49),
(40, 10, '2025-09-25', 'Contratado', 8);

-- Dados para Requisitos_vaga
INSERT INTO Requisitos_vaga (ID_vaga, Requisito) VALUES
(1, 'SQL'),
(1, 'Excel Avançado'),
(1, 'Atendimento ao Cliente'),
(2, 'Liderança'),
(2, 'Python'),
(2, 'Gestão de Projetos'),
(2, 'Excel Avançado'),
(2, 'Java'),
(3, 'Inglês Fluente'),
(3, 'Excel Avançado'),
(3, 'Contabilidade'),
(3, 'Atendimento ao Cliente'),
(4, 'Gestão de Projetos'),
(4, 'Excel Avançado'),
(5, 'Trabalho em Equipa'),
(5, 'Java'),
(6, 'Java'),
(6, 'Liderança'),
(6, 'Análise de Dados'),
(6, 'React'),
(6, 'Atendimento ao Cliente'),
(7, 'React'),
(7, 'Marketing Digital'),
(7, 'Atendimento ao Cliente'),
(7, 'Comunicação'),
(8, 'Comunicação'),
(8, 'Trabalho em Equipa'),
(8, 'Inglês Fluente'),
(8, 'Gestão de Projetos'),
(8, 'Java'),
(9, 'Liderança'),
(9, 'Gestão de Projetos'),
(9, 'Comunicação'),
(9, 'Análise de Dados'),
(9, 'Contabilidade'),
(10, 'Contabilidade'),
(10, 'Atendimento ao Cliente'),
(10, 'Inglês Fluente'),
(10, 'Marketing Digital'),
(10, 'SQL');

-- Dados para Formacoes
INSERT INTO Formacoes (ID_for, Nome_formacao, Descricao, Data_inicio, Data_fim, Estado) VALUES
(1, 'Liderança e Gestão de Equipas', 'Desenvolver competências de liderança, motivação e gestão de conflitos para chefes de equipa.', '2023-10-05', '2023-10-10', 'Concluida'),
(2, 'Cibersegurança para Colaboradores', 'Sensibilizar para as melhores práticas de segurança digital, phishing e proteção de dados.', '2024-03-15', '2024-03-16', 'Concluida'),
(3, 'Análise de Dados com Python', 'Introdução à análise de dados utilizando as bibliotecas Pandas e Matplotlib.', '2024-09-02', '2024-09-13', 'Em curso'),
(4, 'Técnicas de Negociação e Vendas', 'Aperfeiçoar técnicas de comunicação, persuasão e fecho de negócios para a equipa comercial.', '2025-02-10', '2025-02-14', 'Planeada'),
(5, 'Inteligência Emocional no Trabalho', 'Gerir emoções, melhorar o autoconhecimento e a empatia nas relações interpessoais no trabalho.', '2025-05-19', '2025-05-20', 'Planeada');

-- Dados para Teve_Formacao
INSERT INTO Teve_Formacao (ID_Fun, ID_for, Certificado, Data_inicio, Data_fim) VALUES
(1, 2, NULL, '2024-03-15', '2024-03-16'),
(5, 5, NULL, '2025-05-19', '2025-05-20'),
(6, 3, NULL, '2024-09-02', '2024-09-13'),
(6, 2, NULL, '2024-03-15', '2024-03-16'),
(8, 5, NULL, '2025-05-19', '2025-05-20'),
(8, 3, NULL, '2024-09-02', '2024-09-13'),
(9, 4, NULL, '2025-02-10', '2025-02-14'),
(10, 1, NULL, '2023-10-05', '2023-10-10'),
(12, 1, NULL, '2023-10-05', '2023-10-10'),
(12, 5, NULL, '2025-05-19', '2025-05-20'),
(15, 3, NULL, '2024-09-02', '2024-09-13'),
(15, 2, NULL, '2024-03-15', '2024-03-16'),
(19, 3, NULL, '2024-09-02', '2024-09-13'),
(21, 2, NULL, '2024-03-15', '2024-03-16'),
(21, 3, NULL, '2024-09-02', '2024-09-13'),
(23, 2, NULL, '2024-03-15', '2024-03-16'),
(23, 5, NULL, '2025-05-19', '2025-05-20'),
(26, 3, NULL, '2024-09-02', '2024-09-13'),
(27, 3, NULL, '2024-09-02', '2024-09-13'),
(27, 5, NULL, '2025-05-19', '2025-05-20'),
(28, 1, NULL, '2023-10-05', '2023-10-10'),
(28, 5, NULL, '2025-05-19', '2025-05-20'),
(29, 4, NULL, '2025-02-10', '2025-02-14'),
(29, 5, NULL, '2025-05-19', '2025-05-20'),
(30, 5, NULL, '2025-05-19', '2025-05-20'),
(34, 3, NULL, '2024-09-02', '2024-09-13'),
(34, 2, NULL, '2024-03-15', '2024-03-16'),
(36, 4, NULL, '2025-02-10', '2025-02-14'),
(36, 2, NULL, '2024-03-15', '2024-03-16'),
(37, 3, NULL, '2024-09-02', '2024-09-13'),
(38, 5, NULL, '2025-05-19', '2025-05-20'),
(39, 3, NULL, '2024-09-02', '2024-09-13'),
(41, 1, NULL, '2023-10-05', '2023-10-10'),
(41, 2, NULL, '2024-03-15', '2024-03-16'),
(43, 3, NULL, '2024-09-02', '2024-09-13'),
(43, 1, NULL, '2023-10-05', '2023-10-10'),
(46, 2, NULL, '2024-03-15', '2024-03-16'),
(48, 3, NULL, '2024-09-02', '2024-09-13'),
(48, 2, NULL, '2024-03-15', '2024-03-16'),
(49, 5, NULL, '2025-05-19', '2025-05-20'),
(50, 3, NULL, '2024-09-02', '2024-09-13');

-- Dados para Avaliacoes
INSERT INTO Avaliacoes (ID_Fun, ID_avaliador, Data, Avaliacao, Criterios, Autoavaliacao, Avaliacao_Numerica) VALUES
(22, 42, '2024-07-19', NULL, 'Qualidade da comunicação com o cliente e stakeholders internos.', 'Preciso de focar-me em ser mais conciso nas reuniões de equipa.', 4),
(48, 36, '2023-04-09', NULL, 'Qualidade técnica do trabalho entregue e atenção ao detalhe.', 'Tive alguma dificuldade em gerir o projeto Y, mas aprendi muito com o processo.', 1),
(18, 39, '2023-04-29', NULL, 'Gestão de tempo, cumprimento de prazos e organização.', NULL, 2),
(23, 49, '2025-05-30', NULL, 'Iniciativa e proatividade na sugestão de novas melhorias.', 'Preciso de focar-me em ser mais conciso nas reuniões de equipa.', 4),
(19, 13, '2024-12-16', NULL, 'Gestão de tempo, cumprimento de prazos e organização.', 'Gostaria de ter mais formação na área de análise de dados para contribuir melhor.', 2),
(35, 25, '2024-12-27', NULL, 'Desempenho nos projetos de equipa e capacidade de colaboração.', 'Completei a formação X e sinto-me mais confiante nas minhas tarefas.', 3),
(45, 35, '2023-04-18', NULL, 'Avaliação da pontualidade e assiduidade no último semestre.', NULL, 5),
(29, 40, '2023-06-05', NULL, 'Qualidade da comunicação com o cliente e stakeholders internos.', 'Tive alguma dificuldade em gerir o projeto Y, mas aprendi muito com o processo.', 5),
(41, 44, '2025-01-30', NULL, 'Desempenho nos projetos de equipa e capacidade de colaboração.', 'Consegui melhorar a minha organização e gestão de tempo, como foi discutido.', 5),
(47, 16, '2024-09-15', NULL, 'Avaliação da pontualidade e assiduidade no último semestre.', 'Preciso de focar-me em ser mais conciso nas reuniões de equipa.', 1),
(7, 30, '2023-05-08', NULL, 'Desempenho nos projetos de equipa e capacidade de colaboração.', NULL, 4),
(22, 6, '2024-03-20', NULL, 'Gestão de tempo, cumprimento de prazos e organização.', NULL, 1),
(40, 14, '2023-11-08', NULL, 'Gestão de tempo, cumprimento de prazos e organização.', NULL, 1),
(46, 41, '2025-09-14', NULL, 'Avaliação da pontualidade e assiduidade no último semestre.', 'Sinto que atingi todos os meus objetivos principais este semestre.', 4),
(32, 48, '2024-07-14', NULL, 'Desempenho nos projetos de equipa e capacidade de colaboração.', 'Preciso de focar-me em ser mais conciso nas reuniões de equipa.', 1),
(45, 14, '2023-10-16', NULL, 'Iniciativa e proatividade na sugestão de novas melhorias.', 'Tive alguma dificuldade em gerir o projeto Y, mas aprendi muito com o processo.', 1),
(30, 12, '2025-06-14', NULL, 'Qualidade da comunicação com o cliente e stakeholders internos.', 'Gostaria de ter mais formação na área de análise de dados para contribuir melhor.', 4),
(43, 25, '2023-03-03', NULL, 'Capacidade de resolução de problemas e tomada de decisão.', 'Sinto que atingi todos os meus objetivos principais este semestre.', 2),
(48, 29, '2025-07-01', NULL, 'Capacidade de resolução de problemas e tomada de decisão.', 'Consegui melhorar a minha organização e gestão de tempo, como foi discutido.', 2),
(47, 37, '2023-05-09', NULL, 'Gestão de tempo, cumprimento de prazos e organização.', NULL, 4),
(20, 26, '2023-03-23', NULL, 'Avaliação da pontualidade e assiduidade no último semestre.', 'Gostaria de ter mais formação na área de análise de dados para contribuir melhor.', 5),
(36, 29, '2024-09-10', NULL, 'Iniciativa e proatividade na sugestão de novas melhorias.', 'Preciso de focar-me em ser mais conciso nas reuniões de equipa.', 1),
(28, 36, '2024-12-16', NULL, 'Capacidade de resolução de problemas e tomada de decisão.', 'Tive alguma dificuldade em gerir o projeto Y, mas aprendi muito com o processo.', 3),
(42, 24, '2025-02-05', NULL, 'Qualidade da comunicação com o cliente e stakeholders internos.', 'Tive alguma dificuldade em gerir o projeto Y, mas aprendi muito com o processo.', 5),
(39, 41, '2025-10-20', NULL, 'Desempenho nos projetos de equipa e capacidade de colaboração.', 'Preciso de focar-me em ser mais conciso nas reuniões de equipa.', 3),
(36, 19, '2025-09-14', NULL, 'Capacidade de resolução de problemas e tomada de decisão.', 'Gostaria de ter mais formação na área de análise de dados para contribuir melhor.', 1),
(39, 26, '2023-01-11', NULL, 'Qualidade técnica do trabalho entregue e atenção ao detalhe.', NULL, 4),
(12, 49, '2024-05-28', NULL, 'Gestão de tempo, cumprimento de prazos e organização.', 'Completei a formação X e sinto-me mais confiante nas minhas tarefas.', 2),
(35, 9, '2025-02-23', NULL, 'Qualidade técnica do trabalho entregue e atenção ao detalhe.', 'Completei a formação X e sinto-me mais confiante nas minhas tarefas.', 5),
(44, 33, '2024-10-24', NULL, 'Iniciativa e proatividade na sugestão de novas melhorias.', NULL, 4),
(41, 37, '2023-09-16', NULL, 'Desempenho nos projetos de equipa e capacidade de colaboração.', 'Sinto que atingi todos os meus objetivos principais este semestre.', 1),
(18, 12, '2024-03-09', NULL, 'Desempenho nos projetos de equipa e capacidade de colaboração.', NULL, 1),
(23, 13, '2024-08-22', NULL, 'Capacidade de resolução de problemas e tomada de decisão.', NULL, 4),
(5, 18, '2024-03-15', NULL, 'Desempenho nos projetos de equipa e capacidade de colaboração.', NULL, 3),
(22, 15, '2025-10-14', NULL, 'Qualidade técnica do trabalho entregue e atenção ao detalhe.', NULL, 5),
(28, 12, '2025-03-07', NULL, 'Avaliação da pontualidade e assiduidade no último semestre.', NULL, 5),
(10, 27, '2023-05-29', NULL, 'Capacidade de resolução de problemas e tomada de decisão.', NULL, 5),
(3, 4, '2023-06-15', NULL, 'Iniciativa e proatividade na sugestão de novas melhorias.', 'Sinto que atingi todos os meus objetivos principais este semestre.', 3),
(20, 15, '2023-03-12', NULL, 'Avaliação da pontualidade e assiduidade no último semestre.', 'Gostaria de ter mais formação na área de análise de dados para contribuir melhor.', 2),
(15, 21, '2025-02-06', NULL, 'Gestão de tempo, cumprimento de prazos e organização.', 'Sinto que atingi todos os meus objetivos principais este semestre.', 5);

-- Dados para Utilizadores
INSERT INTO Utilizadores (ID_Fun, Password) VALUES
(1, 'VZeQFFgb2484'),
(2, '997GeJuUO5Ei'),
(3, '6SSAZXym53uq'),
(4, '7kDZ8prYcjSR'),
(5, '8906zorDOEMf'),
(6, 'zmBmNCsuH21k'),
(7, '0EIc9zLACJ72'),
(8, '9ePBrntCkOUR'),
(9, '8ZcAFc9WMEsV'),
(10, 'O2IEVooqzf4S'),
(11, 'QtMcgdDK4whh'),
(12, 'a8ey5kSbnoOQ'),
(13, '3HnYRjU6KERN'),
(14, '9V1FFTcrEBxX'),
(15, '4UBLafS33uZH'),
(16, '9FYjtTklafJv'),
(17, 'c6DdPdKhYdMB'),
(18, 'i5Vdi8157Y8C'),
(19, 'aCNHEvij42vp'),
(20, '7mJ9HnkDXHbW'),
(21, 'cB20UpNo7lHD'),
(22, '8Fyqlezd72JH'),
(23, 'dF5p8RCB6HNb'),
(24, '1zxzu8kSi6Iv'),
(25, 'CDljpGpez7OU'),
(26, 'g79Yv70xVATH'),
(27, 'WBIuUuFhV5uc'),
(28, 'DZK3Uhe99Dwv'),
(29, 't3laXlGb9eca'),
(30, 'YBt4uMZd6OLo'),
(31, 'ntRUfsoSk3mU'),
(32, 'gN68wpdb8j3Y'),
(33, 'B0OkLEmPxQq4'),
(34, '4k6LOYgL8pBl'),
(35, 'd7BmenOdbyZL'),
(36, 'n8qmZXIRhp2F'),
(37, 'K7YPzhudvZ3Q'),
(38, 'pT6VfzeI9N7K'),
(39, 'Hdn4X8NdbP5J'),
(40, 'q0JxtzDwvu8f'),
(41, 'xgMOq9S4P1Ym'),
(42, 'CirXoImjK61k'),
(43, 'LNgnmkJv7B9A'),
(44, 't06CKMvm9Q9B'),
(45, 'VU7WEIk1E93g'),
(46, 'gD9ObMWe0tCO'),
(47, 'hZtzRZdL80Lv'),
(48, 'FI1J9tZy3PJ6'),
(49, '8C3dMdrJXwDS'),
(50, 'wMyrOT34g0Qt');

-- Dados para Permissoes
INSERT INTO Permissoes (ID_Fun, Permissao) VALUES
(1, 'Financeiro'),
(2, 'Funcionario'),
(2, 'Admin'),
(3, 'Manager'),
(4, 'Funcionario'),
(4, 'Admin'),
(4, 'Financeiro'),
(5, 'Financeiro'),
(6, 'Financeiro'),
(7, 'Manager'),
(7, 'Admin'),
(7, 'Financeiro'),
(8, 'Manager'),
(8, 'Funcionario'),
(9, 'Admin'),
(9, 'Manager'),
(10, 'Financeiro'),
(10, 'RH'),
(10, 'Funcionario'),
(11, 'Funcionario'),
(11, 'RH'),
(11, 'Financeiro'),
(12, 'RH'),
(13, 'Admin'),
(13, 'Manager'),
(14, 'Manager'),
(14, 'RH'),
(14, 'Funcionario'),
(15, 'RH'),
(15, 'Admin'),
(15, 'Financeiro'),
(16, 'Manager'),
(16, 'RH'),
(17, 'Funcionario'),
(18, 'Admin'),
(18, 'Funcionario'),
(18, 'Manager'),
(19, 'Funcionario'),
(19, 'Manager'),
(20, 'Funcionario'),
(20, 'Manager'),
(20, 'Admin'),
(21, 'Financeiro'),
(21, 'RH'),
(21, 'Manager'),
(22, 'Manager'),
(23, 'Funcionario'),
(24, 'Admin'),
(24, 'Financeiro'),
(24, 'Manager'),
(25, 'Funcionario'),
(25, 'Financeiro'),
(25, 'RH'),
(26, 'Manager'),
(26, 'RH'),
(27, 'Admin'),
(27, 'RH'),
(28, 'Admin'),
(29, 'RH'),
(29, 'Financeiro'),
(30, 'Financeiro'),
(31, 'Funcionario'),
(31, 'Financeiro'),
(32, 'Financeiro'),
(32, 'Manager'),
(33, 'Admin'),
(34, 'Manager'),
(35, 'Financeiro'),
(36, 'Admin'),
(37, 'Funcionario'),
(38, 'Funcionario'),
(38, 'Manager'),
(38, 'Admin'),
(39, 'Funcionario'),
(39, 'Financeiro'),
(39, 'Admin'),
(40, 'Financeiro'),
(40, 'Admin'),
(40, 'Manager'),
(41, 'RH'),
(42, 'Admin'),
(42, 'RH'),
(42, 'Funcionario'),
(43, 'Funcionario'),
(44, 'Manager'),
(44, 'Funcionario'),
(45, 'Funcionario'),
(45, 'Admin'),
(46, 'Admin'),
(46, 'Financeiro'),
(47, 'Funcionario'),
(48, 'Funcionario'),
(48, 'RH'),
(48, 'Financeiro'),
(49, 'Admin'),
(49, 'Funcionario'),
(50, 'Financeiro'),
(50, 'RH'),
(50, 'Funcionario');
